id,year,make,model,display_trim,bolt_pattern,source,quality_tier,created_at
012ab6f4-5b9d-477c-a7bb-24d159ef562d,2024,audi,q7,Prestige w/Black Optic,5x112,tire-guide-pro-import,unknown,"""2026-05-07T19:37:59.912Z"""
cec8d753-9a39-475d-a3d9-226303e3ca92,2024,audi,q7,Prestige w/S Line Sport Pkg,5x112,tire-guide-pro-import,unknown,"""2026-05-07T19:37:59.949Z"""
c5d0bdbf-c6cc-4eb7-8504-dbd3ec412ff0,2024,audi,q7,Premium 2.0,5x112,tire-guide-pro-import,unknown,"""2026-05-07T19:37:59.679Z"""
fe80d9a5-02ca-45d5-9b80-fe6ae13d5f7b,2024,audi,q7,Premium 3.0,5x112,tire-guide-pro-import,unknown,"""2026-05-07T19:37:59.715Z"""
b6470086-dc8d-4e7e-ae12-f35fc6cfbaaf,2024,audi,q7,Premium Plus 2.0,5x112,tire-guide-pro-import,unknown,"""2026-05-07T19:37:59.764Z"""
5bb74c6e-5697-42d0-ad8e-72740b138444,2024,audi,q7,Premium Plus 3.0,5x112,tire-guide-pro-import,unknown,"""2026-05-07T19:37:59.799Z"""
ec194c39-5b4f-43e1-823c-51f999f10842,2024,audi,q7,Premium Plus 3.0 w/Black Optic,5x112,tire-guide-pro-import,unknown,"""2026-05-07T19:37:59.836Z"""
f931d6a9-c6d4-4d7b-a9ec-5f0a453261a8,2024,audi,q7,Prestige,5x112,tire-guide-pro-import,unknown,"""2026-05-07T19:37:59.876Z"""
bdbe4520-8751-47a3-9e73-ccfd534d1155,2024,cadillac,escalade esv,Premium Luxury Platinum,6x139.7,tire-guide-pro-import,unknown,"""2026-05-07T19:37:58.231Z"""
d3578634-6a9a-4d56-8862-57fdec7a5233,2024,cadillac,escalade esv,Sport,6x139.7,tire-guide-pro-import,unknown,"""2026-05-07T19:37:58.268Z"""
f1d58617-5859-4579-9895-972f3d21cf32,2024,cadillac,escalade esv,Sport Platinum,6x139.7,tire-guide-pro-import,unknown,"""2026-05-07T19:37:58.303Z"""
dcb19701-71ca-449c-9486-d88f4745e0ac,2024,cadillac,escalade esv,V,6x139.7,tire-guide-pro-import,unknown,"""2026-05-07T19:37:58.340Z"""
f2cbb4a5-9496-474a-9fcb-49a5466b4b4a,2024,cadillac,escalade,Luxury,6x139.7,tire-guide-pro-import,unknown,"""2026-05-07T19:37:57.935Z"""
062e5ff0-1cdf-4409-8ef5-2b6b871be74e,2024,cadillac,escalade,Premium Luxury,6x139.7,tire-guide-pro-import,unknown,"""2026-05-07T19:37:57.973Z"""
4cbf2ff9-69e7-4aec-a600-7331a771a539,2024,cadillac,escalade,Premium Luxury Platinum,6x139.7,tire-guide-pro-import,unknown,"""2026-05-07T19:37:58.011Z"""
fc136e06-5b78-42bd-8274-4bddb6ea1c1e,2024,cadillac,escalade,Sport,6x139.7,tire-guide-pro-import,unknown,"""2026-05-07T19:37:58.051Z"""
2ab148fb-22c3-4f45-a75c-bf5744573e7a,2024,cadillac,escalade,Sport Platinum,6x139.7,tire-guide-pro-import,unknown,"""2026-05-07T19:37:58.087Z"""
28cc9fea-3658-4fe1-ac43-6c93fb56d558,2024,cadillac,escalade,V,6x139.7,tire-guide-pro-import,unknown,"""2026-05-07T19:37:58.123Z"""
885d5ef7-e752-4f21-9ad6-2598f9078584,2024,cadillac,escalade esv,Luxury,6x139.7,tire-guide-pro-import,unknown,"""2026-05-07T19:37:58.159Z"""
3f9dfc2e-806e-41d0-8882-768917c71b79,2024,cadillac,escalade esv,Premium Luxury,6x139.7,tire-guide-pro-import,unknown,"""2026-05-07T19:37:58.196Z"""
21f2c85a-e29c-4b4a-80ce-b45e22741f14,2022,chevrolet,silverado 2500 hd,High Country,8x180,manual-qa-fix,complete,"""2026-05-07T17:00:59.422Z"""
46287890-354c-445e-9b6a-0b8321f1d881,2022,chevrolet,silverado 2500 hd,Custom,8x180,manual-qa-fix,complete,"""2026-05-07T17:00:59.347Z"""
1f5d2342-f298-450e-8047-60337f30e5f5,2022,chevrolet,silverado 2500 hd,ZR2 Bison,8x180,manual-qa-fix,complete,"""2026-05-07T17:00:59.791Z"""
fcb376f9-bf39-454a-9be6-c681bd57f5f0,2022,chevrolet,silverado 2500 hd,ZR2,8x180,manual-qa-fix,complete,"""2026-05-07T17:00:59.716Z"""
43d562fe-84c5-4f96-99e6-9541ea42efe0,2022,chevrolet,silverado 2500 hd,WT,8x180,manual-qa-fix,complete,"""2026-05-07T17:00:59.639Z"""
00373f52-ca2c-4180-84b8-33cb5ea64db8,2022,chevrolet,silverado 2500 hd,LT,8x180,manual-qa-fix,complete,"""2026-05-07T17:00:59.494Z"""
a335ab4c-d5a3-44db-ae67-e858bc66c5bb,2022,chevrolet,silverado 2500 hd,LTZ,8x180,manual-qa-fix,complete,"""2026-05-07T17:00:59.566Z"""
9897187d-c2a9-416f-99f4-962bf2ce45b0,2023,chevrolet,silverado 2500 hd,LT,8x180,manual-qa-fix,complete,"""2026-05-07T17:00:58.970Z"""
77d8f64b-aeef-42ea-8f3c-8ea6e5319115,2023,chevrolet,silverado 2500 hd,Custom,8x180,manual-qa-fix,complete,"""2026-05-07T17:00:58.819Z"""
aaa7b72f-8a42-4b04-9163-c8d7d4a04150,2023,chevrolet,silverado 2500 hd,High Country,8x180,manual-qa-fix,complete,"""2026-05-07T17:00:58.893Z"""
3b74cb8b-9cc9-419c-ac3d-a3540401fbc7,2023,chevrolet,silverado 2500 hd,LTZ,8x180,manual-qa-fix,complete,"""2026-05-07T17:00:59.050Z"""
b992b3e0-5d8b-4693-aeb0-069ecf23ead5,2023,chevrolet,silverado 2500 hd,WT,8x180,manual-qa-fix,complete,"""2026-05-07T17:00:59.123Z"""
fac955fb-d299-49fc-9b2b-3c9103426da8,2023,chevrolet,silverado 2500 hd,ZR2,8x180,manual-qa-fix,complete,"""2026-05-07T17:00:59.198Z"""
d2176fb7-6b49-4aac-8771-6a50cb9566b8,2023,chevrolet,silverado 2500 hd,ZR2 Bison,8x180,manual-qa-fix,complete,"""2026-05-07T17:00:59.270Z"""
38ec0ba2-776e-48f6-883c-f223309f67a9,2024,chevrolet,silverado 2500 hd,High Country,8x180,manual-qa-fix,complete,"""2026-05-07T17:00:58.286Z"""
2834f1f1-6881-4517-b99b-5c6cec0f8a00,2024,chevrolet,silverado 2500 hd,ZR2 Bison,8x180,manual-qa-fix,complete,"""2026-05-07T17:00:58.728Z"""
518680d2-388e-4c26-821c-b51966d638b2,2024,chevrolet,blazer ev,RS,6x132,tire-guide-pro-import,unknown,"""2026-05-07T19:49:23.398Z"""
b3a3ffdb-5a05-437f-a467-ba6be2c2fda4,2024,chevrolet,blazer ev,PPV,6x132,tire-guide-pro-import,unknown,"""2026-05-07T19:49:23.360Z"""
62756596-f636-429d-bfcc-9c446e32a617,2024,chevrolet,blazer ev,LT,6x132,tire-guide-pro-import,unknown,"""2026-05-07T19:49:23.323Z"""
cf374ff6-e199-487c-aed1-e0ae723a73d9,2024,chevrolet,equinox ev,RS,6x120,tire-guide-pro-import,unknown,"""2026-05-07T19:49:23.286Z"""
5326525d-7719-408d-a326-304f9a8b1f73,2024,chevrolet,equinox ev,3LT,6x120,tire-guide-pro-import,unknown,"""2026-05-07T19:49:23.250Z"""
0384e1c5-fef7-46f2-9b8a-91104654e65e,2024,chevrolet,equinox ev,2LT,6x120,tire-guide-pro-import,unknown,"""2026-05-07T19:49:23.214Z"""
0ab8c0ba-368f-409f-9520-6790335eae24,2024,chevrolet,equinox ev,1LT,6x120,tire-guide-pro-import,unknown,"""2026-05-07T19:49:23.171Z"""
d3341c4e-e39e-4950-9bfb-c111cfa44015,2024,chevrolet,silverado 2500 hd,ZR2,8x180,manual-qa-fix,complete,"""2026-05-07T17:00:58.617Z"""
9f91f099-2784-460c-9b2b-8ad6bc83d5c5,2024,chevrolet,silverado 2500 hd,WT,8x180,manual-qa-fix,complete,"""2026-05-07T17:00:58.530Z"""
c0f77173-3ef4-4d8f-905f-2966bcfb62a6,2024,chevrolet,silverado 2500 hd,LTZ,8x180,manual-qa-fix,complete,"""2026-05-07T17:00:58.452Z"""
46f0e0bb-23d5-4dc8-a112-f3f07574d0d7,2024,chevrolet,silverado 2500 hd,LT,8x180,manual-qa-fix,complete,"""2026-05-07T17:00:58.367Z"""
f6402372-c9a0-4156-9bac-4d00996ca64e,2024,chevrolet,silverado 2500 hd,Custom,8x180,manual-qa-fix,complete,"""2026-05-07T17:00:58.208Z"""
82eafb97-3eaa-492c-bf79-d434492d2e84,2023,dodge,challenger,Hellcat,5x115,manual-qa-fix,complete,"""2026-05-07T16:50:50.389Z"""
eb49a6df-1b30-49f5-a1be-d49bf362ea07,2022,ford,f-150 lightning,Pro,6x135,manual-qa-fix,complete,"""2026-05-07T16:50:49.735Z"""
8e31e808-c9f6-45d4-b91b-06f620d488e5,2022,ford,f-150 lightning,Lariat,6x135,manual-qa-fix,complete,"""2026-05-07T16:50:49.813Z"""
1cbafffd-8d72-4446-9973-36950784bd78,2022,ford,f-150 lightning,Platinum,6x135,manual-qa-fix,complete,"""2026-05-07T16:50:49.857Z"""
12d73794-1c8c-4760-ad86-7ca8b577c61a,2022,ford,f-150 lightning,XLT,6x135,manual-qa-fix,complete,"""2026-05-07T16:50:49.775Z"""
9f311e76-20b2-4a5a-823f-3bd903e1366d,2023,ford,f-150 lightning,XLT,6x135,manual-qa-fix,complete,"""2026-05-07T16:50:49.934Z"""
d00902eb-4090-4db0-972c-732d9af205a2,2023,ford,f-150 lightning,Pro,6x135,manual-qa-fix,complete,"""2026-05-07T16:50:49.894Z"""
b8fce0ea-096e-4eaf-b1c4-4262c706157e,2023,ford,f-150 lightning,Platinum,6x135,manual-qa-fix,complete,"""2026-05-07T16:50:50.027Z"""
9e1ca6d9-5dfd-4715-94b2-ddf9402f4334,2023,ford,f-150 lightning,Lariat,6x135,manual-qa-fix,complete,"""2026-05-07T16:50:49.988Z"""
a2ad761e-848d-47f6-967f-8a0abc1c5d3f,2024,ford,f-150 lightning,Pro,6x135,manual-qa-fix,complete,"""2026-05-07T16:50:50.073Z"""
7835135b-9cdd-445c-afbc-3692b472ab70,2024,ford,f-150 lightning,XLT,6x135,tire-guide-pro-import,unknown,"""2026-05-07T19:37:58.535Z"""
fad962fc-3c49-44ab-a983-3a44d9c2b67b,2024,ford,f-150 lightning,Pro,6x135,tire-guide-pro-import,unknown,"""2026-05-07T19:37:58.499Z"""
1ea70375-c57c-4bb9-bdcc-375f68017078,2024,ford,f-150 lightning,Platinum,6x135,tire-guide-pro-import,unknown,"""2026-05-07T19:37:58.463Z"""
199943d3-cced-4f3e-90c6-f99b05e2a187,2024,ford,f-150 lightning,Lariat,6x135,tire-guide-pro-import,unknown,"""2026-05-07T19:37:58.412Z"""
14dcef76-2a78-4ebd-a9e7-289dbe71c195,2024,ford,f-150 lightning,Flash,6x135,tire-guide-pro-import,unknown,"""2026-05-07T19:37:58.375Z"""
0dd85d4c-1667-4589-8181-ed56f71eebb2,2024,ford,f-150 lightning,Platinum,6x135,manual-qa-fix,complete,"""2026-05-07T16:50:50.228Z"""
9091cbec-2fb2-4f2b-9ad1-ee3bd0e6c2cd,2024,ford,f-150 lightning,Lariat,6x135,manual-qa-fix,complete,"""2026-05-07T16:50:50.176Z"""
79da7061-2f55-43e2-abfb-bd1f6af3f6cb,2024,ford,f-150 lightning,XLT,6x135,manual-qa-fix,complete,"""2026-05-07T16:50:50.127Z"""
02b698d3-59a3-4342-99d0-b3f9d9a270c1,2024,hyundai,ioniq 6,SE (AWD),5x114.3,tire-guide-pro-import,unknown,"""2026-05-07T19:49:23.470Z"""
b2de4933-fbe5-409c-bd5b-7cdc745ccdad,2024,hyundai,ioniq 6,Limited,5x114.3,tire-guide-pro-import,unknown,"""2026-05-07T19:49:23.434Z"""
baa250bd-2eba-4464-b3b9-b375fb21d144,2024,hyundai,ioniq 6,SEL,5x114.3,tire-guide-pro-import,unknown,"""2026-05-07T19:49:23.545Z"""
f517f3ad-f463-4c3d-bc38-d8ba7a3cbc89,2024,hyundai,ioniq 6,SE (RWD),5x114.3,tire-guide-pro-import,unknown,"""2026-05-07T19:49:23.506Z"""
870fbf38-bc27-427d-995f-16a27d8e8b06,2021,jeep,wrangler,Unlimited Rubicon w/Xtreme Recon,5x127,tire-guide-pro-import,unknown,"""2026-05-07T19:37:57.516Z"""
3e4df994-7fd5-41d7-8f65-815508fbdbdb,2021,jeep,wrangler,80th Anniversary Edition,5x127,tire-guide-pro-import,unknown,"""2026-05-07T19:37:56.744Z"""
f9cad41a-40d4-4c3b-a983-0918142b6bd4,2021,jeep,wrangler,Freedom,5x127,tire-guide-pro-import,unknown,"""2026-05-07T19:37:56.783Z"""
5e76c0bd-4bfa-4da3-9937-da28d710aced,2021,jeep,wrangler,Islander,5x127,tire-guide-pro-import,unknown,"""2026-05-07T19:37:56.827Z"""
7f83df74-e133-4c41-b4d2-af537aaa44a8,2021,jeep,wrangler,Rubicon,5x127,tire-guide-pro-import,unknown,"""2026-05-07T19:37:56.872Z"""
2807786c-e2da-47cc-8f5d-d9b47b46dc1a,2021,jeep,wrangler,Sport I4,5x127,tire-guide-pro-import,unknown,"""2026-05-07T19:37:56.915Z"""
7c0ef5ce-9c6b-4620-bdb1-f99a6d648622,2021,jeep,wrangler,Sport S I4,5x127,tire-guide-pro-import,unknown,"""2026-05-07T19:37:56.974Z"""
8673c998-a066-4f45-b515-37fa9cc2f7b2,2021,jeep,wrangler,Sport S V6,5x127,tire-guide-pro-import,unknown,"""2026-05-07T19:37:57.025Z"""
adfb1166-d616-49f9-9dc3-45e809671988,2021,jeep,wrangler,Sport V6,5x127,tire-guide-pro-import,unknown,"""2026-05-07T19:37:57.141Z"""
47651c30-a9e8-439f-83eb-3743d0f365ea,2021,jeep,wrangler,Unlimited 80th Anniversary Edition,5x127,tire-guide-pro-import,unknown,"""2026-05-07T19:37:57.183Z"""
f2e34a87-d7ec-4c28-b34a-8226b5f9affe,2021,jeep,wrangler,Unlimited Freedom,5x127,tire-guide-pro-import,unknown,"""2026-05-07T19:37:57.223Z"""
0e07f432-5503-473f-b0a3-51e922ebc149,2021,jeep,wrangler,Unlimited High Altitude,5x127,tire-guide-pro-import,unknown,"""2026-05-07T19:37:57.259Z"""
ed1ff2d9-747d-4637-9289-f9b9cceaf7f2,2021,jeep,wrangler,Unlimited High Altitude 4xe,5x127,tire-guide-pro-import,unknown,"""2026-05-07T19:37:57.297Z"""
8c9e1bfd-c8ad-44c6-bad2-d5e42761f29e,2021,jeep,wrangler,Unlimited Islander,5x127,tire-guide-pro-import,unknown,"""2026-05-07T19:37:57.334Z"""
66a6ab0d-e69e-4b3f-8d0b-b0af5f322672,2021,jeep,wrangler,Unlimited Rubicon,5x127,tire-guide-pro-import,unknown,"""2026-05-07T19:37:57.371Z"""
c873762c-e0ab-41d6-a41a-57a62984af95,2021,jeep,wrangler,Unlimited Rubicon 392,5x127,tire-guide-pro-import,unknown,"""2026-05-07T19:37:57.407Z"""
a5e7ff28-fecb-48c9-a249-f5db7cd50071,2021,jeep,wrangler,Unlimited Rubicon 392 w/Xtreme Recon,5x127,tire-guide-pro-import,unknown,"""2026-05-07T19:37:57.443Z"""
fc73e78e-3828-4dc0-a493-cf911bd1d29c,2021,jeep,wrangler,Unlimited Rubicon 4xe,5x127,tire-guide-pro-import,unknown,"""2026-05-07T19:37:57.479Z"""
06e130e9-4f4c-449d-9b5f-c7d7881c63c5,2022,jeep,wrangler,Sport V6,5x127,tire-guide-pro-import,unknown,"""2026-05-07T19:37:56.011Z"""
4e4952f4-f043-4f59-9ea2-d4cf40440c0c,2022,jeep,wrangler,Unlimited Rubicon 392,5x127,tire-guide-pro-import,unknown,"""2026-05-07T19:37:56.196Z"""
f409ce1a-e7fd-4e66-95cd-b8842de29dc0,2022,jeep,wrangler,Unlimited Rubicon,5x127,tire-guide-pro-import,unknown,"""2026-05-07T19:37:56.159Z"""
9fc7e3a9-9922-43d4-bb12-f7975ae5498c,2022,jeep,wrangler,Unlimited High Tide,5x127,tire-guide-pro-import,unknown,"""2026-05-07T19:37:56.121Z"""
9f7a8735-d8ef-47e8-92f1-533b82bf9402,2022,jeep,wrangler,Unlimited High Altitude 4xe,5x127,tire-guide-pro-import,unknown,"""2026-05-07T19:37:56.082Z"""
a1f59972-32bb-4873-8ca6-5599cf7f30c1,2022,jeep,wrangler,Unlimited High Altitude,5x127,tire-guide-pro-import,unknown,"""2026-05-07T19:37:56.047Z"""
6bf4aba8-9ff5-4780-bba8-fea33d66ad42,2022,jeep,wrangler,Rubicon,5x127,tire-guide-pro-import,unknown,"""2026-05-07T19:37:55.868Z"""
fde4b769-65d8-4b4f-9929-4ad9d077e59d,2022,jeep,wrangler,Sport I4,5x127,tire-guide-pro-import,unknown,"""2026-05-07T19:37:55.903Z"""
963686d2-a861-4124-909d-4b5350bec969,2022,jeep,wrangler,Sport S I4,5x127,tire-guide-pro-import,unknown,"""2026-05-07T19:37:55.939Z"""
07a68463-c9a9-400c-95c1-dbebc83dfc9d,2022,jeep,wrangler,Sport S V6,5x127,tire-guide-pro-import,unknown,"""2026-05-07T19:37:55.976Z"""
411a955d-91f7-4b28-8086-52ecc24475cf,2022,jeep,wrangler,Willys Sport,5x127,tire-guide-pro-import,unknown,"""2026-05-07T19:37:56.707Z"""
b1b66093-877f-485e-be05-770ef0117a6b,2022,jeep,wrangler,Willys,5x127,tire-guide-pro-import,unknown,"""2026-05-07T19:37:56.668Z"""
793622fa-5624-4c71-a173-6064dab3acf7,2022,jeep,wrangler,Unlimited Willys Sport,5x127,tire-guide-pro-import,unknown,"""2026-05-07T19:37:56.629Z"""
9b0a982a-d917-46d1-acfe-b521a2d5d63d,2022,jeep,wrangler,Unlimited Willys,5x127,tire-guide-pro-import,unknown,"""2026-05-07T19:37:56.589Z"""
ccc34aae-8a89-4a7b-ac3a-7fa890cca4b7,2022,jeep,wrangler,Unlimited Sport S V6,5x127,tire-guide-pro-import,unknown,"""2026-05-07T19:37:56.549Z"""
07a7c434-836c-40fd-ae87-58a2fc05a366,2022,jeep,wrangler,Unlimited Sport S I4,5x127,tire-guide-pro-import,unknown,"""2026-05-07T19:37:56.509Z"""
8474d3dd-1b7c-48ca-b824-bf97fcaac759,2022,jeep,wrangler,Unlimited Sport I4,5x127,tire-guide-pro-import,unknown,"""2026-05-07T19:37:56.471Z"""
0a39fc99-86a7-4c1d-bad2-dbb7a2000440,2022,jeep,wrangler,Unlimited Sport Altitude,5x127,tire-guide-pro-import,unknown,"""2026-05-07T19:37:56.433Z"""
93a3a2ec-6647-490d-9d21-d61ad27a94ee,2022,jeep,wrangler,Unlimited Sahara Altitude,5x127,tire-guide-pro-import,unknown,"""2026-05-07T19:37:56.395Z"""
4a5bbc18-2d00-4824-a169-cfcd0265ad5c,2022,jeep,wrangler,Unlimited Sahara 4xe,5x127,tire-guide-pro-import,unknown,"""2026-05-07T19:37:56.357Z"""
ccaff237-4450-4c51-b711-4bd65572642b,2022,jeep,wrangler,Unlimited Sahara,5x127,tire-guide-pro-import,unknown,"""2026-05-07T19:37:56.320Z"""
caf7c1b9-1cc0-4e26-b281-5dee67617a6c,2022,jeep,wrangler,Unlimited Rubicon 4xe,5x127,tire-guide-pro-import,unknown,"""2026-05-07T19:37:56.279Z"""
fcf1ca8c-d6bb-441c-b32c-e6665d3b68c5,2022,jeep,wrangler,Unlimited Rubicon 392 w/Xtreme Recon,5x127,tire-guide-pro-import,unknown,"""2026-05-07T19:37:56.236Z"""
ee7e8158-06d9-4374-92ca-de7c952e521d,2024,jeep,gladiator,High Tide,5x127,tire-guide-pro-import,unknown,"""2026-05-07T19:37:55.487Z"""
16d6fadc-41a6-4a53-a9ff-688b3778d5d5,2024,jeep,gladiator,Mojave,5x127,tire-guide-pro-import,unknown,"""2026-05-07T19:37:55.533Z"""
783fe148-6d78-4581-97dd-aa462480a4c8,2024,jeep,gladiator,Mojave X,5x127,tire-guide-pro-import,unknown,"""2026-05-07T19:37:55.571Z"""
fe4078ab-b5bd-440b-9f64-0e89c4e2fb32,2024,jeep,gladiator,Nighthawk,5x127,tire-guide-pro-import,unknown,"""2026-05-07T19:37:55.607Z"""
14a7e877-9149-4a7f-b088-231e03f3e571,2024,jeep,gladiator,Rubicon,5x127,tire-guide-pro-import,unknown,"""2026-05-07T19:37:55.644Z"""
96a54258-3c83-4109-a654-3b0dcb9dcfa2,2024,jeep,gladiator,Rubicon X,5x127,tire-guide-pro-import,unknown,"""2026-05-07T19:37:55.680Z"""
2c16a772-6561-47c9-8ffa-a94efc272d1b,2024,jeep,gladiator,Sport,5x127,tire-guide-pro-import,unknown,"""2026-05-07T19:37:55.716Z"""
a7a5d98f-ed58-4c3a-a822-3e0c985d09bf,2024,jeep,gladiator,Sport S,5x127,tire-guide-pro-import,unknown,"""2026-05-07T19:37:55.752Z"""
459df799-8b32-4529-8b87-9b0be157c196,2024,jeep,gladiator,Texas Trail,5x127,tire-guide-pro-import,unknown,"""2026-05-07T19:37:55.791Z"""
63065a62-2b90-4c4c-a4e4-ab633814c28e,2024,jeep,gladiator,Willys,5x127,tire-guide-pro-import,unknown,"""2026-05-07T19:37:55.830Z"""
556ef8ca-0d42-47ae-b7d6-3061593ec70b,2024,kia,ev6,Light,5x114.3,tire-guide-pro-import,unknown,"""2026-05-07T19:37:59.183Z"""
407d259d-0253-4318-b864-c15eb4fa7d80,2024,kia,ev6,GT,5x114.3,tire-guide-pro-import,unknown,"""2026-05-07T19:37:59.066Z"""
65e5c37a-7250-4af6-b229-b29d03a49c64,2024,kia,ev6,GT-Line (AWD),5x114.3,tire-guide-pro-import,unknown,"""2026-05-07T19:37:59.106Z"""
a5cf8296-f6e5-4e47-afda-e4a26b953638,2024,kia,ev6,GT-Line (RWD),5x114.3,tire-guide-pro-import,unknown,"""2026-05-07T19:37:59.146Z"""
1cb52096-cd3d-417f-a1e9-65f7ddd3e3e0,2024,kia,ev6,Wind,5x114.3,tire-guide-pro-import,unknown,"""2026-05-07T19:37:59.222Z"""
9fddfedb-d64e-4113-b60b-9fb59ad42ad7,2024,land rover,range rover sport,Autobiography,5x120,tire-guide-pro-import,unknown,"""2026-05-07T19:49:22.739Z"""
e7900fd9-fad6-4054-b345-ec781325035a,2024,land rover,range rover,SE,5x120,tire-guide-pro-import,unknown,"""2026-05-07T19:49:22.668Z"""
eda926c3-07bf-4a05-8c75-f5d30bea960e,2024,land rover,range rover,Autobiography PHEV,5x120,tire-guide-pro-import,unknown,"""2026-05-07T19:49:22.627Z"""
d6bf8bf1-bab7-4569-b492-621bf69a54ed,2024,land rover,range rover,Autobiography,5x120,tire-guide-pro-import,unknown,"""2026-05-07T19:49:22.585Z"""
351d2844-426b-4472-936b-d5e19d9a43dc,2024,land rover,range rover evoque,S w/Dynamic Handling Pkg,5x108,tire-guide-pro-import,unknown,"""2026-05-07T19:49:23.011Z"""
2baf4c5e-f7c0-4b18-a35c-40db75e6a001,2024,land rover,range rover velar,Dynamic SE,5x108,tire-guide-pro-import,unknown,"""2026-05-07T19:49:23.091Z"""
7dd095ac-f1e5-43ea-8c31-54faf0eb8772,2024,land rover,range rover velar,S,5x108,tire-guide-pro-import,unknown,"""2026-05-07T19:49:23.126Z"""
92de66e6-dcef-4cab-8249-dee44477711c,2024,land rover,range rover velar,Dynamic HSE,5x108,tire-guide-pro-import,unknown,"""2026-05-07T19:49:23.048Z"""
4bb85bae-2fda-47f0-87c6-a7f89ebba42f,2024,land rover,range rover evoque,S,5x108,tire-guide-pro-import,unknown,"""2026-05-07T19:49:22.974Z"""
a7d2eb68-4424-4349-aa95-3af94097fb35,2024,land rover,range rover evoque,Dynamic SE w/Dynamic Handling Pkg,5x108,tire-guide-pro-import,unknown,"""2026-05-07T19:49:22.939Z"""
7b0e36ad-fec6-466f-b9c0-edb13f0d4e46,2024,land rover,range rover evoque,Dynamic SE,5x108,tire-guide-pro-import,unknown,"""2026-05-07T19:49:22.899Z"""
baf09125-470e-4110-adff-21ed26c3f204,2024,land rover,range rover sport,SV Edition One,5x120,tire-guide-pro-import,unknown,"""2026-05-07T19:49:22.854Z"""
d9353139-b856-4f89-b92c-7df805e38b24,2024,land rover,range rover sport,SE,5x120,tire-guide-pro-import,unknown,"""2026-05-07T19:49:22.810Z"""
f9bc954c-4a70-40d1-ad5f-3c9de6495e57,2024,land rover,range rover sport,Dynamic SE,5x120,tire-guide-pro-import,unknown,"""2026-05-07T19:49:22.776Z"""
3b37ab73-d67b-4e18-9f2c-db87418f1f1d,2024,land rover,range rover,SV,5x120,tire-guide-pro-import,unknown,"""2026-05-07T19:49:22.703Z"""
67b4378d-9230-48cf-840e-9d34b13ee489,2024,lincoln,navigator,L Black Label,6x135,tire-guide-pro-import,unknown,"""2026-05-07T19:37:58.611Z"""
e36bc4c8-5c8c-430f-9509-0bf3414d7edd,2024,lincoln,navigator,Black Label,6x135,tire-guide-pro-import,unknown,"""2026-05-07T19:37:58.572Z"""
36f555e8-17b4-4256-a9c4-86e7ec2fcf60,2024,lincoln,navigator,Reserve,6x135,tire-guide-pro-import,unknown,"""2026-05-07T19:37:58.724Z"""
3074d75f-bbd6-4bec-ad86-7eda9f995ec4,2024,lincoln,navigator,Premiere,6x135,tire-guide-pro-import,unknown,"""2026-05-07T19:37:58.685Z"""
e901493b-2e38-4419-989c-ef861ed45889,2024,lincoln,navigator,L Reserve,6x135,tire-guide-pro-import,unknown,"""2026-05-07T19:37:58.647Z"""
3988cf5f-81d7-43ca-9d0b-f8dc8cf0b4b6,2024,porsche,cayenne,Base,5x130,tire-guide-pro-import,unknown,"""2026-05-07T19:37:58.759Z"""
ca19ccd0-f398-466f-8fe4-6e2d6d25d2db,2024,porsche,cayenne,S E-Hybrid,5x130,tire-guide-pro-import,unknown,"""2026-05-07T19:37:58.988Z"""
e865f308-ca20-46f5-83c9-b805e335bde8,2024,porsche,cayenne,S E-Hybrid Coupe,5x130,tire-guide-pro-import,unknown,"""2026-05-07T19:37:59.028Z"""
03345399-9785-43aa-baea-85e2511febdb,2024,porsche,cayenne,S Coupe,5x130,tire-guide-pro-import,unknown,"""2026-05-07T19:37:58.947Z"""
dc67e3a0-4caa-41de-b2e4-1afe4b2c9ab3,2024,porsche,cayenne,Coupe,5x130,tire-guide-pro-import,unknown,"""2026-05-07T19:37:58.796Z"""
7a05a02e-7ba2-488e-8b4f-0745ea7659b5,2024,porsche,cayenne,E-Hybrid,5x130,tire-guide-pro-import,unknown,"""2026-05-07T19:37:58.835Z"""
b629b5a0-eabb-475a-8438-100c2d7f3207,2024,porsche,cayenne,E-Hybrid Coupe,5x130,tire-guide-pro-import,unknown,"""2026-05-07T19:37:58.872Z"""
448263f7-5d9a-43ec-8743-1dc8e219b049,2024,porsche,cayenne,S,5x130,tire-guide-pro-import,unknown,"""2026-05-07T19:37:58.910Z"""
a4832d48-678e-4c29-ae32-f63f5014a063,2024,rivian,r1s,Adventure w/All-Terrain Pkg,5x139.7,tire-guide-pro-import,unknown,"""2026-05-07T19:49:22.380Z"""
8c4181de-f896-4674-a655-1959dd72b789,2024,rivian,r1s,Adventure,5x139.7,tire-guide-pro-import,unknown,"""2026-05-07T19:49:22.336Z"""
f6b5eec1-52de-4a02-a8dd-6311d9f12f30,2024,rivian,r1t,Adventure,5x139.7,tire-guide-pro-import,unknown,"""2026-05-07T19:49:22.506Z"""
1efbaa89-80d0-424d-a568-b1e1cf4f2b5e,2024,rivian,r1t,Adventure w/All-Terrain Pkg,5x139.7,tire-guide-pro-import,unknown,"""2026-05-07T19:49:22.546Z"""
6039348f-9bf1-4bf0-afd8-4c009b428348,2024,rivian,r1s,Ascend w/All-Terrain Pkg,5x139.7,tire-guide-pro-import,unknown,"""2026-05-07T19:49:22.462Z"""
d2d3706a-2d5b-4b42-ad1f-b392e8bf9f86,2024,rivian,r1s,Ascend,5x139.7,tire-guide-pro-import,unknown,"""2026-05-07T19:49:22.423Z"""
a538dbac-4b0c-4445-b34d-b8a4af56fab7,2024,tesla,model 3,Long Range,5x114.3,tire-guide-pro-import,unknown,"""2026-05-07T19:37:57.592Z"""
9079e7d3-a7ab-48e2-915e-d42141c89745,2024,tesla,model 3,Base,5x114.3,tire-guide-pro-import,unknown,"""2026-05-07T19:37:57.553Z"""
24c7e5cc-7973-4cff-85b0-9778b2b6aca7,2024,tesla,model s,Plaid,5x120,tire-guide-pro-import,unknown,"""2026-05-07T19:37:57.820Z"""
c2836e9b-3bdf-4ed4-a174-b9fd09025ba3,2024,tesla,model x,Base,5x120,tire-guide-pro-import,unknown,"""2026-05-07T19:37:57.859Z"""
cb1e0b01-4388-4f92-85de-21f56604ece3,2024,tesla,model x,Plaid,5x120,tire-guide-pro-import,unknown,"""2026-05-07T19:37:57.896Z"""
5b3d45b2-d30b-45ca-ad50-cdc7def47742,2024,tesla,model s,Base,5x120,tire-guide-pro-import,unknown,"""2026-05-07T19:37:57.783Z"""
368083e1-6f5f-459b-8378-4ad4779c6fc8,2024,tesla,model y,Performance,5x114.3,tire-guide-pro-import,unknown,"""2026-05-07T19:37:57.747Z"""
f74c88d9-bb6d-4852-9ae8-5dfdb46743f8,2024,tesla,model y,Long Range,5x114.3,tire-guide-pro-import,unknown,"""2026-05-07T19:37:57.704Z"""
1af2f4c5-0fb9-411e-abff-661527ef45f8,2024,tesla,model y,Base,5x114.3,tire-guide-pro-import,unknown,"""2026-05-07T19:37:57.667Z"""
d67bda16-5e77-45a3-b13e-5280506c11b0,2024,tesla,model 3,Performance,5x114.3,tire-guide-pro-import,unknown,"""2026-05-07T19:37:57.629Z"""
45238744-2342-42a1-bb5d-5cc1dc9e517d,2024,volkswagen,id.4,S,5x112,tire-guide-pro-import,unknown,"""2026-05-07T19:37:59.456Z"""
4a4fc58d-39b6-4d93-bb12-ecd80750b6e1,2024,volkswagen,id.4,Pro S (AWD),5x112,tire-guide-pro-import,unknown,"""2026-05-07T19:37:59.377Z"""
d79ed972-f547-42ef-a711-ea5ffd65da33,2024,volkswagen,id.4,Pro (RWD),5x112,tire-guide-pro-import,unknown,"""2026-05-07T19:37:59.339Z"""
178609ec-b92c-4e8d-a9c3-3b58b056e661,2024,volkswagen,id.4,Base,5x112,tire-guide-pro-import,unknown,"""2026-05-07T19:37:59.262Z"""
995dfda9-d6f8-4bc2-be16-59009f8c8e1f,2024,volkswagen,id.4,Pro (AWD),5x112,tire-guide-pro-import,unknown,"""2026-05-07T19:37:59.300Z"""
6d9346fd-d842-41b6-aca2-20f57d044659,2024,volkswagen,id.4,Pro S (RWD),5x112,tire-guide-pro-import,unknown,"""2026-05-07T19:37:59.416Z"""