id,year,make,model,display_trim,bolt_pattern,center_bore_mm,source,quality_tier
92d0d0e4-9b53-4f9c-bcd7-b31a076cc73d,2018,Ferrari,812 Superfast,Base Front Base,5x114.3,,deprecated-staggered-split,unknown
d7365bd9-7494-4ed7-8d25-80b1e731deb4,2018,Ferrari,812 Superfast,Base,5x114.3,,merged-staggered,unknown
d441b233-9d98-4aa5-92fb-f35174d8ec9a,2018,Ferrari,812 Superfast,Base Rear Base,5x114.3,,deprecated-staggered-split,unknown
96cd9f19-8c5a-4ad4-8770-7cc29cf2db73,2018,Ferrari,GTC4Lusso,Base Rear Base,5x114.3,,deprecated-staggered-split,unknown
45fc65c4-5ee5-465a-b2e2-fb9623ac9bf0,2018,Ferrari,GTC4Lusso,Base,5x114.3,,merged-staggered,unknown
f0cd7717-b4fb-41b5-904b-46882f0c8afa,2018,Ferrari,GTC4Lusso,(Michelin Tires),5x114.3,,merged-staggered,unknown
09d1f754-827d-4c34-ad03-5e9207b92497,2018,Ferrari,GTC4Lusso,Base Front Base,5x114.3,,deprecated-staggered-split,unknown
651331ce-5eeb-456b-adf6-a85b09e278e2,2018,Ferrari,GTC4Lusso,(Michelin Tires) Rear (Michelin Tires),5x114.3,,deprecated-staggered-split,unknown
2b1865cd-cb7e-47c0-aede-998bd7f0d66a,2018,Ferrari,GTC4Lusso,(Michelin Tires) Front (Michelin Tires),5x114.3,,deprecated-staggered-split,unknown
af47fad6-a7df-4e69-a45b-6dde40136c26,2018,Ferrari,GTC4Lusso T,Base Front Base,5x114.3,,deprecated-staggered-split,unknown
55dff2dd-834c-4158-9a59-beab0fa210e1,2018,Ferrari,GTC4Lusso T,(Michelin Tires),5x114.3,,merged-staggered,unknown
db7d5ad6-711d-4ffd-a9e7-6cb78258f494,2018,Ferrari,GTC4Lusso T,Base,5x114.3,,merged-staggered,unknown
19784583-3765-48a2-8509-f5f7eb1b9071,2018,Ferrari,GTC4Lusso T,(Michelin Tires) Front (Michelin Tires),5x114.3,,deprecated-staggered-split,unknown
79aa91fc-fd54-410b-bd1e-ae178aa1e053,2018,Ferrari,GTC4Lusso T,(Michelin Tires) Rear (Michelin Tires),5x114.3,,deprecated-staggered-split,unknown
e1056452-35cb-4d75-a503-7e943d48cbf4,2018,Ferrari,GTC4Lusso T,Base Rear Base,5x114.3,,deprecated-staggered-split,unknown
f1570e85-99ec-4b62-978e-71a86d93056c,2018,Ford,F-350 Super Duty,XLT 4x4 (DRW),8x200,,tgp_solutions,unknown
d0ef0093-0549-4dee-b095-5685bc172ef4,2018,Ford,F-350 Super Duty,XL 4x4 (DRW) w/Snow Plow Pkg.,8x200,,tgp_solutions,unknown
3a107432-c386-4cc0-a7cd-2bcd8bf06df6,2018,Ford,F-350 Super Duty,XLT 4x2 (DRW),8x200,,tgp_solutions,unknown
16374ad1-6f0a-4779-9a8a-937e1932d404,2018,Ford,F-350 Super Duty,Lariat 4x2 (DRW),8x200,,tgp_solutions,unknown
a4445559-3fdb-48a2-89a7-2c184a40a0f1,2018,Ford,F-350 Super Duty,Lariat 4x4 (DRW),8x200,,tgp_solutions,unknown
81c39b8b-3d26-41d7-9374-b35349a743bf,2018,Ford,F-350 Super Duty,Lariat 4x4 (DRW) w/Snow Plow Pkg.,8x200,,tgp_solutions,unknown
b046f423-aae7-4d4d-8f8e-d3034a531a9d,2018,Ford,F-350 Super Duty,King Ranch 4x2 (DRW),8x200,,tgp_solutions,unknown
b8e56c3c-a5f5-456c-b9d5-61426f16f711,2018,Ford,F-350 Super Duty,King Ranch 4x4 (DRW),8x200,,tgp_solutions,unknown
480f6649-4f78-4128-a2b1-fb1c71956c28,2018,Ford,F-350 Super Duty,King Ranch 4x4 (DRW) w/Snow Plow Pkg.,8x200,,tgp_solutions,unknown
2b45e3db-5125-4a4e-bbae-c366fca2c34e,2018,Ford,F-350 Super Duty,Platinum (DRW),8x200,,tgp_solutions,unknown
ff312564-1692-4982-a4d8-30eceee9c2d5,2018,Ford,F-350 Super Duty,XL 4x2 (DRW),8x200,,tgp_solutions,unknown
374dc1bc-c203-424e-9205-f4a20b4c5d0c,2018,Ford,F-350 Super Duty,XL 4x4 (DRW),8x200,,tgp_solutions,unknown
88f730bb-fa2c-4ded-8600-212cfb5f4649,2018,Ford,F-350 Super Duty,XLT 4x4 (DRW) w/Snow Plow Pkg.,8x200,,tgp_solutions,unknown
63673580-57e6-471e-b342-25628ed3f133,2018,Ford,GT,Base,5x114.3,,merged-staggered,unknown
79b99bd0-38ac-4600-a0c5-117a25af1b0b,2018,Ford,GT,Base Rear Base,5x114.3,,deprecated-staggered-split,unknown
93ab84d4-27e0-46e0-8990-7fc2221e7a7d,2018,Ford,GT,Base Front Base,5x114.3,,deprecated-staggered-split,unknown
ce56838b-717d-49eb-b97f-d3860a4c468f,2018,Lamborghini,Aventador,LP740-4 S (Center Lock) Rear LP740-4 S (Center Lock),,70.0,tgp_solutions,unknown
d22815ac-e792-4195-b034-a97963ef7214,2018,Lamborghini,Aventador,LP740-4 S (Center Lock) Front LP740-4 S (Center Lock),,57.0,tgp_solutions,unknown
17f9a270-df97-46b5-b045-a2858db4ff4e,2018,Lamborghini,Huracan,Performante (Center Lock) Rear Performante (Center Lock),,66.0,tgp_solutions,unknown
9f17faae-f31c-4b2e-9d3e-3b76339ba1f0,2018,Lamborghini,Huracan,Performante (Center Lock) Front Performante (Center Lock),,57.0,tgp_solutions,unknown
d74a5a6a-b88e-4182-94ae-1d979d5af32c,2018,Lotus,Evora,Sport 410 Rear Sport 410,,,deprecated-staggered-split,unknown
a541f9be-c1b5-4398-81e4-17372d454ae8,2018,Lotus,Evora,Sport 410 Front Sport 410,,,deprecated-staggered-split,unknown
1e032569-83be-4633-861f-2ba43857b42a,2018,Lotus,Evora,Sport 410,5x114.3,,merged-staggered,unknown
57c24608-7acb-4d9e-a48b-d1c55871e42c,2018,Mercedes-Benz Minivans,Metris,(Steel Wheels),5x112,,tgp_solutions,unknown
3a04571e-80e3-48c8-8de0-c342c88a426a,2018,Mercedes-Benz Minivans,Metris,(Alloy Wheels),5x112,,tgp_solutions,unknown
dddcedeb-6089-4f60-a608-6563df3913ff,2018,Mercedes-Benz Vans,Sprinter 3500,(DRW),6x205,,tgp_solutions,unknown
e560d9f6-6299-45d4-ba79-c8dc38039d43,2018,Porsche,911,GT2 RS Rear GT2 RS,,,deprecated-staggered-split,unknown
957e5a9f-2ed1-4e79-b4d7-7dd90986bcb0,2018,Porsche,911,Turbo (Center Lock),,,merged-staggered,unknown
46db1ced-eb14-4db3-bd72-0b31f39466d6,2018,Porsche,911,Turbo S (Center Lock),,,merged-staggered,unknown
3a8f5a0a-5f14-4a4c-b65a-20ecb037abdc,2018,Porsche,911,Turbo S Exclusive Series (Center Lock),,,merged-staggered,unknown
623d84bb-90a5-4d81-8a30-3cd8903c4225,2018,Porsche,911,Turbo S Exclusive Series (Center Lock) Front Turbo S Exclusive Series (Center Lock),,,deprecated-staggered-split,unknown
e718cd3f-8873-4543-b684-7981f317bb2a,2018,Porsche,911,Turbo S (Center Lock) Rear Turbo S (Center Lock),,,deprecated-staggered-split,unknown
1b7f93e9-d447-4834-a922-c908574ba315,2018,Porsche,911,Carrera 4 GTS (Center Lock) Rear Carrera 4 GTS (Center Lock),,,deprecated-staggered-split,unknown
2a986a90-b350-4108-be32-c061544804b8,2018,Porsche,911,Carrera 4 GTS (Center Lock) Front Carrera 4 GTS (Center Lock),,,deprecated-staggered-split,unknown
5de686f9-fb13-4524-90f2-0f975fb32417,2018,Porsche,911,Carrera GTS (Center Lock) Rear Carrera GTS (Center Lock),,,deprecated-staggered-split,unknown
437f686c-bca9-4b7e-8fd8-8f70f629887f,2018,Porsche,911,GT3 RS Front GT3 RS,,,deprecated-staggered-split,unknown
9aba0989-ee61-49fa-b8b7-6867cb0f7f5f,2018,Porsche,911,GT3 RS Rear GT3 RS,,,deprecated-staggered-split,unknown
84c7da42-fb2d-4a22-a4fd-c33cd3239bf7,2018,Porsche,911,GT3 Front GT3,,,deprecated-staggered-split,unknown
2696ecd6-5fde-4593-8955-e765ca4b3241,2018,Porsche,911,Carrera 4 GTS (Center Lock),,,merged-staggered,unknown
8709c186-7bdf-4357-9d41-2ee2ade8ee91,2018,Porsche,911,Carrera GTS (Center Lock),,,merged-staggered,unknown
dc688a7f-d86e-47bd-a5d0-f22afda38096,2018,Porsche,911,Carrera GTS (Center Lock) Front Carrera GTS (Center Lock),,,deprecated-staggered-split,unknown
cb0c4c3c-81bf-4888-a358-27d1abe786d4,2018,Porsche,911,GT3 Rear GT3,,,deprecated-staggered-split,unknown
73022cd3-57c6-4bfc-8a71-249928d45027,2018,Porsche,911,Targa 4 GTS (Center Lock),,,merged-staggered,unknown
254b5505-51b6-42c8-8800-c6025ceb5a63,2018,Porsche,911,GT2 RS,5x130,,merged-staggered,unknown
c5d96c40-c847-4a32-8dd4-414acfd6dbce,2018,Porsche,911,GT3 RS,5x130,,merged-staggered,unknown
37b4764a-8c8b-4626-a3fe-ca38916a1599,2018,Porsche,911,GT3,5x130,,merged-staggered,unknown
efb8c63d-45cb-48c0-a40b-d5deddcdd96d,2018,Porsche,911,Turbo S Exclusive Series (Center Lock) Rear Turbo S Exclusive Series (Center Lock),,,deprecated-staggered-split,unknown
e906d45f-7646-4e46-b22d-28aa0fafb801,2018,Porsche,911,Targa 4 GTS (Center Lock) Front Targa 4 GTS (Center Lock),,,deprecated-staggered-split,unknown
1309d5e5-aca6-4356-96d6-442f976b413a,2018,Porsche,911,Targa 4 GTS (Center Lock) Rear Targa 4 GTS (Center Lock),,,deprecated-staggered-split,unknown
9b23716a-ecfc-4b4a-865c-f55845503581,2018,Porsche,911,Turbo (Center Lock) Front Turbo (Center Lock),,,deprecated-staggered-split,unknown
b4126e77-8581-44d1-90d8-d6e543263662,2018,Porsche,911,Turbo (Center Lock) Rear Turbo (Center Lock),,,deprecated-staggered-split,unknown
5062400a-2a9f-4f93-94f5-fa5392575719,2018,Porsche,911,Turbo S (Center Lock) Front Turbo S (Center Lock),,,deprecated-staggered-split,unknown
4c59c587-11b4-4736-961c-949c496b4870,2018,Porsche,911,GT2 RS Front GT2 RS,,,deprecated-staggered-split,unknown