id,year,make,model,display_trim,raw_trim,modification_id,bolt_pattern,center_bore_mm,thread_size,offset_min_mm,offset_max_mm,oem_wheel_sizes,oem_tire_sizes,source,quality_tier,created_at,canonical_make,detected_suffix
eff08f68-268d-4a12-89fa-22222e016610,2018,Chevrolet Minivans,City Express,LS (C-Type Tires),LS (C-Type Tires),4c404b87bb1714f2,5x114.3,66.1,M12x1.25,45.00,45.00,"[""5.5x15""]","[""185/60R15C""]",tgp_solutions,unknown,"""2026-05-07T21:45:59.143Z""",Chevrolet,Minivans
a37bd7ca-ddf6-41e1-aebc-99764dfc7d63,2018,Chevrolet Minivans,City Express,LT (C-Type Tires),LT (C-Type Tires),7f117f771f56a683,5x114.3,66.1,M12x1.25,45.00,45.00,"[""5.5x15""]","[""185/60R15C""]",tgp_solutions,unknown,"""2026-05-07T21:45:59.143Z""",Chevrolet,Minivans
adf38854-ca57-4a57-b9e7-3fbd58bb032b,2018,Chevrolet Vans,Express 2500,Base,Base,1d6fea35028c8de3,8x165.1,116.7,M14x1.50,28.00,31.00,"[""6.5x16""]","[""LT245/75R16/E""]",tgp_solutions,unknown,"""2026-05-07T21:45:59.143Z""",Chevrolet,Vans
3152bef9-c0e2-452f-91a6-d19a962141e6,2018,Chevrolet Vans,Express 2500,LS,LS,9d7b7ca6c9e3a690,8x165.1,116.7,M14x1.50,28.00,31.00,"[""6.5x16""]","[""LT245/75R16/E""]",tgp_solutions,unknown,"""2026-05-07T21:45:59.143Z""",Chevrolet,Vans
5d1972f0-04c3-4aa6-8e01-2a60365ac4b0,2018,Chevrolet Vans,Express 2500,LT,LT,f98e183afb90c7ac,8x165.1,116.7,M14x1.50,28.00,31.00,"[""6.5x16""]","[""LT245/75R16/E""]",tgp_solutions,unknown,"""2026-05-07T21:45:59.143Z""",Chevrolet,Vans
483c64c8-3fe5-44be-9145-bd23bf661483,2018,Chevrolet Vans,Express 3500,Base,Base,92e510447a1ac0bd,8x165.1,116.7,M14x1.50,28.00,28.00,"[""6.5x16""]","[""LT245/75R16/E""]",tgp_solutions,unknown,"""2026-05-07T21:45:59.143Z""",Chevrolet,Vans
62cf333a-66c5-42c3-af00-cae91203ac28,2018,Chevrolet Vans,Express 3500,LS,LS,384c175ead0d5d92,8x165.1,116.7,M14x1.50,28.00,28.00,"[""6.5x16""]","[""LT245/75R16/E""]",tgp_solutions,unknown,"""2026-05-07T21:45:59.143Z""",Chevrolet,Vans
c8ed4070-78ca-4b99-94c0-02c371301b17,2018,Chevrolet Vans,Express 3500,LT,LT,6184e227d58ee257,8x165.1,116.7,M14x1.50,28.00,28.00,"[""6.5x16""]","[""LT245/75R16/E""]",tgp_solutions,unknown,"""2026-05-07T21:45:59.143Z""",Chevrolet,Vans
9db51374-3cdb-4339-847f-0e938d354e8c,2018,Chrysler Minivans,Pacifica Minivan,Hybrid Limited,Hybrid Limited,c731ccffe8d72187,5x127,71.5,M12x1.50,40.00,40.00,"[""7.5x18"",""7x17""]","[""235/60R18"",""235/65R17""]",tgp_solutions,unknown,"""2026-05-07T21:45:59.143Z""",Chrysler,Minivans
18968dac-2e25-421a-8e88-4a3ad2661375,2018,Chrysler Minivans,Pacifica Minivan,Hybrid Touring L,Hybrid Touring L,5e7771f153238a1f,5x127,71.5,M12x1.50,40.00,40.00,"[""7x17""]","[""235/65R17""]",tgp_solutions,unknown,"""2026-05-07T21:45:59.143Z""",Chrysler,Minivans
c0c4c07e-0620-4fe0-ad28-8f9887331385,2018,Chrysler Minivans,Pacifica Minivan,Hybrid Touring Plus,Hybrid Touring Plus,daea1571e43a768e,5x127,71.5,M12x1.50,40.00,40.00,"[""7x17""]","[""235/65R17""]",tgp_solutions,unknown,"""2026-05-07T21:45:59.143Z""",Chrysler,Minivans
337ce1a6-2dba-4624-bb8f-a3912219d4cc,2018,Chrysler Minivans,Pacifica Minivan,L,L,0cc1d26a06eef9ae,5x127,71.5,M12x1.50,40.00,40.00,"[""7x17""]","[""235/65R17""]",tgp_solutions,unknown,"""2026-05-07T21:45:59.143Z""",Chrysler,Minivans
809018f2-daf7-4557-86df-ae0c84baab4f,2018,Chrysler Minivans,Pacifica Minivan,LX,LX,c70dc849249ed860,5x127,71.5,M12x1.50,40.00,40.00,"[""7x17""]","[""235/65R17""]",tgp_solutions,unknown,"""2026-05-07T21:45:59.143Z""",Chrysler,Minivans
924c9d09-8c7b-4ab2-8c5f-c104471c7bb2,2018,Chrysler Minivans,Pacifica Minivan,Limited,Limited,161cc96b83502098,5x127,71.5,M12x1.50,40.00,40.00,"[""7.5x18"",""7.5x20""]","[""235/60R18"",""245/50R20""]",tgp_solutions,unknown,"""2026-05-07T21:45:59.143Z""",Chrysler,Minivans
32f368f5-9648-416c-b5b1-fd862802fcf6,2018,Chrysler Minivans,Pacifica Minivan,Touring L,Touring L,37b7ec791cc41201,5x127,71.5,M12x1.50,40.00,40.00,"[""7.5x18"",""7.5x20"",""7x17""]","[""235/60R18"",""235/65R17"",""245/50R20""]",tgp_solutions,unknown,"""2026-05-07T21:45:59.143Z""",Chrysler,Minivans
fd5a55cc-4c3e-41b0-b8c9-f6194af0f0fc,2018,Chrysler Minivans,Pacifica Minivan,Touring L Plus,Touring L Plus,020c75d777e47a8c,5x127,71.5,M12x1.50,40.00,40.00,"[""7.5x18"",""7.5x20"",""7x17""]","[""235/60R18"",""235/65R17"",""245/50R20""]",tgp_solutions,unknown,"""2026-05-07T21:45:59.143Z""",Chrysler,Minivans
af6efd9c-3e23-43b0-ab68-442bb1c73890,2018,Chrysler Minivans,Pacifica Minivan,Touring Plus,Touring Plus,68eb24ff0d0d43ed,5x127,71.5,M12x1.50,40.00,40.00,"[""7.5x18"",""7x17""]","[""235/60R18"",""235/65R17""]",tgp_solutions,unknown,"""2026-05-07T21:45:59.143Z""",Chrysler,Minivans
33c9f60d-0f6a-4d03-bb28-f9d7f80cfdf3,2018,Dodge Minivans,Grand Caravan,GT,GT,74676ed3ca83c521,5x127,71.5,M12x1.50,40.00,40.00,"[""6.5x17""]","[""225/65R17"",""P225/65R17""]",tgp_solutions,unknown,"""2026-05-07T21:45:59.143Z""",Dodge,Minivans
7d5e5841-e2fa-4ce8-afa0-f6dc737ebfde,2018,Dodge Minivans,Grand Caravan,SE,SE,632c27b941e5b65b,5x127,71.5,M12x1.50,40.00,40.00,"[""6.5x17""]","[""225/65R17"",""P225/65R17""]",tgp_solutions,unknown,"""2026-05-07T21:45:59.143Z""",Dodge,Minivans
d657a62f-ca3c-4619-ad6c-8cfb20c0d3be,2018,Dodge Minivans,Grand Caravan,SE Plus,SE Plus,1efb267196decaf2,5x127,71.5,M12x1.50,40.00,40.00,"[""6.5x17""]","[""225/65R17"",""P225/65R17""]",tgp_solutions,unknown,"""2026-05-07T21:45:59.143Z""",Dodge,Minivans
8b013e33-4dd4-49de-947d-e85d2ae91c62,2018,Dodge Minivans,Grand Caravan,SXT,SXT,15cd9dfebe2ea3c3,5x127,71.5,M12x1.50,40.00,40.00,"[""6.5x17""]","[""225/65R17"",""P225/65R17""]",tgp_solutions,unknown,"""2026-05-07T21:45:59.143Z""",Dodge,Minivans
4ed771d7-1f02-40cc-813d-0982b016bfdf,2018,Ford Minivans,Transit Connect,Titanium,Titanium,dd7c41a23fe8b01a,5x108,63.5,M12x1.50,46.00,46.00,"[""6.5x16"",""6.5x17""]","[""215/50R17"",""215/55R16""]",tgp_solutions,unknown,"""2026-05-07T21:45:59.143Z""",Ford,Minivans
10e90eae-2f90-49e0-ac41-097b79faa319,2018,Ford Minivans,Transit Connect,XL Cargo Van LWB,XL Cargo Van LWB,b26cdd6f2e9c5861,5x108,63.5,M12x1.50,46.00,46.00,"[""6.5x16""]","[""215/55R16""]",tgp_solutions,unknown,"""2026-05-07T21:45:59.143Z""",Ford,Minivans
bc6d8004-1dcb-482e-925b-d24d6dd3757b,2018,Ford Minivans,Transit Connect,XL Cargo Van SWB,XL Cargo Van SWB,d34e3655ea7fe78d,5x108,63.5,M12x1.50,46.00,46.00,"[""6.5x16""]","[""215/55R16""]",tgp_solutions,unknown,"""2026-05-07T21:45:59.143Z""",Ford,Minivans
21c68343-e82c-4022-bfee-9a56afb1383f,2018,Ford Minivans,Transit Connect,XL Passenger Wagon LWB,XL Passenger Wagon LWB,82599e2e23059eb2,5x108,63.5,M12x1.50,46.00,46.00,"[""6.5x16""]","[""215/55R16""]",tgp_solutions,unknown,"""2026-05-07T21:45:59.143Z""",Ford,Minivans
9efad837-949c-4473-8efb-80eb547da0ea,2018,Ford Minivans,Transit Connect,XL Passenger Wagon SWB,XL Passenger Wagon SWB,58f8565ee7807350,5x108,63.5,M12x1.50,46.00,46.00,"[""6.5x16""]","[""215/55R16""]",tgp_solutions,unknown,"""2026-05-07T21:45:59.143Z""",Ford,Minivans
b42402cb-d61e-4bdf-a9d0-2ed1e6c73d02,2018,Ford Minivans,Transit Connect,XLT Cargo Van LWB,XLT Cargo Van LWB,d4e6bf5bcaf1b0d2,5x108,63.5,M12x1.50,46.00,46.00,"[""6.5x16""]","[""215/55R16""]",tgp_solutions,unknown,"""2026-05-07T21:45:59.143Z""",Ford,Minivans
1c1b1605-bc01-4b26-b53b-d34d4fb4ab45,2018,Ford Minivans,Transit Connect,XLT Cargo Van SWB,XLT Cargo Van SWB,7b5b4f3c77b9626f,5x108,63.5,M12x1.50,46.00,46.00,"[""6.5x16""]","[""215/55R16""]",tgp_solutions,unknown,"""2026-05-07T21:45:59.143Z""",Ford,Minivans
180ff5bf-4db4-440f-97e4-468106e0afad,2018,Ford Minivans,Transit Connect,XLT Passenger Wagon LWB,XLT Passenger Wagon LWB,75b41d4551dcf627,5x108,63.5,M12x1.50,46.00,46.00,"[""6.5x16""]","[""215/55R16""]",tgp_solutions,unknown,"""2026-05-07T21:45:59.143Z""",Ford,Minivans
be9e2db2-36c1-4267-8ee2-ff9c127fa522,2018,Ford Minivans,Transit Connect,XLT Passenger Wagon SWB,XLT Passenger Wagon SWB,9ac2212c7f671482,5x108,63.5,M12x1.50,46.00,46.00,"[""6.5x16""]","[""215/55R16""]",tgp_solutions,unknown,"""2026-05-07T21:45:59.143Z""",Ford,Minivans
1839ef5e-42a7-46e7-b192-faf1e55d93c5,2018,Ford Vans,Transit-150,(C-Type Tires),(C-Type Tires),022c5ce0bc79766f,5x160,65.0,M14x1.50,60.00,60.00,"[""6.5x16""]","[""235/65R16C""]",tgp_solutions,unknown,"""2026-05-07T21:45:59.143Z""",Ford,Vans
c62fcd02-b61c-48e6-adec-deea1ff1be01,2018,Ford Vans,Transit-150,XL (C-Type Tires),XL (C-Type Tires),77cfc573b35dfd69,5x160,65.0,M14x1.50,60.00,60.00,"[""6.5x16""]","[""235/65R16C""]",tgp_solutions,unknown,"""2026-05-07T21:45:59.143Z""",Ford,Vans
27e91a11-53f6-4554-963e-b30caea44c2c,2018,Ford Vans,Transit-150,XLT (C-Type Tires),XLT (C-Type Tires),291f90a6467869b0,5x160,65.0,M14x1.50,60.00,60.00,"[""6.5x16""]","[""235/65R16C""]",tgp_solutions,unknown,"""2026-05-07T21:45:59.143Z""",Ford,Vans
f5c32eb3-c1cf-4d8a-b946-c1973183c4d9,2018,Ford Vans,Transit-250,(C-Type Tires),(C-Type Tires),5c333e9dd4df483a,5x160,65.0,M14x1.50,60.00,60.00,"[""6.5x16""]","[""235/65R16C""]",tgp_solutions,unknown,"""2026-05-07T21:45:59.143Z""",Ford,Vans
26f51cb1-6dc1-4a08-a51b-8653a38e660c,2018,Ford Vans,Transit-350,(C-Type Tires),(C-Type Tires),d06f6524fcad3431,5x160,65.0,M14x1.50,60.00,60.00,"[""6.5x16""]","[""235/65R16C""]",tgp_solutions,unknown,"""2026-05-07T21:45:59.143Z""",Ford,Vans
69066388-0e16-42c6-9291-3da84bdba09c,2018,Ford Vans,Transit-350,XL (C-Type Tires),XL (C-Type Tires),e9aa9a6d3ae33a9e,5x160,65.0,M14x1.50,60.00,60.00,"[""6.5x16""]","[""235/65R16C""]",tgp_solutions,unknown,"""2026-05-07T21:45:59.143Z""",Ford,Vans
3b93c95d-08e4-412b-b5ef-ea55d68d8b62,2018,Ford Vans,Transit-350,XLT (C-Type Tires),XLT (C-Type Tires),aec47ce7a45e8e3e,5x160,65.0,M14x1.50,60.00,60.00,"[""6.5x16""]","[""235/65R16C""]",tgp_solutions,unknown,"""2026-05-07T21:45:59.143Z""",Ford,Vans
f86f890d-75f2-40a5-aa84-416ed81bb924,2018,Ford Vans,Transit-350 HD,(DRW)(C-Type Tires),(DRW)(C-Type Tires),aaf493dc01db7adc,6x180,138.8,M14x1.50,109.00,109.00,"[""6x16""]","[""195/75R16C""]",tgp_solutions,unknown,"""2026-05-07T21:45:59.143Z""",Ford,Vans
91bf8343-1729-43a8-b55c-6cfd3d3d5445,2018,Ford Vans,Transit-350 HD,XL (DRW)(C-Type Tires),XL (DRW)(C-Type Tires),b175fa968481c23c,6x180,138.8,M14x1.50,109.00,109.00,"[""6x16""]","[""195/75R16C""]",tgp_solutions,unknown,"""2026-05-07T21:45:59.143Z""",Ford,Vans
642c256d-c42b-44ad-aa54-d4f1cec4d601,2018,Ford Vans,Transit-350 HD,XLT (DRW)(C-Type Tires),XLT (DRW)(C-Type Tires),84820cb4957b0e71,6x180,138.8,M14x1.50,109.00,109.00,"[""6x16""]","[""195/75R16C""]",tgp_solutions,unknown,"""2026-05-07T21:45:59.143Z""",Ford,Vans
46043d38-d0e3-469c-9705-ec2ef51ea271,2018,GMC Vans,Savana 2500,Base,Base,c6903b54f1d2ead0,8x165.1,116.7,M14x1.50,28.00,31.00,"[""6.5x16""]","[""LT245/75R16/E""]",tgp_solutions,unknown,"""2026-05-07T21:45:59.143Z""",GMC,Vans
3e011dde-b45c-4afc-b5ae-c0fca568fef1,2018,GMC Vans,Savana 2500,LS,LS,4ca01f2d188a7a40,8x165.1,116.7,M14x1.50,28.00,31.00,"[""6.5x16""]","[""LT245/75R16/E""]",tgp_solutions,unknown,"""2026-05-07T21:45:59.143Z""",GMC,Vans
ec5b9044-4a77-4f6e-b327-d81079681c49,2018,GMC Vans,Savana 2500,LT,LT,1b09584ea9d6fe35,8x165.1,116.7,M14x1.50,28.00,31.00,"[""6.5x16""]","[""LT245/75R16/E""]",tgp_solutions,unknown,"""2026-05-07T21:45:59.143Z""",GMC,Vans
8d6f2df9-021e-4004-89db-1e87171a2d14,2018,GMC Vans,Savana 3500,Base,Base,e8674cc8f932ad06,8x165.1,116.7,M14x1.50,28.00,28.00,"[""6.5x16""]","[""LT245/75R16/E""]",tgp_solutions,unknown,"""2026-05-07T21:45:59.143Z""",GMC,Vans
0248e761-7c1e-4bb5-9d27-f9b8eb0f88d5,2018,GMC Vans,Savana 3500,LS,LS,051e37d7e13b844a,8x165.1,116.7,M14x1.50,28.00,28.00,"[""6.5x16""]","[""LT245/75R16/E""]",tgp_solutions,unknown,"""2026-05-07T21:45:59.143Z""",GMC,Vans
d5d303fc-afca-4315-ba3a-7cd0f1505bd3,2018,GMC Vans,Savana 3500,LT,LT,bc15d56c392e8194,8x165.1,116.7,M14x1.50,28.00,28.00,"[""6.5x16""]","[""LT245/75R16/E""]",tgp_solutions,unknown,"""2026-05-07T21:45:59.143Z""",GMC,Vans
a99ace23-8e3b-4d34-804a-ee0cecc93b75,2018,Honda Minivans,Odyssey,EX,EX,db355bda904730f0,5x120,64.1,M14x1.50,45.00,45.00,"[""7.5x18""]","[""235/60R18""]",tgp_solutions,unknown,"""2026-05-07T21:45:59.143Z""",Honda,Minivans
b1023b34-3415-4049-beab-6b225bcb211a,2018,Honda Minivans,Odyssey,EX-L,EX-L,2f96e93a8fdb5e9a,5x120,64.1,M14x1.50,45.00,45.00,"[""7.5x18""]","[""235/60R18""]",tgp_solutions,unknown,"""2026-05-07T21:45:59.143Z""",Honda,Minivans
9ab4f901-062a-41d6-954a-1f08d92c13f1,2018,Honda Minivans,Odyssey,Elite,Elite,b64f2aaee34373aa,5x120,64.1,M14x1.50,45.00,45.00,"[""7.5x19""]","[""235/55R19""]",tgp_solutions,unknown,"""2026-05-07T21:45:59.143Z""",Honda,Minivans
fe554dbb-804c-4454-9b01-bd0271c0f285,2018,Honda Minivans,Odyssey,LX,LX,2508d3a9cb29d4df,5x120,64.1,M14x1.50,45.00,45.00,"[""7.5x18""]","[""235/60R18""]",tgp_solutions,unknown,"""2026-05-07T21:45:59.143Z""",Honda,Minivans
c933404c-c584-4f07-b219-7e32184773e5,2018,Honda Minivans,Odyssey,Touring,Touring,08c0a19a9d8d6c63,5x120,64.1,M14x1.50,45.00,45.00,"[""7.5x18""]","[""235/60R18""]",tgp_solutions,unknown,"""2026-05-07T21:45:59.143Z""",Honda,Minivans
2213d572-b28f-4f0f-ae49-9f7490e9ffd6,2018,Kia Minivans,Sedona,EX,EX,f30bb262d33fc62f,5x114.3,67.1,M12x1.50,45.00,45.00,"[""7x18""]","[""235/60R18""]",tgp_solutions,unknown,"""2026-05-07T21:45:59.143Z""",Kia,Minivans
c696c80d-cd32-4ebe-91a0-3d079901f47e,2018,Kia Minivans,Sedona,L,L,e434dfb6bdf2f5a7,5x114.3,67.1,M12x1.50,45.00,45.00,"[""6.5x17""]","[""235/65R17""]",tgp_solutions,unknown,"""2026-05-07T21:45:59.143Z""",Kia,Minivans
bd40731a-da0d-412f-bf9f-f5b8abb4205f,2018,Kia Minivans,Sedona,LX,LX,3a6c76c6a900fea9,5x114.3,67.1,M12x1.50,45.00,45.00,"[""6.5x17""]","[""235/65R17""]",tgp_solutions,unknown,"""2026-05-07T21:45:59.143Z""",Kia,Minivans
2245a7fd-c4b1-4f8b-9818-d719c72263fb,2018,Kia Minivans,Sedona,SX,SX,4295d34cba03fbc4,5x114.3,67.1,M12x1.50,45.00,45.00,"[""7x18""]","[""235/60R18""]",tgp_solutions,unknown,"""2026-05-07T21:45:59.143Z""",Kia,Minivans
bb81024a-c607-4136-8e62-aad502241c99,2018,Kia Minivans,Sedona,SX Limited,SX Limited,136aed31d5868e3e,5x114.3,67.1,M12x1.50,45.00,45.00,"[""7.5x19""]","[""235/55R19""]",tgp_solutions,unknown,"""2026-05-07T21:45:59.143Z""",Kia,Minivans
3a04571e-80e3-48c8-8de0-c342c88a426a,2018,Mercedes-Benz Minivans,Metris,(Alloy Wheels),(Alloy Wheels),0fa43fb1140737a5,5x112,,,51.00,51.00,"[""7x17""]","[""225/55R17""]",tgp_solutions,unknown,"""2026-05-07T21:45:59.143Z""",Mercedes-Benz,Minivans
57c24608-7acb-4d9e-a48b-d1c55871e42c,2018,Mercedes-Benz Minivans,Metris,(Steel Wheels),(Steel Wheels),ffc1b5c6d446d9a9,5x112,,,50.00,50.00,"[""6.5x17""]","[""225/55R17""]",tgp_solutions,unknown,"""2026-05-07T21:45:59.143Z""",Mercedes-Benz,Minivans
bee2dc21-5563-443b-a0d3-c1ae0703305e,2018,Mercedes-Benz Vans,Sprinter 2500,(Alloy Wheels),(Alloy Wheels),4ce667f245639663,6x130,84.0,M14x1.50B,45.00,45.00,"[""6.5x16""]","[""LT245/75R16/E""]",tgp_solutions,unknown,"""2026-05-07T21:45:59.143Z""",Mercedes-Benz,Vans
279a992f-193a-44ca-9800-b1d720bd9a36,2018,Mercedes-Benz Vans,Sprinter 2500,(Steel Wheels),(Steel Wheels),d99229c4ac9523e1,6x130,84.0,M14x1.50B,45.00,45.00,"[""6.5x16""]","[""LT245/75R16/E""]",tgp_solutions,unknown,"""2026-05-07T21:45:59.143Z""",Mercedes-Benz,Vans
dddcedeb-6089-4f60-a608-6563df3913ff,2018,Mercedes-Benz Vans,Sprinter 3500,(DRW),(DRW),4eb7b5a6adfa5c93,6x205,,,,,"[""5.5x16""]","[""LT215/85R16/E""]",tgp_solutions,unknown,"""2026-05-07T21:45:59.143Z""",Mercedes-Benz,Vans
cc9cacda-b587-4a31-a193-bc286fa9acde,2018,Mercedes-Benz Vans,Sprinter 3500XD,(DRW),(DRW),1567181bedf8b973,6x205,161.0,M14x1.50B,,,"[""5.5x16""]","[""LT215/85R16/E""]",tgp_solutions,unknown,"""2026-05-07T21:45:59.143Z""",Mercedes-Benz,Vans
c976e3f6-90c6-495f-a34c-67c9ab524e76,2018,Mercedes-Benz Vans,Sprinter 3500XD,Super Single (C-Type Tires) Front Super Single (C-Type Tires),Super Single (C-Type Tires) Front Super Single (C-Type Tires),f68d0fc4e466ab1c,6x130,84.1,M14x1.50B,54.00,54.00,"[""6.5x16""]","{""rear"":[],""front"":[""225/75R16C""]}",deprecated-staggered-split,unknown,"""2026-05-07T21:45:59.143Z""",Mercedes-Benz,Vans
7a12d167-568f-4fa0-a48a-86550d6b8d06,2018,Mercedes-Benz Vans,Sprinter 3500XD,Super Single (C-Type Tires) Rear Super Single (C-Type Tires),Super Single (C-Type Tires) Rear Super Single (C-Type Tires),0e2a44fe2c2609ba,6x130,84.1,M14x1.50B,63.00,63.00,"[""8.5x16""]","{""rear"":[""285/65R16C""],""front"":[]}",deprecated-staggered-split,unknown,"""2026-05-07T21:45:59.143Z""",Mercedes-Benz,Vans
1343dc33-12b2-4aea-899b-a06d2673e637,2018,Nissan Minivans,NV200,S (C-Type Tires),S (C-Type Tires),e16c94ed360873fc,5x114.3,66.1,M12x1.25,45.00,45.00,"[""5.5x15""]","[""185/60R15C""]",tgp_solutions,unknown,"""2026-05-07T21:45:59.143Z""",Nissan,Minivans
fb37bcc2-cf82-4f49-b6d0-ad435d53f239,2018,Nissan Minivans,NV200,SV (C-Type Tires),SV (C-Type Tires),846ee94f4fa2390d,5x114.3,66.1,M12x1.25,45.00,45.00,"[""5.5x15""]","[""185/60R15C""]",tgp_solutions,unknown,"""2026-05-07T21:45:59.143Z""",Nissan,Minivans
cbb7998f-b54a-481f-bbf2-0129a261ecf0,2018,Nissan Minivans,NV200,Taxi (C-Type Tires),Taxi (C-Type Tires),f7e6e19fd7d14b89,5x114.3,66.1,M12x1.25,45.00,45.00,"[""5.5x15""]","[""185/60R15C""]",tgp_solutions,unknown,"""2026-05-07T21:45:59.143Z""",Nissan,Minivans
cd51b97e-4424-4ab9-b9f0-02d88426e228,2018,Nissan Vans,NV1500,S,S,317af39fdc43ebb5,8x165.1,121.0,M14x1.50,40.00,40.00,"[""7.5x17""]","[""LT245/70R17/E""]",tgp_solutions,unknown,"""2026-05-07T21:45:59.143Z""",Nissan,Vans
8196826a-2596-4693-8d99-f68b7789a9aa,2018,Nissan Vans,NV1500,SV,SV,8ced3a8414fa9865,8x165.1,121.0,M14x1.50,40.00,40.00,"[""7.5x17""]","[""LT245/70R17/E""]",tgp_solutions,unknown,"""2026-05-07T21:45:59.143Z""",Nissan,Vans
3fbb48b2-d7b6-44ee-b197-af1fe550555a,2018,Nissan Vans,NV2500,S,S,c2ab9a5550ef6e84,8x165.1,121.0,M14x1.50,40.00,40.00,"[""7.5x17""]","[""LT245/70R17/E""]",tgp_solutions,unknown,"""2026-05-07T21:45:59.143Z""",Nissan,Vans
c1f4a165-546b-42ad-9e5f-adb64c6ce3ce,2018,Nissan Vans,NV2500,SL,SL,cf78297fd2bf1f14,8x165.1,121.0,M14x1.50,40.00,40.00,"[""7.5x17""]","[""LT245/70R17/E""]",tgp_solutions,unknown,"""2026-05-07T21:45:59.143Z""",Nissan,Vans
60521e9c-143b-4d88-bf6c-6b8f0e372292,2018,Nissan Vans,NV2500,SV,SV,65f4222203fa888a,8x165.1,121.0,M14x1.50,40.00,40.00,"[""7.5x17""]","[""LT245/70R17/E""]",tgp_solutions,unknown,"""2026-05-07T21:45:59.143Z""",Nissan,Vans
18b17303-e28a-4ba2-b1e0-ebb0cc4990d6,2018,Nissan Vans,NV3500,S Cargo Van,S Cargo Van,6949975ce2cfc901,8x165.1,121.0,M14x1.50,40.00,40.00,"[""7.5x17""]","[""LT245/75R17/E""]",tgp_solutions,unknown,"""2026-05-07T21:45:59.143Z""",Nissan,Vans
f92806ad-a501-4417-98dc-296e5472f9fc,2018,Nissan Vans,NV3500,S Passenger Van,S Passenger Van,561fd04d64d0523c,8x165.1,121.0,M14x1.50,40.00,40.00,"[""7.5x17""]","[""LT245/70R17/E""]",tgp_solutions,unknown,"""2026-05-07T21:45:59.143Z""",Nissan,Vans
fa31154d-4e49-4b3a-9788-3442d990968b,2018,Nissan Vans,NV3500,SL Cargo Van,SL Cargo Van,f7a2ca3b08d71de4,8x165.1,121.0,M14x1.50,40.00,40.00,"[""7.5x17""]","[""LT245/75R17/E""]",tgp_solutions,unknown,"""2026-05-07T21:45:59.143Z""",Nissan,Vans
19a2383e-7b45-41d2-9bb8-d6fdfc9968f5,2018,Nissan Vans,NV3500,SL Passenger Van,SL Passenger Van,03d2d24a5a65a457,8x165.1,121.0,M14x1.50,40.00,40.00,"[""7.5x17""]","[""LT245/70R17/E""]",tgp_solutions,unknown,"""2026-05-07T21:45:59.143Z""",Nissan,Vans
5e23e319-d2ff-41a8-8ea9-4349e778f6a6,2018,Nissan Vans,NV3500,SV Cargo Van,SV Cargo Van,02b822c7c2b1f7f2,8x165.1,121.0,M14x1.50,40.00,40.00,"[""7.5x17""]","[""LT245/75R17/E""]",tgp_solutions,unknown,"""2026-05-07T21:45:59.143Z""",Nissan,Vans
1a857ebc-46e1-4154-a9a4-cdead23e5129,2018,Nissan Vans,NV3500,SV Passenger Van,SV Passenger Van,7b5e8c44b60e0c38,8x165.1,121.0,M14x1.50,40.00,40.00,"[""7.5x17""]","[""LT245/70R17/E""]",tgp_solutions,unknown,"""2026-05-07T21:45:59.143Z""",Nissan,Vans
c32d8c62-3c4c-4dee-b795-6adcb5099539,2018,RAM Minivans,ProMaster City,Base,Base,8ae7adceceabc857,5x98,58.1,M12x1.25,35.00,35.00,"[""6.5x16""]","[""215/55R16""]",tgp_solutions,unknown,"""2026-05-07T21:45:59.143Z""",Ram,Minivans
e6342e12-8c2b-4144-b90f-792cb81ed6df,2018,RAM Minivans,ProMaster City,SLT,SLT,87b1febb2226f91f,5x98,58.1,M12x1.25,35.00,35.00,"[""6.5x16""]","[""215/55R16""]",tgp_solutions,unknown,"""2026-05-07T21:45:59.143Z""",Ram,Minivans
9aba89b1-e8ce-451e-95a3-38dcaac93199,2018,RAM Minivans,ProMaster City,SLT w/aluminum wheels,SLT w/aluminum wheels,03a245a4457990c4,5x98,58.1,M12x1.25,35.00,35.00,"[""6.5x16""]","[""215/55R16""]",tgp_solutions,unknown,"""2026-05-07T21:45:59.143Z""",Ram,Minivans
c18a31ad-de2c-48a5-bd43-68d474aff94b,2018,RAM Minivans,ProMaster City,Tradesman,Tradesman,619ce1164a318901,5x98,58.1,M12x1.25,35.00,35.00,"[""6.5x16""]","[""215/55R16""]",tgp_solutions,unknown,"""2026-05-07T21:45:59.143Z""",Ram,Minivans
83e5604d-7a2b-4556-87b1-2384bd6c5092,2018,RAM Minivans,ProMaster City,Tradesman SLT,Tradesman SLT,302fc5551b814252,5x98,58.1,M12x1.25,35.00,35.00,"[""6.5x16""]","[""215/55R16""]",tgp_solutions,unknown,"""2026-05-07T21:45:59.143Z""",Ram,Minivans
6fca9b3c-2c18-4795-9708-f2bbbfdfa467,2018,RAM Minivans,ProMaster City,Tradesman SLT w/aluminum wheels,Tradesman SLT w/aluminum wheels,684354f50c8644ea,5x98,58.1,M12x1.25,35.00,35.00,"[""6.5x16""]","[""215/55R16""]",tgp_solutions,unknown,"""2026-05-07T21:45:59.143Z""",Ram,Minivans
6473b427-21e1-4245-ba0e-3dab16cfff46,2018,RAM Vans,ProMaster 1500,(118 inch wheelbase)(C-Type Tires),(118 inch wheelbase)(C-Type Tires),2ade75009bb9c230,5x130,78.3,M16x1.50,40.00,40.00,"[""6x16""]","[""225/75R16C""]",tgp_solutions,unknown,"""2026-05-07T21:45:59.143Z""",Ram,Vans
95c8f4e0-0bea-4539-913c-d3eda1088b14,2018,RAM Vans,ProMaster 1500,(136 inch wheelbase)(C-Type Tires),(136 inch wheelbase)(C-Type Tires),27292c681cc5b1c4,5x130,78.3,M16x1.50,40.00,40.00,"[""6x16""]","[""225/75R16C""]",tgp_solutions,unknown,"""2026-05-07T21:45:59.143Z""",Ram,Vans
f24becf3-4003-4aa2-bcdb-9386f9b7e77e,2018,RAM Vans,ProMaster 1500,Base,Base,9f7ba7f93f6b4ea2,5x130,78.3,M16x1.50,40.00,40.00,"[""6x16""]","[""LT225/75R16/E""]",tgp_solutions,unknown,"""2026-05-07T21:45:59.143Z""",Ram,Vans
4a042a0d-9bfe-4484-9048-a7178a950c92,2018,RAM Vans,ProMaster 2500,Base,Base,8d356d650342d43d,5x130,78.3,M16x1.50,40.00,40.00,"[""6x16""]","[""LT225/75R16/E""]",tgp_solutions,unknown,"""2026-05-07T21:45:59.143Z""",Ram,Vans
9042e2a3-a67f-4ac2-ba71-5cf46f73ac4a,2018,RAM Vans,ProMaster 3500,Base,Base,f8b6293343b09977,5x130,78.3,M16x1.50,40.00,40.00,"[""6x16""]","[""LT225/75R16/E""]",tgp_solutions,unknown,"""2026-05-07T21:45:59.143Z""",Ram,Vans
69272675-03c2-4fa0-afb6-3564bbd8fb30,2018,Toyota Minivans,Sienna,L,L,7096274ffcb52097,5x114.3,60.1,M12x1.50,38.00,38.00,"[""7x17""]","[""P235/60R17""]",tgp_solutions,unknown,"""2026-05-07T21:45:59.143Z""",Toyota,Minivans
474d095a-655f-43a7-aab0-1af93e10de6d,2018,Toyota Minivans,Sienna,LE (AWD),LE (AWD),7eb2bec35c62c787,5x114.3,60.1,M12x1.50,38.00,38.00,"[""7x18""]","[""235/55RF18""]",tgp_solutions,unknown,"""2026-05-07T21:45:59.143Z""",Toyota,Minivans
d703f634-2314-4ad8-98cd-3a58eb862a95,2018,Toyota Minivans,Sienna,LE (FWD),LE (FWD),715663adc8ce6f15,5x114.3,60.1,M12x1.50,38.00,38.00,"[""7x17""]","[""P235/60R17""]",tgp_solutions,unknown,"""2026-05-07T21:45:59.143Z""",Toyota,Minivans
d93947cd-32f9-4b2e-b728-623536f3ef54,2018,Toyota Minivans,Sienna,Limited (AWD),Limited (AWD),130f3429b48d8b8a,5x114.3,60.1,M12x1.50,38.00,38.00,"[""7x18""]","[""235/55RF18""]",tgp_solutions,unknown,"""2026-05-07T21:45:59.143Z""",Toyota,Minivans
df48bee6-7039-42e8-a170-4bf84992fbbf,2018,Toyota Minivans,Sienna,Limited (FWD),Limited (FWD),d0d469da1a37cfa8,5x114.3,60.1,M12x1.50,38.00,38.00,"[""7x18""]","[""235/55R18""]",tgp_solutions,unknown,"""2026-05-07T21:45:59.143Z""",Toyota,Minivans
2e2ad941-f086-4cb9-967d-53d996c5ec96,2018,Toyota Minivans,Sienna,Limited Premium (AWD),Limited Premium (AWD),209fa78a7b762fa8,5x114.3,60.1,M12x1.50,38.00,38.00,"[""7x18""]","[""235/55RF18""]",tgp_solutions,unknown,"""2026-05-07T21:45:59.143Z""",Toyota,Minivans
41ccc1ac-40f0-4b33-8205-4d55762d8b97,2018,Toyota Minivans,Sienna,Limited Premium (FWD),Limited Premium (FWD),9e66398f2e42fdac,5x114.3,60.1,M12x1.50,38.00,38.00,"[""7x18""]","[""235/55R18""]",tgp_solutions,unknown,"""2026-05-07T21:45:59.143Z""",Toyota,Minivans
63626e1a-8a88-4a5c-bc4a-dd63aee8db2d,2018,Toyota Minivans,Sienna,SE,SE,60c20ad9458d42b3,5x114.3,60.1,M12x1.50,38.00,38.00,"[""7x19""]","[""P235/50R19""]",tgp_solutions,unknown,"""2026-05-07T21:45:59.143Z""",Toyota,Minivans
b3f542de-d9c1-4e72-aac3-76b8e6f2a2b8,2018,Toyota Minivans,Sienna,SE Premium,SE Premium,a475c3fc193050cb,5x114.3,60.1,M12x1.50,38.00,38.00,"[""7x19""]","[""P235/50R19""]",tgp_solutions,unknown,"""2026-05-07T21:45:59.143Z""",Toyota,Minivans
1745bdbb-fa1e-4977-ba67-5b7302b93c7f,2018,Toyota Minivans,Sienna,XLE (AWD),XLE (AWD),3ed3d98e74c4772b,5x114.3,60.1,M12x1.50,38.00,38.00,"[""7x18""]","[""235/55RF18""]",tgp_solutions,unknown,"""2026-05-07T21:45:59.143Z""",Toyota,Minivans
ec2326c2-ec97-441b-b352-2892865e1180,2018,Toyota Minivans,Sienna,XLE (FWD),XLE (FWD),60fdfce43c0c469a,5x114.3,60.1,M12x1.50,38.00,38.00,"[""7x17""]","[""P235/60R17""]",tgp_solutions,unknown,"""2026-05-07T21:45:59.143Z""",Toyota,Minivans
c9720a0d-21e0-44a7-a15b-1f108fa2f5af,2018,Toyota Minivans,Sienna,XLE Premium (AWD),XLE Premium (AWD),b0c9d039c0bc0545,5x114.3,60.1,M12x1.50,38.00,38.00,"[""7x18""]","[""235/55RF18""]",tgp_solutions,unknown,"""2026-05-07T21:45:59.143Z""",Toyota,Minivans
2f212018-f630-404c-b634-2364d4d7b2d6,2018,Toyota Minivans,Sienna,XLE Premium (FWD),XLE Premium (FWD),8c8f27c6008eae9b,5x114.3,60.1,M12x1.50,38.00,38.00,"[""7x17""]","[""P235/60R17""]",tgp_solutions,unknown,"""2026-05-07T21:45:59.143Z""",Toyota,Minivans