id,year,make,model,display_trim,raw_trim,modification_id,bolt_pattern,center_bore_mm,thread_size,offset_min_mm,offset_max_mm,oem_wheel_sizes,oem_tire_sizes,source,quality_tier,created_at,missing_fields
92d0d0e4-9b53-4f9c-bcd7-b31a076cc73d,2018,Ferrari,812 Superfast,Base Front Base,Base Front Base,9a43834635633f2f,5x114.3,,,,,"[""10x20""]","{""rear"":[],""front"":[""275/35ZR20""]}",deprecated-staggered-split,unknown,"""2026-05-07T21:45:59.143Z""",center_bore_mm
d441b233-9d98-4aa5-92fb-f35174d8ec9a,2018,Ferrari,812 Superfast,Base Rear Base,Base Rear Base,9eb7736b991ab3a8,5x114.3,,,,,"[""11.5x20""]","{""rear"":[""315/35ZR20""],""front"":[]}",deprecated-staggered-split,unknown,"""2026-05-07T21:45:59.143Z""",center_bore_mm
2b1865cd-cb7e-47c0-aede-998bd7f0d66a,2018,Ferrari,GTC4Lusso,(Michelin Tires) Front (Michelin Tires),(Michelin Tires) Front (Michelin Tires),b5272eb949a251b1,5x114.3,,,,,"[""8.5x20""]","{""rear"":[],""front"":[""245/35ZR20""]}",deprecated-staggered-split,unknown,"""2026-05-07T21:45:59.143Z""",center_bore_mm
651331ce-5eeb-456b-adf6-a85b09e278e2,2018,Ferrari,GTC4Lusso,(Michelin Tires) Rear (Michelin Tires),(Michelin Tires) Rear (Michelin Tires),cf54ae88193cba31,5x114.3,,,,,"[""10.5x20""]","{""rear"":[""295/35ZR20""],""front"":[]}",deprecated-staggered-split,unknown,"""2026-05-07T21:45:59.143Z""",center_bore_mm
09d1f754-827d-4c34-ad03-5e9207b92497,2018,Ferrari,GTC4Lusso,Base Front Base,Base Front Base,668fac36b7b28850,5x114.3,,,,,"[""8.5x20""]","{""rear"":[],""front"":[""245/35ZR20""]}",deprecated-staggered-split,unknown,"""2026-05-07T21:45:59.143Z""",center_bore_mm
96cd9f19-8c5a-4ad4-8770-7cc29cf2db73,2018,Ferrari,GTC4Lusso,Base Rear Base,Base Rear Base,4756d7e74bb45e60,5x114.3,,,,,"[""10.5x20""]","{""rear"":[""295/35ZR20""],""front"":[]}",deprecated-staggered-split,unknown,"""2026-05-07T21:45:59.143Z""",center_bore_mm
19784583-3765-48a2-8509-f5f7eb1b9071,2018,Ferrari,GTC4Lusso T,(Michelin Tires) Front (Michelin Tires),(Michelin Tires) Front (Michelin Tires),9e87a1e963d951ce,5x114.3,,,,,"[""8.5x20""]","{""rear"":[],""front"":[""245/35ZR20""]}",deprecated-staggered-split,unknown,"""2026-05-07T21:45:59.143Z""",center_bore_mm
79aa91fc-fd54-410b-bd1e-ae178aa1e053,2018,Ferrari,GTC4Lusso T,(Michelin Tires) Rear (Michelin Tires),(Michelin Tires) Rear (Michelin Tires),9c4c3d13259f038f,5x114.3,,,,,"[""10.5x20""]","{""rear"":[""295/35ZR20""],""front"":[]}",deprecated-staggered-split,unknown,"""2026-05-07T21:45:59.143Z""",center_bore_mm
af47fad6-a7df-4e69-a45b-6dde40136c26,2018,Ferrari,GTC4Lusso T,Base Front Base,Base Front Base,d207d89c43cebe6a,5x114.3,,,,,"[""8.5x20""]","{""rear"":[],""front"":[""245/35ZR20""]}",deprecated-staggered-split,unknown,"""2026-05-07T21:45:59.143Z""",center_bore_mm
e1056452-35cb-4d75-a503-7e943d48cbf4,2018,Ferrari,GTC4Lusso T,Base Rear Base,Base Rear Base,80f146b3a58ed141,5x114.3,,,,,"[""10.5x20""]","{""rear"":[""295/35ZR20""],""front"":[]}",deprecated-staggered-split,unknown,"""2026-05-07T21:45:59.143Z""",center_bore_mm
b046f423-aae7-4d4d-8f8e-d3034a531a9d,2018,Ford,F-350 Super Duty,King Ranch 4x2 (DRW),King Ranch 4x2 (DRW),bd54135906796477,8x200,,M14x1.50,,,"[""6.5x17""]","[""LT245/75R17/E""]",tgp_solutions,unknown,"""2026-05-07T21:45:59.143Z""",center_bore_mm
b8e56c3c-a5f5-456c-b9d5-61426f16f711,2018,Ford,F-350 Super Duty,King Ranch 4x4 (DRW),King Ranch 4x4 (DRW),c88d6258f607930d,8x200,,M14x1.50,,,"[""6.5x17""]","[""LT245/75R17/E""]",tgp_solutions,unknown,"""2026-05-07T21:45:59.143Z""",center_bore_mm
480f6649-4f78-4128-a2b1-fb1c71956c28,2018,Ford,F-350 Super Duty,King Ranch 4x4 (DRW) w/Snow Plow Pkg.,King Ranch 4x4 (DRW) w/Snow Plow Pkg.,2c5d3f038eead914,8x200,,M14x1.50,,,"[""6.5x17""]","[""LT245/75R17/E""]",tgp_solutions,unknown,"""2026-05-07T21:45:59.143Z""",center_bore_mm
16374ad1-6f0a-4779-9a8a-937e1932d404,2018,Ford,F-350 Super Duty,Lariat 4x2 (DRW),Lariat 4x2 (DRW),7d45bcc284c9a4ee,8x200,,M14x1.50,,,"[""6.5x17""]","[""LT245/75R17/E""]",tgp_solutions,unknown,"""2026-05-07T21:45:59.143Z""",center_bore_mm
a4445559-3fdb-48a2-89a7-2c184a40a0f1,2018,Ford,F-350 Super Duty,Lariat 4x4 (DRW),Lariat 4x4 (DRW),ba031022ba2bbba8,8x200,,M14x1.50,,,"[""6.5x17""]","[""LT245/75R17/E""]",tgp_solutions,unknown,"""2026-05-07T21:45:59.143Z""",center_bore_mm
81c39b8b-3d26-41d7-9374-b35349a743bf,2018,Ford,F-350 Super Duty,Lariat 4x4 (DRW) w/Snow Plow Pkg.,Lariat 4x4 (DRW) w/Snow Plow Pkg.,a7df28a50a7cf5cf,8x200,,M14x1.50,,,"[""6.5x17""]","[""LT245/75R17/E""]",tgp_solutions,unknown,"""2026-05-07T21:45:59.143Z""",center_bore_mm
2b45e3db-5125-4a4e-bbae-c366fca2c34e,2018,Ford,F-350 Super Duty,Platinum (DRW),Platinum (DRW),a6258806e7b027d3,8x200,,M14x1.50,,,"[""6.5x17""]","[""LT245/75R17/E""]",tgp_solutions,unknown,"""2026-05-07T21:45:59.143Z""",center_bore_mm
ff312564-1692-4982-a4d8-30eceee9c2d5,2018,Ford,F-350 Super Duty,XL 4x2 (DRW),XL 4x2 (DRW),d06df270e22a25a4,8x200,,M14x1.50,,,"[""6.5x17""]","[""LT245/75R17/E""]",tgp_solutions,unknown,"""2026-05-07T21:45:59.143Z""",center_bore_mm
374dc1bc-c203-424e-9205-f4a20b4c5d0c,2018,Ford,F-350 Super Duty,XL 4x4 (DRW),XL 4x4 (DRW),9f21ce9cb8b4d598,8x200,,M14x1.50,,,"[""6.5x17""]","[""LT245/75R17/E""]",tgp_solutions,unknown,"""2026-05-07T21:45:59.143Z""",center_bore_mm
d0ef0093-0549-4dee-b095-5685bc172ef4,2018,Ford,F-350 Super Duty,XL 4x4 (DRW) w/Snow Plow Pkg.,XL 4x4 (DRW) w/Snow Plow Pkg.,d98991485503e60b,8x200,,M14x1.50,,,"[""6.5x17""]","[""LT245/75R17/E""]",tgp_solutions,unknown,"""2026-05-07T21:45:59.143Z""",center_bore_mm
3a107432-c386-4cc0-a7cd-2bcd8bf06df6,2018,Ford,F-350 Super Duty,XLT 4x2 (DRW),XLT 4x2 (DRW),cbfd059c0d7c9847,8x200,,M14x1.50,,,"[""6.5x17""]","[""LT245/75R17/E""]",tgp_solutions,unknown,"""2026-05-07T21:45:59.143Z""",center_bore_mm
f1570e85-99ec-4b62-978e-71a86d93056c,2018,Ford,F-350 Super Duty,XLT 4x4 (DRW),XLT 4x4 (DRW),dba847db87f9f7f4,8x200,,M14x1.50,,,"[""6.5x17""]","[""LT245/75R17/E""]",tgp_solutions,unknown,"""2026-05-07T21:45:59.143Z""",center_bore_mm
88f730bb-fa2c-4ded-8600-212cfb5f4649,2018,Ford,F-350 Super Duty,XLT 4x4 (DRW) w/Snow Plow Pkg.,XLT 4x4 (DRW) w/Snow Plow Pkg.,7699eec257b73ac4,8x200,,M14x1.50,,,"[""6.5x17""]","[""LT245/75R17/E""]",tgp_solutions,unknown,"""2026-05-07T21:45:59.143Z""",center_bore_mm
93ab84d4-27e0-46e0-8990-7fc2221e7a7d,2018,Ford,GT,Base Front Base,Base Front Base,e3546050e15d72c1,5x114.3,,M14x1.50,,,"[""8.5x20""]","{""rear"":[],""front"":[""245/35ZR20""]}",deprecated-staggered-split,unknown,"""2026-05-07T21:45:59.143Z""",center_bore_mm
79b99bd0-38ac-4600-a0c5-117a25af1b0b,2018,Ford,GT,Base Rear Base,Base Rear Base,7f5a2d3a8004ec97,5x114.3,,M14x1.50,,,"[""11.5x20""]","{""rear"":[""325/30ZR20""],""front"":[]}",deprecated-staggered-split,unknown,"""2026-05-07T21:45:59.143Z""",center_bore_mm
d22815ac-e792-4195-b034-a97963ef7214,2018,Lamborghini,Aventador,LP740-4 S (Center Lock) Front LP740-4 S (Center Lock),LP740-4 S (Center Lock) Front LP740-4 S (Center Lock),7dc32fb898ae7cf8,,57.0,,32.00,32.00,"[""9x20""]","{""rear"":[],""front"":[""255/30ZR20""]}",tgp_solutions,unknown,"""2026-05-07T21:45:59.143Z""",bolt_pattern
ce56838b-717d-49eb-b97f-d3860a4c468f,2018,Lamborghini,Aventador,LP740-4 S (Center Lock) Rear LP740-4 S (Center Lock),LP740-4 S (Center Lock) Rear LP740-4 S (Center Lock),782bc5a16b66867a,,70.0,,67.00,67.00,"[""13x21""]","{""rear"":[""355/25ZR21""],""front"":[]}",tgp_solutions,unknown,"""2026-05-07T21:45:59.143Z""",bolt_pattern
9f17faae-f31c-4b2e-9d3e-3b76339ba1f0,2018,Lamborghini,Huracan,Performante (Center Lock) Front Performante (Center Lock),Performante (Center Lock) Front Performante (Center Lock),400a32032aaae388,,57.0,M14x1.50B,42.00,42.00,"[""8.5x20""]","{""rear"":[],""front"":[""245/30ZR20""]}",tgp_solutions,unknown,"""2026-05-07T21:45:59.143Z""",bolt_pattern
17f9a270-df97-46b5-b045-a2858db4ff4e,2018,Lamborghini,Huracan,Performante (Center Lock) Rear Performante (Center Lock),Performante (Center Lock) Rear Performante (Center Lock),550ae62d3c985600,,66.0,M14x1.50B,40.00,40.00,"[""11x20""]","{""rear"":[""305/30ZR20""],""front"":[]}",tgp_solutions,unknown,"""2026-05-07T21:45:59.143Z""",bolt_pattern
a541f9be-c1b5-4398-81e4-17372d454ae8,2018,Lotus,Evora,Sport 410 Front Sport 410,Sport 410 Front Sport 410,2355304e22eed0d1,,,,,,"[""19""]","{""rear"":[],""front"":[""235/35ZR19""]}",deprecated-staggered-split,unknown,"""2026-05-07T21:45:59.143Z""",bolt_pattern;center_bore_mm
d74a5a6a-b88e-4182-94ae-1d979d5af32c,2018,Lotus,Evora,Sport 410 Rear Sport 410,Sport 410 Rear Sport 410,d1663bf74211d242,,,,,,"[""20""]","{""rear"":[""285/30ZR20""],""front"":[]}",deprecated-staggered-split,unknown,"""2026-05-07T21:45:59.143Z""",bolt_pattern;center_bore_mm
2a986a90-b350-4108-be32-c061544804b8,2018,Porsche,911,Carrera 4 GTS (Center Lock) Front Carrera 4 GTS (Center Lock),Carrera 4 GTS (Center Lock) Front Carrera 4 GTS (Center Lock),bb3e4eec03ffcaf9,,,,51.00,51.00,"[""9x20""]","{""rear"":[],""front"":[""245/35ZR20""]}",deprecated-staggered-split,unknown,"""2026-05-07T21:45:59.143Z""",bolt_pattern;center_bore_mm
1b7f93e9-d447-4834-a922-c908574ba315,2018,Porsche,911,Carrera 4 GTS (Center Lock) Rear Carrera 4 GTS (Center Lock),Carrera 4 GTS (Center Lock) Rear Carrera 4 GTS (Center Lock),5df7a63b0be616fe,,,,63.00,63.00,"[""12x20""]","{""rear"":[""305/30ZR20""],""front"":[]}",deprecated-staggered-split,unknown,"""2026-05-07T21:45:59.143Z""",bolt_pattern;center_bore_mm
dc688a7f-d86e-47bd-a5d0-f22afda38096,2018,Porsche,911,Carrera GTS (Center Lock) Front Carrera GTS (Center Lock),Carrera GTS (Center Lock) Front Carrera GTS (Center Lock),475be7fe7c68f953,,,,51.00,51.00,"[""9x20""]","{""rear"":[],""front"":[""245/35ZR20""]}",deprecated-staggered-split,unknown,"""2026-05-07T21:45:59.143Z""",bolt_pattern;center_bore_mm
5de686f9-fb13-4524-90f2-0f975fb32417,2018,Porsche,911,Carrera GTS (Center Lock) Rear Carrera GTS (Center Lock),Carrera GTS (Center Lock) Rear Carrera GTS (Center Lock),99bac494e414ce0f,,,,63.00,63.00,"[""12x20""]","{""rear"":[""305/30ZR20""],""front"":[]}",deprecated-staggered-split,unknown,"""2026-05-07T21:45:59.143Z""",bolt_pattern;center_bore_mm
4c59c587-11b4-4736-961c-949c496b4870,2018,Porsche,911,GT2 RS Front GT2 RS,GT2 RS Front GT2 RS,5689e5274484c5d4,,,,50.00,50.00,"[""9.5x20""]","{""rear"":[],""front"":[""265/35ZR20""]}",deprecated-staggered-split,unknown,"""2026-05-07T21:45:59.143Z""",bolt_pattern;center_bore_mm
e560d9f6-6299-45d4-ba79-c8dc38039d43,2018,Porsche,911,GT2 RS Rear GT2 RS,GT2 RS Rear GT2 RS,ca2cd14c9a53cdf1,,,,48.00,48.00,"[""12.5x21""]","{""rear"":[""325/30ZR21""],""front"":[]}",deprecated-staggered-split,unknown,"""2026-05-07T21:45:59.143Z""",bolt_pattern;center_bore_mm
84c7da42-fb2d-4a22-a4fd-c33cd3239bf7,2018,Porsche,911,GT3 Front GT3,GT3 Front GT3,6792554fdff6cf19,,,,55.00,55.00,"[""9x20""]","{""rear"":[],""front"":[""245/35ZR20""]}",deprecated-staggered-split,unknown,"""2026-05-07T21:45:59.143Z""",bolt_pattern;center_bore_mm
437f686c-bca9-4b7e-8fd8-8f70f629887f,2018,Porsche,911,GT3 RS Front GT3 RS,GT3 RS Front GT3 RS,1390c663bd29c24b,,,,50.00,50.00,"[""9.5x20""]","{""rear"":[],""front"":[""265/35ZR20""]}",deprecated-staggered-split,unknown,"""2026-05-07T21:45:59.143Z""",bolt_pattern;center_bore_mm
9aba0989-ee61-49fa-b8b7-6867cb0f7f5f,2018,Porsche,911,GT3 RS Rear GT3 RS,GT3 RS Rear GT3 RS,ed37c4216c52154e,,,,48.00,48.00,"[""12.5x21""]","{""rear"":[""325/30ZR21""],""front"":[]}",deprecated-staggered-split,unknown,"""2026-05-07T21:45:59.143Z""",bolt_pattern;center_bore_mm
cb0c4c3c-81bf-4888-a358-27d1abe786d4,2018,Porsche,911,GT3 Rear GT3,GT3 Rear GT3,8fcf4730259a0d22,,,,47.00,47.00,"[""12x20""]","{""rear"":[""305/30ZR20""],""front"":[]}",deprecated-staggered-split,unknown,"""2026-05-07T21:45:59.143Z""",bolt_pattern;center_bore_mm
e906d45f-7646-4e46-b22d-28aa0fafb801,2018,Porsche,911,Targa 4 GTS (Center Lock) Front Targa 4 GTS (Center Lock),Targa 4 GTS (Center Lock) Front Targa 4 GTS (Center Lock),a065223d20594090,,,,51.00,51.00,"[""9x20""]","{""rear"":[],""front"":[""245/35ZR20""]}",deprecated-staggered-split,unknown,"""2026-05-07T21:45:59.143Z""",bolt_pattern;center_bore_mm
1309d5e5-aca6-4356-96d6-442f976b413a,2018,Porsche,911,Targa 4 GTS (Center Lock) Rear Targa 4 GTS (Center Lock),Targa 4 GTS (Center Lock) Rear Targa 4 GTS (Center Lock),029816bdcc5687b4,,,,63.00,63.00,"[""12x20""]","{""rear"":[""305/30ZR20""],""front"":[]}",deprecated-staggered-split,unknown,"""2026-05-07T21:45:59.143Z""",bolt_pattern;center_bore_mm
9b23716a-ecfc-4b4a-865c-f55845503581,2018,Porsche,911,Turbo (Center Lock) Front Turbo (Center Lock),Turbo (Center Lock) Front Turbo (Center Lock),c6593c0e220738b9,,,,51.00,51.00,"[""9x20""]","{""rear"":[],""front"":[""245/35ZR20""]}",deprecated-staggered-split,unknown,"""2026-05-07T21:45:59.143Z""",bolt_pattern;center_bore_mm
b4126e77-8581-44d1-90d8-d6e543263662,2018,Porsche,911,Turbo (Center Lock) Rear Turbo (Center Lock),Turbo (Center Lock) Rear Turbo (Center Lock),9167d6397383c3e3,,,,56.00,56.00,"[""11.5x20""]","{""rear"":[""305/30ZR20""],""front"":[]}",deprecated-staggered-split,unknown,"""2026-05-07T21:45:59.143Z""",bolt_pattern;center_bore_mm
5062400a-2a9f-4f93-94f5-fa5392575719,2018,Porsche,911,Turbo S (Center Lock) Front Turbo S (Center Lock),Turbo S (Center Lock) Front Turbo S (Center Lock),15f41da41900fbc8,,,,51.00,51.00,"[""9x20""]","{""rear"":[],""front"":[""245/35ZR20""]}",deprecated-staggered-split,unknown,"""2026-05-07T21:45:59.143Z""",bolt_pattern;center_bore_mm
e718cd3f-8873-4543-b684-7981f317bb2a,2018,Porsche,911,Turbo S (Center Lock) Rear Turbo S (Center Lock),Turbo S (Center Lock) Rear Turbo S (Center Lock),3ed4bd270811e174,,,,56.00,56.00,"[""11.5x20""]","{""rear"":[""305/30ZR20""],""front"":[]}",deprecated-staggered-split,unknown,"""2026-05-07T21:45:59.143Z""",bolt_pattern;center_bore_mm
623d84bb-90a5-4d81-8a30-3cd8903c4225,2018,Porsche,911,Turbo S Exclusive Series (Center Lock) Front Turbo S Exclusive Series (Center Lock),Turbo S Exclusive Series (Center Lock) Front Turbo S Exclusive Series (Center Lock),ccf0a33300813e7f,,,,51.00,51.00,"[""9x20""]","{""rear"":[],""front"":[""245/35ZR20""]}",deprecated-staggered-split,unknown,"""2026-05-07T21:45:59.143Z""",bolt_pattern;center_bore_mm
efb8c63d-45cb-48c0-a40b-d5deddcdd96d,2018,Porsche,911,Turbo S Exclusive Series (Center Lock) Rear Turbo S Exclusive Series (Center Lock),Turbo S Exclusive Series (Center Lock) Rear Turbo S Exclusive Series (Center Lock),bff691911ae3ac87,,,,56.00,56.00,"[""11.5x20""]","{""rear"":[""305/30ZR20""],""front"":[]}",deprecated-staggered-split,unknown,"""2026-05-07T21:45:59.143Z""",bolt_pattern;center_bore_mm