id,year,make,model,trim,source,range,our_bolt,rk_bolt,bolt,our_bore,rk_bore,bore,our_stud,rk_stud,stud,rk_ref
"c65c0cf7-094a-491a-b75d-8fdf335c3bd5","2012","bmw","7-series","Base","trim-research","open","5x120","5x120","agree","72.5","72.5","agree","","M12x1.5","ours-missing","BMW 745I 2003 >"
"bdf23b5f-084f-469b-bb05-cb33197c39d3","2020","bmw","7-series","Base","trim-research","open","5x112","5x120","disagree","66.6","72.5","disagree","","M12x1.5","ours-missing","BMW 745I 2003 >"
"75145f2d-3a4c-451a-9458-edf3dda9c767","1993","audi","80","B4","90s-research-batch","tight","4x108","4x108","agree","57.1","57.1","agree","","M14x1.5","ours-missing","AUDI 80/ 90 QUATTRO 1988-95"
"567975a0-22a3-4950-8204-54ac88cf88ab","1994","audi","80","B4","90s-research-batch","tight","4x108","4x108","agree","57.1","57.1","agree","","M14x1.5","ours-missing","AUDI 80/ 90 QUATTRO 1988-95"
"6bd3d97d-9742-43bd-bf46-c60c070840ec","1995","audi","80","B4","90s-research-batch","tight","4x108","4x108","agree","57.1","57.1","agree","","M14x1.5","ours-missing","AUDI 80/ 90 QUATTRO 1988-95"
"562d836c-cff8-4c46-8fdc-be202f16ca0f","2003","bmw","z4","2.5i","google-ai-overview","tight","5x120","5x120","agree","72.6","72.5","agree","","M12x1.5","ours-missing","BMW Z4 2003 > ; BMW Z4 2.5 2003-06 ; BMW Z4 3.0 2003-08"
"3945228e-0374-412d-a8c6-063b4261d708","2003","bmw","z4","M Roadster","google-ai-overview","tight","5x120","5x120","agree","72.6","72.5","agree","","M12x1.5","ours-missing","BMW Z4 2003 > ; BMW Z4 2.5 2003-06 ; BMW Z4 3.0 2003-08"
"f595427f-fdda-43c8-81db-30cc91c0c236","2004","bmw","z4","2.5i","google-ai-overview","tight","5x120","5x120","agree","72.6","72.5","agree","","M12x1.5","ours-missing","BMW Z4 2003 > ; BMW Z4 2.5 2003-06 ; BMW Z4 3.0 2003-08"
"4ac483e5-321a-4b37-bf1e-2544833a8b08","2004","bmw","z4","3.0si","google-ai-overview","tight","5x120","5x120","agree","72.6","72.5","agree","","M12x1.5","ours-missing","BMW Z4 2003 > ; BMW Z4 2.5 2003-06 ; BMW Z4 3.0 2003-08"
"e0ab983d-f386-4de0-94c2-9c7a414d0195","2005","bmw","z4","2.5i","google-ai-overview","tight","5x120","5x120","agree","72.6","72.5","agree","","M12x1.5","ours-missing","BMW Z4 2003 > ; BMW Z4 2.5 2003-06 ; BMW Z4 3.0 2003-08"
"bb78c861-2ed9-49a5-a852-0f09aeb7e3a9","2005","bmw","z4","3.0i","google-ai-overview","tight","5x120","5x120","agree","72.6","72.5","agree","","M12x1.5","ours-missing","BMW Z4 2003 > ; BMW Z4 2.5 2003-06 ; BMW Z4 3.0 2003-08"
"1d6d9357-773f-42c4-a900-7c1f81c3918a","2006","bmw","z4","3.0si","google-ai-overview","tight","5x120","5x120","agree","72.6","72.5","agree","","M12x1.5","ours-missing","BMW Z4 2003 > ; BMW Z4 2.5 2003-06 ; BMW Z4 3.0 2003-08"
"29923bca-66ed-4783-b966-c3de51bf8481","2007","bmw","z4","2.5i","google-ai-overview","tight","5x120","5x120","agree","72.6","72.5","agree","","M12x1.5","ours-missing","BMW Z4 2003 > ; BMW Z4 3.0 2003-08 ; BMW Z4 M 3.2 2007-08"
"a4ff0005-e23d-4428-b432-57b354597014","2007","bmw","z4","M Roadster","google-ai-overview","tight","5x120","5x120","agree","72.6","72.5","agree","","M12x1.5","ours-missing","BMW Z4 2003 > ; BMW Z4 3.0 2003-08 ; BMW Z4 M 3.2 2007-08"
"0e190117-59b3-4cab-bf34-49f45d111584","2009","bmw","z4","sDrive35i","google-ai-overview","tight","5x120","5x120","agree","72.6","72.5","agree","","M12x1.5","ours-missing","BMW Z4 2003 >"
"41240e36-2c53-4631-bdd5-2ba8fdd550b9","2009","bmw","z4","sDrive35is","google-ai-overview","tight","5x120","5x120","agree","72.6","72.5","agree","","M12x1.5","ours-missing","BMW Z4 2003 >"
"c02841ed-05ed-448c-a948-6ad93e4172b7","2010","bmw","z4","sDrive35i","google-ai-overview","tight","5x120","5x120","agree","72.6","72.5","agree","","M12x1.5","ours-missing","BMW Z4 2003 >"
"67640d0f-7adb-4796-8943-c3988c5eaca9","2010","bmw","z4","sDrive35is","google-ai-overview","tight","5x120","5x120","agree","72.6","72.5","agree","","M12x1.5","ours-missing","BMW Z4 2003 >"
"e4aab36b-840d-47a4-bb21-9351750e2f2c","2011","bmw","z4","sDrive35is","google-ai-overview","tight","5x120","5x120","agree","72.6","72.5","agree","","M12x1.5","ours-missing","BMW Z4 2003 >"
"ce59b1ab-5a55-4300-b6b4-2316ee0f6af6","2012","bmw","z4","sDrive28i","google-ai-overview","open","5x120","5x120","agree","72.6","72.5","agree","","M12x1.5","ours-missing","BMW Z4 2003 >"
"6a8714d1-3ca7-4662-863a-78d663c574fd","2012","bmw","z4","sDrive35i","google-ai-overview","open","5x120","5x120","agree","72.6","72.5","agree","","M12x1.5","ours-missing","BMW Z4 2003 >"
"72b75750-6af6-45cf-abb7-0a8a987a894e","2013","bmw","z4","sDrive35i","google-ai-overview","open","5x120","5x120","agree","72.6","72.5","agree","","M12x1.5","ours-missing","BMW Z4 2003 >"
"7ebee707-c325-4ee1-8fce-002711f64c71","2014","bmw","z4","sDrive35i","google-ai-overview","open","5x120","5x120","agree","72.6","72.5","agree","","M12x1.5","ours-missing","BMW Z4 2003 >"
"330fefeb-2dfc-4591-bbbb-0226df9a9be4","2014","bmw","z4","sDrive35is","google-ai-overview","open","5x120","5x120","agree","72.6","72.5","agree","","M12x1.5","ours-missing","BMW Z4 2003 >"
"2bc639ae-5a43-49b0-bc8e-25f814a42127","2015","bmw","z4","sDrive35i","google-ai-overview","open","5x120","5x120","agree","72.6","72.5","agree","","M12x1.5","ours-missing","BMW Z4 2003 >"
"1eac2dd1-700e-44a0-92ac-33220fdd74ab","2016","bmw","z4","sDrive28i","google-ai-overview","open","5x120","5x120","agree","72.6","72.5","agree","","M12x1.5","ours-missing","BMW Z4 2003 >"
"edf3e9ff-3d9f-43f6-a7b1-c00b2ed7355c","2016","bmw","z4","sDrive35is","google-ai-overview","open","5x120","5x120","agree","72.6","72.5","agree","","M12x1.5","ours-missing","BMW Z4 2003 >"
"b70f0522-0acf-41c7-9d88-2c8f6aaaefbd","2020","bmw","z4","sDrive30i","google-ai-overview","open","5x120","5x120","agree","72.6","72.5","agree","","M12x1.5","ours-missing","BMW Z4 2003 >"
"229291cf-bcef-451b-805c-1004b5555915","2025","bmw","z4","sDrive30i","google-ai-overview","open","5x120","5x120","agree","72.6","72.5","agree","","M12x1.5","ours-missing","BMW Z4 2003 >"
"21d2b16b-2018-404f-b422-0192c2b75279","2011","bmw","6-series","Base","verified-research [sizes-inherited]","tight","5x120","5x120","agree","72.6","74.1","disagree","","M12x1.5","ours-missing","BMW 6 SERIES 2004 >"
"cd4041f2-7762-470c-a356-d2a01351541a","2015","bmw","6-series","Base","trim-research","open","5x120","5x120","agree","72.5","74.1","disagree","","M12x1.5","ours-missing","BMW 6 SERIES 2004 >"
"0e952525-324e-4231-8668-7a209783050e","2016","bmw","6-series","Base","trim-research","open","5x120","5x120","agree","72.5","74.1","disagree","","M12x1.5","ours-missing","BMW 6 SERIES 2004 >"
"7831aad0-c586-4f3e-a0c1-24ccc49e0b8b","1997","bmw","7-series","Base","90s-research-batch","tight","5x120","5x120","agree","72.6","72.5","agree","","M12x1.5","ours-missing","BMW 740, 750 1989-01 ; BMW 740, 750 1995-02"
"0f4ce739-4cc6-425b-8d26-94af92ea7e82","2003","bmw","7-series","Base","trim-research","tight","5x120","5x120","agree","72.5","72.5","agree","","M14x1.5|M12x1.5","ours-missing","BMW 745, 750, 760 2002-08 ; BMW 745I 2003 >"
"5abd5d72-70f8-42ee-a0e7-f4c77a7eb7af","2007","bmw","7-series","Base","trim-research","tight","5x120","5x120","agree","72.5","72.5","agree","","M14x1.5|M12x1.5","ours-missing","BMW 745, 750, 760 2002-08 ; BMW 745I 2003 >"
"7b8f9e8b-16c6-4eb0-89ba-88cbb0e10b08","1998","jaguar","xj8","Base","90s-research-batch","tight","5x120.7","5x120.7","agree","73.8","74.1","disagree","","1/2","ours-missing","JAGUAR XJ, XJ8, XJ8L, VANDAN PLAS 1991-03"
"bfaf549e-3217-46c2-80a5-6e4b9f0c87fd","1998","jaguar","xk8","Base","90s-research-batch","tight","5x120.7","5x108","disagree","73.8","74.1","disagree","","1/2","ours-missing","JAGUAR XK8 1997-06"
"8d9b5e65-b888-4800-b541-e40e6cfa8961","1999","jaguar","xk8","Base","90s-research-batch","tight","5x120.7","5x108","disagree","73.8","74.1","disagree","","1/2","ours-missing","JAGUAR XK8 1997-06"
"1b48a4c8-37ce-4595-8498-3b9d42a849dd","2005","bmw","7-series","Base","trim-research","tight","5x120","5x120","agree","72.5","72.5","agree","","M14x1.5|M12x1.5","ours-missing","BMW 745, 750, 760 2002-08 ; BMW 745I 2003 >"
"f0160f4d-8106-452f-b6bb-188a5ed55951","1999","jaguar","xj8","Base","90s-research-batch","tight","5x120.7","5x120.7","agree","73.8","74.1","disagree","","1/2","ours-missing","JAGUAR XJ, XJ8, XJ8L, VANDAN PLAS 1991-03"
"d918d507-28a8-421c-8084-99eed8353062","1997","jaguar","xk8","Base","90s-research-batch","tight","5x120.7","5x108","disagree","73.8","74.1","disagree","","1/2","ours-missing","JAGUAR XK8 1997-06"
"708b592d-8792-46f4-af47-d35b445eb188","2020","nissan","frontier","Base","gap-fix","open","6x114.3","6x139.7","disagree","66.1","100","disagree","","M12x1.25","ours-missing","NISSAN FRONTIER 1998 >"
"12593874-65a9-45cb-93a4-082e6a7a6f73","2021","nissan","frontier","Base","gap-fix","open","6x114.3","6x139.7","disagree","66.1","100","disagree","","M12x1.25","ours-missing","NISSAN FRONTIER 1998 >"
"db38ed15-589e-4347-8853-0ec2f410e15a","2022","nissan","frontier","Base","gap-fix","open","6x114.3","6x139.7","disagree","66.1","100","disagree","","M12x1.25","ours-missing","NISSAN FRONTIER 1998 >"
"4c6cf4eb-3333-4e86-ac84-e3ef4c77c2c4","2023","nissan","frontier","Base","gap-fix","open","6x114.3","6x139.7","disagree","66.1","100","disagree","","M12x1.25","ours-missing","NISSAN FRONTIER 1998 >"
"6fa69211-e5c3-4f3c-83cc-ac1f6412016c","2024","nissan","frontier","Base","priority-fix","open","6x114.3","6x139.7","disagree","66.1","100","disagree","","M12x1.25","ours-missing","NISSAN FRONTIER 1998 >"
"945fa66a-2784-4b65-b402-cd5aaa4a4423","1990","saab","900","Base","90s-research-batch","tight","4x108","4x108","agree","65.1","65.1","agree","","M12x1.25|M14x1.5","ours-missing","SAAB 900 1988-94 ; SAAB 900 1990-93"
"fc472f9b-59f2-4ca9-9ebd-57403781e9ff","1991","saab","900","Base","90s-research-batch","tight","4x108","4x108","agree","65.1","65.1","agree","","M12x1.25|M14x1.5","ours-missing","SAAB 900 1988-94 ; SAAB 900 1990-93"
"b8b2f32e-b4d8-401d-b41b-fb203ef02b88","1992","saab","900","Base","90s-research-batch","tight","4x108","4x108","agree","65.1","65.1","agree","","M12x1.25|M14x1.5","ours-missing","SAAB 900 1988-94 ; SAAB 900 1990-93"
"3762e566-90ef-4b90-8817-fe1ee953de66","1993","saab","900","Base","90s-research-batch","tight","4x108","4x108","agree","65.1","65.1","agree","","M12x1.25|M14x1.5","ours-missing","SAAB 900 1988-94 ; SAAB 900 1990-93"
"3efdae18-79af-481a-a0f7-90e66d347085","1994","saab","900","Base","90s-research-batch","tight","5x110","4x108|5x110","agree","65.1","65.1","agree","","M12x1.25|M14x1.5","ours-missing","SAAB 900 1988-94 ; SAAB 900 1994-97"
"7fd6f2de-c328-4af6-b065-e5ea3e120a50","1995","saab","900","Base","90s-research-batch","tight","5x110","5x110","agree","65.1","65.1","agree","","M14x1.5","ours-missing","SAAB 900 1994-97"
"3246e6ef-b01b-4edf-b193-bc11ea800cae","1996","saab","900","Base","90s-research-batch","tight","5x110","5x110","agree","65.1","65.1","agree","","M14x1.5","ours-missing","SAAB 900 1994-97"
"943cb3a4-bbf6-4b89-9051-a0b553248864","1997","saab","900","Base","90s-research-batch","tight","5x110","5x110","agree","65.1","65.1","agree","","M14x1.5","ours-missing","SAAB 900 1994-97"
"7f8ac288-6418-4174-86de-b0f047eae28d","1990","saab","9000","Base","90s-research-batch","tight","4x108","4x108","agree","65.1","65.1","agree","","M12x1.25","ours-missing","SAAB 9000 1986-97"
"ebcb0d4e-97b1-46af-9bf2-355e642a3df7","1991","saab","9000","Base","90s-research-batch","tight","4x108","4x108","agree","65.1","65.1","agree","","M12x1.25","ours-missing","SAAB 9000 1986-97"
"0a31ca08-ff47-4a22-8d3c-e506d165ac09","1992","saab","9000","Base","90s-research-batch","tight","4x108","4x108","agree","65.1","65.1","agree","","M12x1.25","ours-missing","SAAB 9000 1986-97"
"2318e9f5-bd5c-42da-9d6f-24fc4839698a","1993","saab","9000","Base","90s-research-batch","tight","4x108","4x108","agree","65.1","65.1","agree","","M12x1.25","ours-missing","SAAB 9000 1986-97"
"4688274e-ddb5-4b1c-a9af-80cabce545f0","1994","saab","9000","Base","90s-research-batch","tight","4x108","4x108","agree","65.1","65.1","agree","","M12x1.25","ours-missing","SAAB 9000 1986-97"
"cdeef1d1-0fbd-4552-8fa6-eb583e88a159","1995","saab","9000","Base","90s-research-batch","tight","4x108","4x108","agree","65.1","65.1","agree","","M12x1.25","ours-missing","SAAB 9000 1986-97"
"47184961-d4ff-4f47-b67d-b9959f0721d8","1996","saab","9000","Base","90s-research-batch","tight","4x108","4x108","agree","65.1","65.1","agree","","M12x1.25","ours-missing","SAAB 9000 1986-97"
"36625abe-2614-4ee7-8563-e055f08c4172","1997","saab","9000","Base","90s-research-batch","tight","4x108","4x108","agree","65.1","65.1","agree","","M12x1.25","ours-missing","SAAB 9000 1986-97"
"be3df777-897e-4926-91b3-37f8f2a3d5f3","1998","saab","9000","Base","90s-research-batch","tight","4x108","4x108","agree","65.1","65.1","agree","","M12x1.25","ours-missing","SAAB 9000, 9000CSE 1998"
"4cc21aa7-0aee-4637-9df2-2f1140bb1bd8","1993","volvo","850","Base","90s-research-batch","tight","5x108","4x108","disagree","65.1","65.1","agree","","M12x1.5","ours-missing","VOLVO 850 1992-93"
"00e321a8-1c3d-4f38-b676-9d6acc278d0a","1994","volvo","850","Base","90s-research-batch","tight","5x108","5x108","agree","65.1","65.1","agree","","M12x1.5","ours-missing","VOLVO 850, 850 TURBO 1994 >"
"13b5ae07-4d7f-4021-9c9f-ebe5537a0ef7","1995","volvo","850","Base","90s-research-batch","tight","5x108","5x108","agree","65.1","65.1","agree","","M12x1.5","ours-missing","VOLVO 850, 850 TURBO 1994 >"
"b01365f9-6823-41f8-9f78-01e63a426da8","1996","volvo","850","Base","90s-research-batch","tight","5x108","5x108","agree","65.1","65.1","agree","","M12x1.5","ours-missing","VOLVO 850, 850 TURBO 1994 >"
"5694d66d-9483-4df4-8b41-49f143f8bc31","1997","volvo","850","Base","90s-research-batch","tight","5x108","5x108","agree","65.1","65.1","agree","","M12x1.5","ours-missing","VOLVO 850, 850 TURBO 1994 >"
"03b402e0-9527-4a47-9f1a-950f221847f0","1991","volvo","940","Base","90s-research-batch","tight","5x108","5x108","agree","65.1","65.1","agree","","M12x1.5","ours-missing","VOLVO 940 1991-95 ; VOLVO 940 1991-96"
"ee554dc7-b3f4-4dd4-9cef-7d1753453b19","1992","volvo","940","Base","90s-research-batch","tight","5x108","5x108","agree","65.1","65.1","agree","","M12x1.5","ours-missing","VOLVO 940 1991-95 ; VOLVO 940 1991-96 ; VOLVO 940 1992-97"
"b7a3f136-dcf7-4cb8-baa9-01dc0f92b0f3","1993","volvo","940","Base","90s-research-batch","tight","5x108","5x108","agree","65.1","65.1","agree","","M12x1.5","ours-missing","VOLVO 940 1991-95 ; VOLVO 940 1991-96 ; VOLVO 940 1992-97"
"aa6eca73-6d27-4bcc-b685-40297c35ae0b","1994","volvo","940","Base","90s-research-batch","tight","5x108","5x108","agree","65.1","65.1","agree","","M12x1.5","ours-missing","VOLVO 940 1991-95 ; VOLVO 940 1991-96 ; VOLVO 940 1992-97"
"80f25c14-10f4-452d-99ad-0c4d94ff5660","1995","volvo","940","Base","90s-research-batch","tight","5x108","5x108","agree","65.1","65.1","agree","","M12x1.5","ours-missing","VOLVO 940 1991-95 ; VOLVO 940 1991-96 ; VOLVO 940 1992-97"
"ece2774f-c365-4d5c-ab0b-ed3d55cb6d43","1995","volvo","960","Base","90s-research-batch","tight","5x108","5x108","agree","65.1","65.1","agree","","M12x1.5|M12x1.75","ours-missing","VOLVO 960 1995 > ; VOLVO 960 1995-97"
"f4527e97-6bf7-4a0d-be67-851531d1a15d","1996","volvo","960","Base","90s-research-batch","tight","5x108","5x108","agree","65.1","65.1","agree","","M12x1.5|M12x1.75","ours-missing","VOLVO 960 1995 > ; VOLVO 960 1995-97"
"8ea26742-18c3-4f86-a32e-844293d9b056","1997","volvo","960","Base","90s-research-batch","tight","5x108","5x108","agree","65.1","65.1","agree","","M12x1.5|M12x1.75","ours-missing","VOLVO 960 1995 > ; VOLVO 960 1995-97"
"ba62784d-6a55-400d-a770-1200c374b5e8","1990","audi","100","C3","90s-research-batch","tight","4x108","4x108","agree","57.1","57.1","agree","","M14x1.5","ours-missing","AUDI 90/ 100 1989-91"
"478ecfdb-7816-415d-8df8-32c9f78488f4","1991","audi","100","C4","90s-research-batch","tight","5x112","4x108","disagree","57.1","57.1","agree","","M14x1.5","ours-missing","AUDI 90/ 100 1989-91"
"4ae864f0-923f-48c6-902f-3d783786d89e","1990","audi","80","B3/B4","90s-research-batch","tight","4x108","4x108","agree","57.1","57.1","agree","","M14x1.5","ours-missing","AUDI 80/ 90 QUATTRO 1988-95"
"a4a505e6-ff87-4423-8b0b-a0c35c6f33d4","1991","audi","80","B3/B4","90s-research-batch","tight","4x108","4x108","agree","57.1","57.1","agree","","M14x1.5","ours-missing","AUDI 80/ 90 QUATTRO 1988-95"
"731f378c-0648-407a-893f-cd89399dd5fc","1992","audi","80","B4","90s-research-batch","tight","4x108","4x108","agree","57.1","57.1","agree","","M14x1.5","ours-missing","AUDI 80/ 90 QUATTRO 1988-95"
"d7f91f09-9741-49be-83ca-53c478764d46","1990","audi","90","B3","90s-research-batch","tight","4x108","4x108","agree","57.1","57.1","agree","","M14x1.5","ours-missing","AUDI 90/ 100 1989-91"
"7bceed31-3d47-4faf-8085-429d07ab605b","1991","audi","90","B3","90s-research-batch","tight","4x108","4x108","agree","57.1","57.1","agree","","M14x1.5","ours-missing","AUDI 90/ 100 1989-91"
"7f5fa7a8-9736-4141-bc32-d0f3033a0bf1","1995","audi","a6","C4","90s-research-batch","tight","5x112","5x112","agree","57.1","57.1","agree","","M14x1.5","ours-missing","AUDI A6 1995 > ; AUDI A6 1.8T (LARGER CALIPERS) 1995 > ; AUDI A6 2.7T, 4.2 (LARGER CALIPERS) 1995 > ; AUDI A6 2.7T, 4.2 (LARGER CALIPERS) 1995-08 ; AUDI A6, 6.8, 3.0, 3.2 1995-08"
"660b1ede-4f89-4a17-9324-aec8072d8ac4","1996","audi","a6","C4","90s-research-batch","tight","5x112","5x112","agree","57.1","57.1","agree","","M14x1.5","ours-missing","AUDI A6 1995 > ; AUDI A6 1.8T (LARGER CALIPERS) 1995 > ; AUDI A6 2.7T, 4.2 (LARGER CALIPERS) 1995 > ; AUDI A6 2.7T, 4.2 (LARGER CALIPERS) 1995-08 ; AUDI A6, 6.8, 3.0, 3.2 1995-08"
"26ba958d-7b13-4a93-adf5-d63eb05e92fa","1997","audi","a6","C4","90s-research-batch","tight","5x112","5x112","agree","57.1","57.1","agree","","M14x1.5","ours-missing","AUDI A6 1995 > ; AUDI A6 1.8T (LARGER CALIPERS) 1995 > ; AUDI A6 2.7T, 4.2 (LARGER CALIPERS) 1995 > ; AUDI A6 2.7T, 4.2 (LARGER CALIPERS) 1995-08 ; AUDI A6, 6.8, 3.0, 3.2 1995-08"
"e14ca1c7-0473-437d-a18f-9e4f449bca51","1997","audi","a8","D2","90s-research-batch","tight","5x112","5x112","agree","66.6","57.1","disagree","","M14x1.5","ours-missing","AUDI A8 & A8L 1997 > ; AUDI A8, A8 4.2, A8 6.0 & A8L 1997-08"
"36c65887-b611-42de-8e62-b6138108a335","1998","audi","a8","D2","90s-research-batch","tight","5x112","5x112","agree","66.6","57.1","disagree","","M14x1.5","ours-missing","AUDI A8 & A8L 1997 > ; AUDI A8, A8 4.2, A8 6.0 & A8L 1997-08"
"9bcac78d-86f1-4230-9f3d-4b12a1c52f8d","1999","audi","a8","D2","90s-research-batch","tight","5x112","5x112","agree","66.6","57.1","disagree","","M14x1.5","ours-missing","AUDI A8 & A8L 1997 > ; AUDI A8, A8 4.2, A8 6.0 & A8L 1997-08"
"5eeb2376-8395-459c-941a-e590aba1f90c","1990","audi","coupe","B3","90s-research-batch","tight","4x108","4x108","agree","57.1","57.1","agree","","M14x1.5","ours-missing","AUDI COUPE 1985-90"
"cbe9a3aa-b4d0-4d13-80d7-fba77db135cf","1993","audi","s4","C4","90s-research-batch","tight","5x112","5x112","agree","57.1","57.1","agree","","M14x1.5","ours-missing","AUDI S4 (LARGER CALIPERS) 1993-08"
"46004ebb-8f47-47af-942c-53e282af2b65","1994","audi","s4","C4","90s-research-batch","tight","5x112","5x112","agree","57.1","57.1","agree","","M14x1.5","ours-missing","AUDI S4 (LARGER CALIPERS) 1993-08"
"400680a5-c8d3-4f2f-8c2e-fdce9864661f","1997","bmw","5-series","Base","90s-research-batch","tight","5x120","5x120","agree","74.1","74.1","agree","","M12x1.5","ours-missing","BMW 5 SERIES 1997 > ; BMW 5 SERIES 1997-08"
"0c72869f-aa86-45cf-8f0f-49814d876f07","1998","bmw","5-series","Base","90s-research-batch","tight","5x120","5x120","agree","74.1","74.1","agree","","M12x1.5","ours-missing","BMW 5 SERIES 1997 > ; BMW 5 SERIES 1997-08"
"e169d303-be50-4a73-81ef-a6e905509813","1999","bmw","5-series","Base","90s-research-batch","tight","5x120","5x120","agree","74.1","74.1","agree","","M12x1.5","ours-missing","BMW 5 SERIES 1997 > ; BMW 5 SERIES 1997-08"
"63e358a3-e0ef-4e5b-a9fa-3f9953fa4a40","2004","bmw","6-series","Base","trim-research","tight","5x120","5x120","agree","72.5","74.1|72.5","agree","","M12x1.5","ours-missing","BMW 6 SERIES 2004 > ; BMW 6 SERIES 2004-08"
"e6fed19f-f23d-4a43-88b8-d08c5e8b8de0","2005","bmw","6-series","Base","trim-research","tight","5x120","5x120","agree","72.5","74.1|72.5","agree","","M12x1.5","ours-missing","BMW 6 SERIES 2004 > ; BMW 6 SERIES 2004-08"
"8b2af177-31e2-4072-8ae6-9ef1db65a3ec","2006","bmw","6-series","Base","trim-research","tight","5x120","5x120","agree","72.5","74.1|72.5","agree","","M12x1.5","ours-missing","BMW 6 SERIES 2004 > ; BMW 6 SERIES 2004-08"
"31c6a731-e87c-48e7-b103-8f20a5d5443e","2007","bmw","6-series","Base","trim-research","tight","5x120","5x120","agree","72.5","74.1|72.5","agree","","M12x1.5","ours-missing","BMW 6 SERIES 2004 > ; BMW 6 SERIES 2004-08"
"16878c8b-6c89-4cb5-9b4c-0a91910b450a","2008","bmw","6-series","Base","trim-research","tight","5x120","5x120","agree","72.5","74.1|72.5","agree","","M12x1.5","ours-missing","BMW 6 SERIES 2004 > ; BMW 6 SERIES 2004-08"
"a6ba6ad3-4027-4e18-855b-09cf0bfbf931","2009","bmw","6-series","Base","trim-research","tight","5x120","5x120","agree","72.5","74.1","disagree","","M12x1.5","ours-missing","BMW 6 SERIES 2004 >"
"5a103240-2476-4263-ba50-e291d1454c91","2010","bmw","6-series","Base","trim-research","tight","5x120","5x120","agree","72.5","74.1","disagree","","M12x1.5","ours-missing","BMW 6 SERIES 2004 >"
"1889b2ea-ee54-431f-b929-0eb216f9706c","2012","bmw","6-series","Base","trim-research","tight","5x120","5x120","agree","72.5","74.1","disagree","","M12x1.5","ours-missing","BMW 6 SERIES 2004 >"
"cf8a4596-b671-4c5d-a847-b8cf87da9107","2013","bmw","6-series","Base","trim-research","open","5x120","5x120","agree","72.5","74.1","disagree","","M12x1.5","ours-missing","BMW 6 SERIES 2004 >"
"2a5f6895-93e5-4bd6-8f8b-1850e731bf03","2014","bmw","6-series","Base","trim-research","open","5x120","5x120","agree","72.5","74.1","disagree","","M12x1.5","ours-missing","BMW 6 SERIES 2004 >"
"cf768926-eae7-4378-ba74-c50db4e8cbc4","2017","bmw","6-series","Base","trim-research","open","5x120","5x120","agree","72.5","74.1","disagree","","M12x1.5","ours-missing","BMW 6 SERIES 2004 >"
"134c0eae-35db-4e0c-8c84-34b8c2d8cd29","2019","bmw","6-series","Base","verified-research [sizes-inherited]","open","5x120","5x120","agree","72.6","74.1","disagree","","M12x1.5","ours-missing","BMW 6 SERIES 2004 >"
"08d04de2-4df3-4fef-8413-b679a8e94e03","1990","bmw","7-series","Base","90s-research-batch","tight","5x120","5x120","agree","72.6","72.5","agree","","M12x1.5","ours-missing","BMW 5, 7 SERIES 1989-96 ; BMW 740, 750 1989-01"
"a6554f00-b137-490f-906d-e1096d3d3453","1991","bmw","7-series","Base","90s-research-batch","tight","5x120","5x120","agree","72.6","72.5","agree","","M12x1.5","ours-missing","BMW 5, 7 SERIES 1989-96 ; BMW 740, 750 1989-01"
"845edb43-09ae-48e9-b848-614658ba489f","1992","bmw","7-series","Base","90s-research-batch","tight","5x120","5x120","agree","72.6","72.5","agree","","M12x1.5","ours-missing","BMW 5, 7 SERIES 1989-96 ; BMW 740, 750 1989-01"
"39834440-8452-462a-a5fa-eeb53032594b","1993","bmw","7-series","Base","90s-research-batch","tight","5x120","5x120","agree","72.6","72.5","agree","","M12x1.5","ours-missing","BMW 5, 7 SERIES 1989-96 ; BMW 740, 750 1989-01"
"c133e151-8f1c-4448-a311-c006580a47bd","1994","bmw","7-series","Base","90s-research-batch","tight","5x120","5x120","agree","72.6","72.5","agree","","M12x1.5","ours-missing","BMW 5, 7 SERIES 1989-96 ; BMW 740, 750 1989-01"
"b8a8f011-2353-40d5-92f0-e2d82be9177b","1995","bmw","7-series","Base","90s-research-batch","tight","5x120","5x120","agree","72.6","72.5","agree","","M12x1.5","ours-missing","BMW 5, 7 SERIES 1989-96 ; BMW 740, 750 1989-01 ; BMW 740, 750 1995-02"
"b2d989b7-7f6b-485d-8470-3690a58a623d","1996","bmw","7-series","Base","90s-research-batch","tight","5x120","5x120","agree","72.6","72.5","agree","","M12x1.5","ours-missing","BMW 5, 7 SERIES 1989-96 ; BMW 740, 750 1989-01 ; BMW 740, 750 1995-02"
"b6dbffc1-d5c5-4223-8609-1d933b0fa228","1998","bmw","7-series","Base","90s-research-batch","tight","5x120","5x120","agree","72.6","72.5","agree","","M12x1.5","ours-missing","BMW 740, 750 1989-01 ; BMW 740, 750 1995-02"
"a436b4a5-739d-40cc-8c59-66b1f936df4f","1999","bmw","7-series","Base","90s-research-batch","tight","5x120","5x120","agree","72.6","72.5","agree","","M12x1.5","ours-missing","BMW 740, 750 1989-01 ; BMW 740, 750 1995-02"
"3cfe9b54-39c0-4624-ba19-bc0ef25549a2","2000","bmw","7-series","Base","trim-research","tight","5x112","5x120","disagree","66.6","72.5","disagree","","M12x1.5","ours-missing","BMW 740, 750 1989-01 ; BMW 740, 750 1995-02"
"befaf9c0-cdc8-4dfc-ad7e-5a650d88fedb","2001","bmw","7-series","Base","trim-research","tight","5x112","5x120","disagree","66.6","72.5","disagree","","M12x1.5","ours-missing","BMW 740, 750 1989-01 ; BMW 740, 750 1995-02"
"cd1290b2-525e-4e92-abf7-480bca29f15d","2002","bmw","7-series","Base","trim-research","tight","5x120","5x120","agree","72.5","72.5","agree","","M12x1.5|M14x1.5","ours-missing","BMW 740, 750 1995-02 ; BMW 745, 750, 760 2002-08"
"a3287f59-0660-46f5-9f67-9261cb99542e","2004","bmw","7-series","Base","trim-research","tight","5x120","5x120","agree","72.5","72.5","agree","","M14x1.5|M12x1.5","ours-missing","BMW 745, 750, 760 2002-08 ; BMW 745I 2003 >"
"b944277a-fc48-44a1-aaf0-edd978b9668b","2006","bmw","7-series","Base","trim-research","tight","5x120","5x120","agree","72.5","72.5","agree","","M14x1.5|M12x1.5","ours-missing","BMW 745, 750, 760 2002-08 ; BMW 745I 2003 >"
"acd29088-86cc-4ad6-a891-7d39b2c0c232","2008","bmw","7-series","Base","trim-research","tight","5x120","5x120","agree","72.5","72.5","agree","","M14x1.5|M12x1.5","ours-missing","BMW 745, 750, 760 2002-08 ; BMW 745I 2003 >"
"5bb0661e-ffaf-4ea1-a632-88378d566ce3","2009","bmw","7-series","Base","trim-research","tight","5x120","5x120","agree","72.5","72.5","agree","","M12x1.5","ours-missing","BMW 745I 2003 >"
"aa78791b-2225-421d-9576-c34e2b8fa98c","2010","bmw","7-series","Base","trim-research","tight","5x120","5x120","agree","72.5","72.5","agree","","M12x1.5","ours-missing","BMW 745I 2003 >"
"997ec070-626b-4065-a1a3-e95c85985cd9","2015","bmw","7-series","Base","trim-research","open","5x120","5x120","agree","72.5","72.5","agree","","M12x1.5","ours-missing","BMW 745I 2003 >"
"358865f1-2cec-4632-a790-9d3ee367d300","2016","bmw","7-series","Base","trim-research","open","5x112","5x120","disagree","66.6","72.5","disagree","","M12x1.5","ours-missing","BMW 745I 2003 >"
"90198820-8274-4346-89a5-ab7060fea771","2017","bmw","7-series","Base","trim-research","open","5x112","5x120","disagree","66.6","72.5","disagree","","M12x1.5","ours-missing","BMW 745I 2003 >"
"e9b226d8-ed57-4586-8ec0-039304d0cee0","2021","bmw","7-series","Base","trim-research","open","5x112","5x120","disagree","66.6","72.5","disagree","","M12x1.5","ours-missing","BMW 745I 2003 >"
"5cfb9f29-e147-491b-9cc4-337b813d1c04","2022","bmw","7-series","Base","trim-research","open","5x112","5x120","disagree","66.6","72.5","disagree","","M12x1.5","ours-missing","BMW 745I 2003 >"
"9005c3cd-9651-4c9e-8a6e-14f45bd22912","2023","bmw","7-series","Base","trim-research","open","5x112","5x120","disagree","66.6","72.5","disagree","","M12x1.5","ours-missing","BMW 745I 2003 >"
"3839c119-e96d-4360-90e3-fffed08cc907","2026","bmw","7-series","Base","verified-research [sizes-inherited]","open","5x112","5x120","disagree","66.6","72.5","disagree","","M12x1.5","ours-missing","BMW 745I 2003 >"
"7fd23aef-8c98-4b62-aab3-278d329d5b87","2003","bmw","z4","3.0i","google-ai-overview","tight","5x120","5x120","agree","72.6","72.5","agree","","M12x1.5","ours-missing","BMW Z4 2003 > ; BMW Z4 2.5 2003-06 ; BMW Z4 3.0 2003-08"
"2f7666cb-3b23-4829-af18-96c128b8a07e","2003","bmw","z4","3.0si","google-ai-overview","tight","5x120","5x120","agree","72.6","72.5","agree","","M12x1.5","ours-missing","BMW Z4 2003 > ; BMW Z4 2.5 2003-06 ; BMW Z4 3.0 2003-08"
"c60ba7b2-b742-4cd6-a041-6b3bfc6f8543","2004","bmw","z4","3.0i","google-ai-overview","tight","5x120","5x120","agree","72.6","72.5","agree","","M12x1.5","ours-missing","BMW Z4 2003 > ; BMW Z4 2.5 2003-06 ; BMW Z4 3.0 2003-08"
"eed60348-d96a-4504-acf4-22cbca0d7852","2004","bmw","z4","M Roadster","google-ai-overview","tight","5x120","5x120","agree","72.6","72.5","agree","","M12x1.5","ours-missing","BMW Z4 2003 > ; BMW Z4 2.5 2003-06 ; BMW Z4 3.0 2003-08"
"5a09c801-a06e-417e-aed4-804717decdfa","2005","bmw","z4","3.0si","google-ai-overview","tight","5x120","5x120","agree","72.6","72.5","agree","","M12x1.5","ours-missing","BMW Z4 2003 > ; BMW Z4 2.5 2003-06 ; BMW Z4 3.0 2003-08"
"a897ef8c-9894-4f97-84d0-d469877ddafd","2005","bmw","z4","M Roadster","google-ai-overview","tight","5x120","5x120","agree","72.6","72.5","agree","","M12x1.5","ours-missing","BMW Z4 2003 > ; BMW Z4 2.5 2003-06 ; BMW Z4 3.0 2003-08"
"22bc7580-0a97-4925-87cc-bce660c9d844","2006","bmw","z4","2.5i","google-ai-overview","tight","5x120","5x120","agree","72.6","72.5","agree","","M12x1.5","ours-missing","BMW Z4 2003 > ; BMW Z4 2.5 2003-06 ; BMW Z4 3.0 2003-08"
"96417bbb-7ad8-4f9f-8f73-e495b8986f56","2006","bmw","z4","3.0i","google-ai-overview","tight","5x120","5x120","agree","72.6","72.5","agree","","M12x1.5","ours-missing","BMW Z4 2003 > ; BMW Z4 2.5 2003-06 ; BMW Z4 3.0 2003-08"
"dbccd0b1-9132-43de-9ba7-8418c8306a06","2006","bmw","z4","M Roadster","google-ai-overview","tight","5x120","5x120","agree","72.6","72.5","agree","","M12x1.5","ours-missing","BMW Z4 2003 > ; BMW Z4 2.5 2003-06 ; BMW Z4 3.0 2003-08"
"6f168297-d44c-472b-b09e-6927f0d17c58","2007","bmw","z4","3.0i","google-ai-overview","tight","5x120","5x120","agree","72.6","72.5","agree","","M12x1.5","ours-missing","BMW Z4 2003 > ; BMW Z4 3.0 2003-08 ; BMW Z4 M 3.2 2007-08"
"b50510d0-5305-44d4-a1b7-1a8a375f0923","2007","bmw","z4","3.0si","google-ai-overview","tight","5x120","5x120","agree","72.6","72.5","agree","","M12x1.5","ours-missing","BMW Z4 2003 > ; BMW Z4 3.0 2003-08 ; BMW Z4 M 3.2 2007-08"
"4f09aa35-8dde-4162-8847-425e2a28ece2","2008","bmw","z4","2.5i","google-ai-overview","tight","5x120","5x120","agree","72.6","72.5","agree","","M12x1.5","ours-missing","BMW Z4 2003 > ; BMW Z4 3.0 2003-08 ; BMW Z4 M 3.2 2007-08"
"b64b642c-837a-49c5-a3c3-187cf3635d3d","2008","bmw","z4","3.0i","google-ai-overview","tight","5x120","5x120","agree","72.6","72.5","agree","","M12x1.5","ours-missing","BMW Z4 2003 > ; BMW Z4 3.0 2003-08 ; BMW Z4 M 3.2 2007-08"
"90d03343-9e22-44ba-988d-fcd545e66716","2008","bmw","z4","3.0si","google-ai-overview","tight","5x120","5x120","agree","72.6","72.5","agree","","M12x1.5","ours-missing","BMW Z4 2003 > ; BMW Z4 3.0 2003-08 ; BMW Z4 M 3.2 2007-08"
"bf945fb5-857d-402d-bf0a-15fc0d3f5a63","2008","bmw","z4","M Roadster","google-ai-overview","tight","5x120","5x120","agree","72.6","72.5","agree","","M12x1.5","ours-missing","BMW Z4 2003 > ; BMW Z4 3.0 2003-08 ; BMW Z4 M 3.2 2007-08"
"0942b65a-7b03-40a7-9fdf-0ac9cc9b53ff","2009","bmw","z4","sDrive28i","google-ai-overview","tight","5x120","5x120","agree","72.6","72.5","agree","","M12x1.5","ours-missing","BMW Z4 2003 >"
"4f8dda69-a5d4-496e-b2c8-320807c0beb0","2010","bmw","z4","sDrive28i","google-ai-overview","tight","5x120","5x120","agree","72.6","72.5","agree","","M12x1.5","ours-missing","BMW Z4 2003 >"
"8b45af97-a41b-4cea-83be-628d6dc2240d","2011","bmw","z4","sDrive28i","google-ai-overview","tight","5x120","5x120","agree","72.6","72.5","agree","","M12x1.5","ours-missing","BMW Z4 2003 >"
"decfa73f-8ec2-46d6-a1f3-801e2fbf396d","2011","bmw","z4","sDrive35i","google-ai-overview","tight","5x120","5x120","agree","72.6","72.5","agree","","M12x1.5","ours-missing","BMW Z4 2003 >"
"6ad4c62f-325e-4092-b42e-f3baef1c93f4","2012","bmw","z4","sDrive35is","google-ai-overview","open","5x120","5x120","agree","72.6","72.5","agree","","M12x1.5","ours-missing","BMW Z4 2003 >"
"1382a303-baf3-45d6-a821-03184a086a90","2013","bmw","z4","sDrive28i","google-ai-overview","open","5x120","5x120","agree","72.6","72.5","agree","","M12x1.5","ours-missing","BMW Z4 2003 >"
"d48693bf-0944-40f9-a71f-00d8453e60f0","2013","bmw","z4","sDrive35is","google-ai-overview","open","5x120","5x120","agree","72.6","72.5","agree","","M12x1.5","ours-missing","BMW Z4 2003 >"
"eee8eedb-3470-4ced-8bd8-e9fbf87aeb08","2014","bmw","z4","sDrive28i","google-ai-overview","open","5x120","5x120","agree","72.6","72.5","agree","","M12x1.5","ours-missing","BMW Z4 2003 >"
"b3fd8b9b-d84b-48b6-9ec8-8c33ca0cf814","2015","bmw","z4","sDrive28i","google-ai-overview","open","5x120","5x120","agree","72.6","72.5","agree","","M12x1.5","ours-missing","BMW Z4 2003 >"
"a7fb2716-9116-4894-a6ea-c9f908bae8cd","2015","bmw","z4","sDrive35is","google-ai-overview","open","5x120","5x120","agree","72.6","72.5","agree","","M12x1.5","ours-missing","BMW Z4 2003 >"
"4e7e1b80-2822-43b8-a2af-df422566b86c","2016","bmw","z4","sDrive35i","google-ai-overview","open","5x120","5x120","agree","72.6","72.5","agree","","M12x1.5","ours-missing","BMW Z4 2003 >"
"1d4f4891-b3ff-4f3c-95ad-98fc567b60bd","2019","bmw","z4","M40i","google-ai-overview","open","5x120","5x120","agree","72.6","72.5","agree","","M12x1.5","ours-missing","BMW Z4 2003 >"
"90e8b49a-55dd-4b61-9b5f-5cf71ee2dd7c","2019","bmw","z4","sDrive30i","google-ai-overview","open","5x120","5x120","agree","72.6","72.5","agree","","M12x1.5","ours-missing","BMW Z4 2003 >"
"a30a693a-3281-4bb9-bc9d-d34c3a07b9bd","2020","bmw","z4","M40i","google-ai-overview","open","5x120","5x120","agree","72.6","72.5","agree","","M12x1.5","ours-missing","BMW Z4 2003 >"
"49f5bfcf-8053-440e-b782-3b383ca54947","2021","bmw","z4","M40i","google-ai-overview","open","5x120","5x120","agree","72.6","72.5","agree","","M12x1.5","ours-missing","BMW Z4 2003 >"
"81be057e-1e15-4a2b-a8d7-c465967fa4eb","2021","bmw","z4","sDrive30i","google-ai-overview","open","5x120","5x120","agree","72.6","72.5","agree","","M12x1.5","ours-missing","BMW Z4 2003 >"
"03361f22-9681-42c7-a95a-ff74e32a5d15","2022","bmw","z4","M40i","google-ai-overview","open","5x120","5x120","agree","72.6","72.5","agree","","M12x1.5","ours-missing","BMW Z4 2003 >"
"3d258c48-46f3-46e9-bb2a-6b582a98bf56","2022","bmw","z4","sDrive30i","google-ai-overview","open","5x120","5x120","agree","72.6","72.5","agree","","M12x1.5","ours-missing","BMW Z4 2003 >"
"122d9136-880a-4607-a1b2-099a3bae8675","2023","bmw","z4","M40i","google-ai-overview","open","5x120","5x120","agree","72.6","72.5","agree","","M12x1.5","ours-missing","BMW Z4 2003 >"
"4e910850-ea85-4a6f-af74-987323803ff0","2023","bmw","z4","sDrive30i","google-ai-overview","open","5x120","5x120","agree","72.6","72.5","agree","","M12x1.5","ours-missing","BMW Z4 2003 >"
"677434eb-f628-4e6f-822f-ef1e2ebe5d75","2024","bmw","z4","M40i","google-ai-overview","open","5x120","5x120","agree","72.6","72.5","agree","","M12x1.5","ours-missing","BMW Z4 2003 >"
"e9ee301c-13f9-42a1-bc24-b2e859692ea4","2024","bmw","z4","sDrive30i","google-ai-overview","open","5x120","5x120","agree","72.6","72.5","agree","","M12x1.5","ours-missing","BMW Z4 2003 >"
"8f621a4e-5652-46e7-a770-9612243b4e9b","2025","bmw","z4","M40i","google-ai-overview","open","5x120","5x120","agree","72.6","72.5","agree","","M12x1.5","ours-missing","BMW Z4 2003 >"
"e4118a64-3696-4ea0-a966-a941b1166ed8","2026","bmw","z4","M40i","google-ai-overview","open","5x120","5x120","agree","72.6","72.5","agree","","M12x1.5","ours-missing","BMW Z4 2003 >"
"a7ccaf30-0478-4cf2-81ae-a8d97762c534","2026","bmw","z4","sDrive30i","google-ai-overview","open","5x120","5x120","agree","72.6","72.5","agree","","M12x1.5","ours-missing","BMW Z4 2003 >"
"3ff2ebcb-3ef2-408a-a704-0121bb9fd797","1998","volkswagen","beetle","Base","90s-research-batch","tight","5x100","5x100","agree","57.1","57.1","agree","","M14x1.5","ours-missing","VOLKSWAGEN BEETLE COUPE, CONVERT 1998-08 ; VOLKSWAGEN BEETLE NEW 1998 > ; VOLKSWAGEN BEETLE TURBO (LARGER CALIPERS) 1998 > ; VOLKSWAGEN BEETLE TURBO (LARGER CALIPERS) & CABRIO 1998 >"
"b031d1a5-9c68-4cea-8925-e75e7363a1e2","1999","volkswagen","beetle","Base","90s-research-batch","tight","5x100","5x100","agree","57.1","57.1","agree","","M14x1.5","ours-missing","VOLKSWAGEN BEETLE COUPE, CONVERT 1998-08 ; VOLKSWAGEN BEETLE NEW 1998 > ; VOLKSWAGEN BEETLE TURBO (LARGER CALIPERS) 1998 > ; VOLKSWAGEN BEETLE TURBO (LARGER CALIPERS) & CABRIO 1998 >"
"d39d1503-75c9-4b87-83fa-bbcc1b032fad","1997","volkswagen","cabrio","Base","90s-research-batch","tight","4x100","4x100","agree","57.1","57.1","agree","","M12x1.5","ours-missing","VOLKSWAGEN CABRIO 1997-02 ; VOLKSWAGEN CABRIO 1997-03"
"ca660011-21a5-49b7-bbbb-aa5f6f10b9a8","1998","volkswagen","cabrio","Base","90s-research-batch","tight","4x100","4x100|5x100","agree","57.1","57.1","agree","","M12x1.5|M14x1.5","ours-missing","VOLKSWAGEN CABRIO 1997-02 ; VOLKSWAGEN CABRIO 1997-03 ; VOLKSWAGEN CABRIO (LARGER CALIPERS) 1998 >"
"e101a57b-017b-4dc4-b2e9-7b1405a0fdf0","1999","volkswagen","cabrio","Base","90s-research-batch","tight","4x100","4x100|5x100","agree","57.1","57.1","agree","","M12x1.5|M14x1.5","ours-missing","VOLKSWAGEN CABRIO 1997-02 ; VOLKSWAGEN CABRIO 1997-03 ; VOLKSWAGEN CABRIO (LARGER CALIPERS) 1998 >"
"5f3b48db-0ac1-41a9-a897-7a14480a8232","1990","volkswagen","golf","Base","90s-research-batch","tight","4x100","4x100","agree","57.1","57.1","agree","","M12x1.5","ours-missing","VOLKSWAGEN GOLF 4-CYL 1985-98"
"fdad70c6-ec7d-4daa-a56c-85a32c1e309b","1991","volkswagen","golf","Base","90s-research-batch","tight","4x100","4x100","agree","57.1","57.1","agree","","M12x1.5","ours-missing","VOLKSWAGEN GOLF 4-CYL 1985-98"
"4af8e28e-a142-404f-8475-c1bda4fb9aa7","1992","volkswagen","golf","Base","90s-research-batch","tight","4x100","4x100|5x100","agree","57.1","57.1","agree","","M12x1.5|M14x1.5","ours-missing","VOLKSWAGEN GOLF 4-CYL 1985-98 ; VOLKSWAGEN GOLF V-6 (LARGER CALIPERS) 1992-98"
"08ef8aaa-171f-482c-9a21-0e636dc04d42","1993","volkswagen","golf","Base","90s-research-batch","tight","4x100","4x100|5x100","agree","57.1","57.1","agree","","M12x1.5|M14x1.5","ours-missing","VOLKSWAGEN GOLF 4-CYL 1985-98 ; VOLKSWAGEN GOLF V-6 (LARGER CALIPERS) 1992-98 ; VOLKSWAGEN GOLF V-6 (LARGER CALIPERS) 1993-98"
"1ffdda94-aea6-4796-8527-2c88e7031446","1994","volkswagen","golf","Base","90s-research-batch","tight","4x100","4x100|5x100","agree","57.1","57.1","agree","","M12x1.5|M14x1.5","ours-missing","VOLKSWAGEN GOLF 4-CYL 1985-98 ; VOLKSWAGEN GOLF V-6 (LARGER CALIPERS) 1992-98 ; VOLKSWAGEN GOLF V-6 (LARGER CALIPERS) 1993-98"
"eb6578ec-85d9-4316-8b2f-5d85e13b7ac2","1995","volkswagen","golf","Base","90s-research-batch","tight","4x100","4x100|5x100","agree","57.1","57.1","agree","","M12x1.5|M14x1.5","ours-missing","VOLKSWAGEN GOLF 4-CYL 1985-98 ; VOLKSWAGEN GOLF V-6 (LARGER CALIPERS) 1992-98 ; VOLKSWAGEN GOLF V-6 (LARGER CALIPERS) 1993-98"
"96b1974e-0488-4d58-8da2-01809c1f6bc1","1996","volkswagen","golf","Base","90s-research-batch","tight","4x100","4x100|5x100","agree","57.1","57.1","agree","","M12x1.5|M14x1.5","ours-missing","VOLKSWAGEN GOLF 4-CYL 1985-98 ; VOLKSWAGEN GOLF V-6 (LARGER CALIPERS) 1992-98 ; VOLKSWAGEN GOLF V-6 (LARGER CALIPERS) 1993-98"
"fcfe0de1-cb3e-463f-bcd4-4dfb01121e6f","1997","volkswagen","golf","Base","90s-research-batch","tight","4x100","4x100|5x100","agree","57.1","57.1","agree","","M12x1.5|M14x1.5","ours-missing","VOLKSWAGEN GOLF 4-CYL 1985-98 ; VOLKSWAGEN GOLF V-6 (LARGER CALIPERS) 1992-98 ; VOLKSWAGEN GOLF V-6 (LARGER CALIPERS) 1993-98"
"0db517f4-749b-4722-9ef2-aab530a7b694","1998","volkswagen","golf","Base","90s-research-batch","tight","4x100","4x100|5x100","agree","57.1","57.1","agree","","M12x1.5|M14x1.5","ours-missing","VOLKSWAGEN GOLF 4-CYL 1985-98 ; VOLKSWAGEN GOLF V-6 (LARGER CALIPERS) 1992-98 ; VOLKSWAGEN GOLF V-6 (LARGER CALIPERS) 1993-98"
"503d82bf-edcf-466d-a946-1447d542655a","1990","volkswagen","jetta","Base","90s-research-batch","tight","4x100","4x100","agree","57.1","57.1","agree","","M12x1.5","ours-missing","VOLKSWAGEN JETTA 4-CYL 1981-98"
"f30d9411-1ff9-41f1-883a-e36b77bdf564","1991","volkswagen","jetta","Base","90s-research-batch","tight","4x100","4x100","agree","57.1","57.1","agree","","M12x1.5","ours-missing","VOLKSWAGEN JETTA 4-CYL 1981-98"
"332ae477-f13d-49f4-a5a2-2b26da1e0228","1992","volkswagen","jetta","Base","90s-research-batch","tight","4x100","4x100","agree","57.1","57.1","agree","","M12x1.5","ours-missing","VOLKSWAGEN JETTA 4-CYL 1981-98"
"ccf95ed6-66f2-4ff7-889a-312c77d01c77","1993","volkswagen","jetta","Base","90s-research-batch","tight","4x100","4x100|5x100","agree","57.1","57.1","agree","","M12x1.5|M14x1.5","ours-missing","VOLKSWAGEN JETTA 4-CYL 1981-98 ; VOLKSWAGEN JETTA V-6 (LARGER CALIPERS) 1993-98"
"b90f3c89-8cc2-4be2-9a6f-450cadc3f9f7","1994","volkswagen","jetta","Base","90s-research-batch","tight","4x100","4x100|5x100","agree","57.1","57.1","agree","","M12x1.5|M14x1.5","ours-missing","VOLKSWAGEN JETTA 4-CYL 1981-98 ; VOLKSWAGEN JETTA V-6 (LARGER CALIPERS) 1993-98"
"6a838e39-4af7-4088-aa90-447417d41eff","1995","volkswagen","jetta","Base","90s-research-batch","tight","4x100","4x100|5x100","agree","57.1","57.1","agree","","M12x1.5|M14x1.5","ours-missing","VOLKSWAGEN JETTA 4-CYL 1981-98 ; VOLKSWAGEN JETTA V-6 (LARGER CALIPERS) 1993-98"
"b8ac87e6-2eb9-42a0-93a3-51c0a666c484","1996","volkswagen","jetta","Base","90s-research-batch","tight","4x100","4x100|5x100","agree","57.1","57.1","agree","","M12x1.5|M14x1.5","ours-missing","VOLKSWAGEN JETTA 4-CYL 1981-98 ; VOLKSWAGEN JETTA V-6 (LARGER CALIPERS) 1993-98"
"06a1f512-d14f-4854-b6f9-4d1c498fc74b","1997","volkswagen","jetta","Base","90s-research-batch","tight","4x100","4x100|5x100","agree","57.1","57.1","agree","","M12x1.5|M14x1.5","ours-missing","VOLKSWAGEN JETTA 4-CYL 1981-98 ; VOLKSWAGEN JETTA V-6 (LARGER CALIPERS) 1993-98"
"2ae40beb-eb8b-47cd-b64f-198a19589310","1998","volkswagen","jetta","Base","90s-research-batch","tight","4x100","4x100|5x100","agree","57.1","57.1","agree","","M12x1.5|M14x1.5","ours-missing","VOLKSWAGEN JETTA 4-CYL 1981-98 ; VOLKSWAGEN JETTA V-6 (LARGER CALIPERS) 1993-98"
"6eadd86b-6831-4aee-a465-96c4e67eee69","1990","volkswagen","passat","Base","90s-research-batch","tight","4x100","4x100|5x100","agree","57.1","57.1","agree","","M12x1.5","ours-missing","VOLKSWAGEN PASSAT 4-CYL 1990-97 ; VOLKSWAGEN PASSAT V6 (LARGER CALIPERS) 1990-97"
"c9d7e9f6-9d7b-4af6-b117-0bea495f9b60","1991","volkswagen","passat","Base","90s-research-batch","tight","4x100","4x100|5x100","agree","57.1","57.1","agree","","M12x1.5","ours-missing","VOLKSWAGEN PASSAT 4-CYL 1990-97 ; VOLKSWAGEN PASSAT V6 (LARGER CALIPERS) 1990-97"
"26b24c69-a2c7-4b74-aeaa-10f160704622","1992","volkswagen","passat","Base","90s-research-batch","tight","4x100","4x100|5x100","agree","57.1","57.1","agree","","M12x1.5","ours-missing","VOLKSWAGEN PASSAT 4-CYL 1990-97 ; VOLKSWAGEN PASSAT V6 (LARGER CALIPERS) 1990-97 ; VOLKSWAGEN PASSAT V6 (LARGER CALIPERS) 1992-97"
"92d08ef5-094a-42f0-be21-ab392cc0fa3b","1993","volkswagen","passat","Base","90s-research-batch","tight","4x100","4x100|5x100","agree","57.1","57.1","agree","","M12x1.5","ours-missing","VOLKSWAGEN PASSAT 4-CYL 1990-97 ; VOLKSWAGEN PASSAT V6 (LARGER CALIPERS) 1990-97 ; VOLKSWAGEN PASSAT V6 (LARGER CALIPERS) 1992-97"
"fa99a1ee-da76-4280-ba7e-baa309429098","1994","volkswagen","passat","Base","90s-research-batch","tight","4x100","4x100|5x100","agree","57.1","57.1","agree","","M12x1.5","ours-missing","VOLKSWAGEN PASSAT 4-CYL 1990-97 ; VOLKSWAGEN PASSAT V6 (LARGER CALIPERS) 1990-97 ; VOLKSWAGEN PASSAT V6 (LARGER CALIPERS) 1992-97"
"9b192bdd-b68b-4be4-8e0f-5e32a4826bb3","1995","volkswagen","passat","Base","90s-research-batch","tight","4x100","4x100|5x100","agree","57.1","57.1","agree","","M12x1.5","ours-missing","VOLKSWAGEN PASSAT 4-CYL 1990-97 ; VOLKSWAGEN PASSAT V6 (LARGER CALIPERS) 1990-97 ; VOLKSWAGEN PASSAT V6 (LARGER CALIPERS) 1992-97"
"60c21d20-13b3-4036-95a7-037971d91f56","1996","volkswagen","passat","Base","90s-research-batch","tight","4x100","4x100|5x100","agree","57.1","57.1","agree","","M12x1.5","ours-missing","VOLKSWAGEN PASSAT 4-CYL 1990-97 ; VOLKSWAGEN PASSAT V6 (LARGER CALIPERS) 1990-97 ; VOLKSWAGEN PASSAT V6 (LARGER CALIPERS) 1992-97"
"b5d68db4-0fda-41ca-8242-5e03bef71856","1997","volkswagen","passat","Base","90s-research-batch","tight","4x100","4x100|5x100","agree","57.1","57.1","agree","","M12x1.5","ours-missing","VOLKSWAGEN PASSAT 4-CYL 1990-97 ; VOLKSWAGEN PASSAT V6 (LARGER CALIPERS) 1990-97 ; VOLKSWAGEN PASSAT V6 (LARGER CALIPERS) 1992-97"