make,epa_base_model,vclass,years_missing,n_years_missing
roushperformance,Mustang,Subcompact Cars,2001-2004 2006-2017 2019 2021,18
chevrolet,Van 1500/2500,Vans,1996-2008,13
toyota,Matrix,Small Station Wagons,2003-2013,11
roushperformance,F150,Standard Pickup Trucks 2WD,2006-2008 2014 2016-2020,9
porsche,Carrera 4 Cabriolet,Minicompact Cars,1991 2003-2009,8
bugatti,Veyron,Two Seaters,2006 2008 2010-2015,8
ford,Transit T150 Wagon,"Vans, Passenger Type",2015-2022,8
rollsroyce,Brooklands/Turbo R,Midsize Cars,1991-1997,7
mitsubishi,Nativa,Special Purpose Vehicle 2WD,1998-2004,7
jaguar,Super V8,Midsize Cars,2002-2003 2005-2009,7
porsche,Carrera 2 Cabriolet,Minicompact Cars,2003-2009,7
porsche,Carrera 4 S,Minicompact Cars,2003-2009,7
chevrolet,Van 1500,"Vans, Cargo Type",2003-2009,7
bugatti,Chiron,Two Seaters,2018-2024,7
scion,xD,Subcompact Cars,2008-2014,7
byd,e6,Sport Utility Vehicle - 2WD,2012-2014 2016-2018 2020,7
oldsmobile,Cutlass Cruiser,Midsize-Large Station Wagons,1990-1995,6
chevrolet,Pickup 2500,Standard Pickup Trucks,1993-1998,6
chevrolet,Van 15/25 Conversion,"Vans, Cargo Type",2003-2008,6
jaguar,Vdp,Large Cars,2004-2009,6
spyker,C8,Minicompact Cars,2005-2007 2009-2011,6
mazda,Speed 3,Midsize Cars,2008-2013,6
bentley,Continental Supersports,Two Seaters,2010-2013 2017-2018,6
chevrolet,Sprint,Subcompact Cars,1990-1994,5
ferrari,456 MGT/MGA,Subcompact Cars,1999-2003,5
mercedesbenz,SLR,Two Seaters,2005-2009,5
porsche,Carrera 2 S Cabriolet,Minicompact Cars,2005-2009,5
mercedesbenz,SLS AMG,Two Seaters,2011-2015,5
scion,iQ,Minicompact Cars,2011-2015,5
nissan,NV200 NYC Taxi,Special Purpose Vehicle 2WD,2015-2019,5
pagani,Huayra Coupe,Two Seaters,2014 2016 2018 2020 2023,5
volvo,240,Compact Cars,1990-1993,4
dodge,D250 Pickup,Standard Pickup Trucks,1990-1993,4
dodge,Power Ram 50 Pickup,Standard Pickup Trucks,1990-1993,4
dodge,W250 Pickup,Standard Pickup Trucks,1990-1993,4
dodge,B350 Van,Vans,1991-1994,4
chevrolet,Postal Cab Chassis,Special Purpose Vehicles,1991-1994,4
toyota,Cab Chassis,Special Purpose Vehicles,1990-1993,4
ferrari,360 Modena/Spider,Two Seaters,2000-2003,4
chevrolet,Captiva,Sport Utility Vehicle - 2WD,2012-2015,4
ferrari,F12,Two Seaters,2013-2016,4
astonmartin,DBX V8,Standard Sport Utility Vehicle 4WD,2021-2024,4
astonmartin,DBX 707,Standard Sport Utility Vehicle 4WD,2023-2026,4
ferrari,296 GTB,Two Seaters,2022-2023 2025-2026,4
cxautomotive,XM,Midsize Cars,1991-1993,3
chevrolet,Coachbuilder Wagon,Special Purpose Vehicles,1992-1994,3
ferrari,Ferrari 348 TB/TS/Spider,Two Seaters,1993-1995,3
ferrari,Ferrari 456,Subcompact Cars,1995 1997-1998,3
saleen,Mustang,Subcompact Cars,1993-1995,3
dodge,B2500 Van,"Vans, Cargo Type",1998-2000,3
maserati,Coupe Cambiocorsa/coupe GT,Subcompact Cars,2002-2004,3
porsche,Carrera 2 Cabriolet Kit,Minicompact Cars,2003-2005,3
porsche,Carrera 4 Cabriolet Kit,Minicompact Cars,2003-2005,3
porsche,Carrera 4 S Kit,Minicompact Cars,2003-2005,3
porsche,Targa,Minicompact Cars,2003-2005,3
porsche,Turbo 4 911,Minicompact Cars,2004-2005 2007,3
chevrolet,Classic,Midsize Cars,2004-2005 2008,3
porsche,Carrera 4 S Targa,Minicompact Cars,2007-2009,3
porsche,Carrera 4 Targa,Minicompact Cars,2007-2009,3
volvo,740/760,Midsize Cars,1990-1992,3
jkmotors,Testarossa,Two Seaters,1991-1993,3
vpg,MV-1,Special Purpose Vehicle 2WD,2011-2013,3
mobilityventuresllc,MV-1,Special Purpose Vehicle 2WD,2014-2016,3
ferrari,812 GTS,Two Seaters,2021-2023,3
ferrari,812 Competizione,Two Seaters,2022-2024,3
astonmartin,DB12 V8,Minicompact Cars,2024-2026,3
ineosautomotive,Grenadier,Standard Sport Utility Vehicle 4WD,2023-2025,3
mercedesbenz,CLE-Class,Subcompact Cars,2024-2026,3
bugattirimac,Nevera,Two Seaters,2024-2026,3
consulierindustriesinc,Consulier GTP,Two Seaters,1990-1992,3
rollsroyce,Eight/Mulsan/Mulsanne,Midsize Cars,1990-1992,3
ferrari,Ferrari 512 TR,Two Seaters,1993-1994,2
ferrari,Ferrari Mondial T/Cabriolet,Subcompact Cars,1993-1994,2
saab,Convertible,Subcompact Cars,1993-1994,2
rollsroyce,Silver Spur III Limousine,Large Cars,1994-1995,2
ferrari,Ferrari F355 Berlinetta/GTS,Two Seaters,1995-1996,2
dodge,B3500 Van,Vans,1996-1997,2
vector,Avtech SC / M12,Two Seaters,1996-1997,2
rollsroyce,Azure,Subcompact Cars,1996-1997,2
rollsroyce,Limousine,Large Cars,1996-1997,2
bentley,Turbo RT,Midsize Cars,1998-1999,2
rollsroyce,Silver Spur Park Ward,Large Cars,1998-1999,2
astonmartin,DB-7 Vantage,Minicompact Cars,2000 2003,2
morgan,Plus Eight,Two Seaters,2002-2003,2
ferrari,360 Modena/Spider/Challenge,Two Seaters,2004-2005,2
porsche,Carrera 2 911 GT3,Two Seaters,2004-2005,2
porsche,Carrera GT,Two Seaters,2004-2005,2
porsche,Turbo 2 911 Gt2,Two Seaters,2004-2005,2
porsche,Turbo 4 911 Cab Kit,Minicompact Cars,2004-2005,2
cadillac,Armored Deville,Large Cars,2004-2005,2
bmwalpina,7 Series,Large Cars,2007-2008,2
saleenperformance,S281 Family,Subcompact Cars,2008-2009,2
wallaceenvironmental,Wetl 500,Two Seaters,1991-1992,2
wallaceenvironmental,Wetl 560,Two Seaters,1991-1992,2
autokraftlimited,A.C.MARK IV,Two Seaters,1992-1993,2
jkmotors,300SL,Two Seaters,1992-1993,2
wallaceenvironmental,Wetl Testarossa,Two Seaters,1991-1992,2
wallaceenvironmental,Wetl 190E,Subcompact Cars,1991-1992,2
wallaceenvironmental,Wetl 412,Compact Cars,1991-1992,2
jkmotors,BMW535I,Midsize Cars,1992-1993,2
jkmotors,BMW635CSI,Midsize Cars,1992-1993,2
jkmotors,BMW635L6,Midsize Cars,1992-1993,2
jkmotors,BMW735I,Midsize Cars,1992-1993,2
jkmotors,BMW735IL,Midsize Cars,1992-1993,2
jkmotors,MERC BENZ 300CE,Midsize Cars,1992-1993,2
jkmotors,MERC BENZ 300E,Midsize Cars,1992-1993,2
jkmotors,MERC BENZ 300SE,Midsize Cars,1992-1993,2
jkmotors,MERC BENZ 300SEL,Large Cars,1992-1993,2
jkmotors,MERC BENZ 300TE,Midsize-Large Station Wagons,1992-1993,2
quantumtechnologies,Chevrolet Cavalier,Subcompact Cars,1998-1999,2
bmw,ActiveHybrid X6,Sport Utility Vehicle - 4WD,2010-2011,2
codaautomotive,CODA,Subcompact Cars,2012-2013,2
srt,Viper,Two Seaters,2013-2014,2
wallaceenvironmental,Wetl 300,Midsize-Large Station Wagons,1991-1992,2
ferrari,458 Speciale,Two Seaters,2014-2015,2
koenigsegg,Regera,Two Seaters,2019-2020,2
alfaromeo,Tonale eAWD,Small Sport Utility Vehicle 4WD,2024-2025,2
polestar,4,Standard Sport Utility Vehicle 2WD,2025-2026,2
polestar,3,Standard Sport Utility Vehicle 4WD,2025-2026,2
ferrari,296 GTS,Two Seaters,2025-2026,2
maserati,GT2 Stradale,Two Seaters,2025-2026,2
evansautomobiles,Series 1,Two Seaters,1990-1991,2
sterling,827,Compact Cars,1990-1991,2
mazda,323 Protege,Compact Cars,1990-1991,2
mitsubishi,Space Wagon,Small Station Wagons,1990-1991,2
vector,W8,Two Seaters,1992-1993,2
