make,model,years,n_rows,ymm_exact,ymm_family,ymm_crossmake,ymm_none,none_years
landrover,defender,2000-2016 2019-2026,67,7,0,0,18,2000-2016 2019
ford,fiesta,2000-2024,65,9,0,0,16,2000-2010 2020-2024
mitsubishi,montero,1990-1991 2000-2017 2019-2021,23,9,0,0,14,2007-2017 2019-2021
audi,a3,1996-2026,40,19,0,0,12,1996-2005 2014 2021
buick,regal,1990-2017 2019-2026,63,24,0,0,12,2005-2010 2021-2026
mercedesbenz,g-class,1990-2017 2019-2026,84,25,0,0,11,1990-1998 2000-2001
bmw,m5,1990-1995 1999-2026,76,25,0,0,9,1990 1994-1995 1999 2004-2005 2011-2012 2024
mercedesbenz,a-class-amg,2013-2017 2019-2026,16,4,0,0,9,2013-2017 2023-2026
chevrolet,trailblazer,2001-2009 2013-2017 2019-2026,59,14,0,0,8,2001 2013-2017 2019-2020
lotus,elise,2010-2017 2019-2021,11,3,0,0,8,2013-2017 2019-2021
toyota,fj-cruiser,2007-2017 2019-2023,26,8,0,0,8,2015-2017 2019-2023
bmw,m3,1992-2026,80,27,1,0,7,1992-1994 2000 2007 2014 2019
buick,lacrosse,2005-2026,139,15,0,0,7,2020-2026
ford,focus,2000-2025,76,19,0,0,7,2019-2025
mitsubishi,i,2005-2013,9,2,0,0,7,2005-2011
toyota,yaris,2000-2020,23,14,0,0,7,2000-2006
toyota,e-z,2011-2017,7,0,0,0,7,2011-2017
toyota,etios-valco,2011-2017,7,0,0,0,7,2011-2017
audi,s6,1995-1997 1999-2003 2006-2025,29,22,0,0,6,1999-2001 2006 2012 2019
audi,rs5,2010-2025,17,10,0,0,6,2010-2012 2016-2017 2020
audi,s8,2000-2003 2006-2026,25,19,0,0,6,2000 2006 2010-2012 2019
chevrolet,spark,2005-2023,21,13,0,0,6,2005-2007 2009-2010 2023
ford,ranger,1990-1992 2000-2017 2019-2026,134,23,0,0,6,2012-2017
ford,taurus,1990-2025,39,30,0,0,6,2020-2025
ford,sportka,2003-2008,6,0,0,0,6,2003-2008
jaguar,xe,2015-2025,72,5,0,0,6,2015-2016 2022-2025
mercedesbenz,eqa,2021-2026,6,0,0,0,6,2021-2026
toyota,86,2012-2022,12,5,0,0,6,2012-2016 2021
audi,coupe,1990-1996,7,2,0,0,5,1992-1996
buick,verano,2011-2017 2019-2022,11,6,0,0,5,2011 2019-2022
cadillac,ct6,2016-2025,14,5,0,0,5,2021-2025
chrysler,voyager,1990-1999,10,5,0,0,5,1990-1994
ford,fusion,2002-2021,61,15,0,0,5,2002-2005 2021
mitsubishi,maven,2005-2009,5,0,0,0,5,2005-2009
toyota,vios-fs,2017 2019-2022,5,0,0,0,5,2017 2019-2022
toyota,c-hr,2016-2025,11,5,0,0,5,2016-2017 2023-2025
toyota,gt-86,2012-2017 2019-2020,8,3,0,0,5,2012-2016
buick,electra-e5,2023-2026,4,0,0,0,4,2023-2026
ford,streetka,2003-2006,4,0,0,0,4,2003-2006
mazda,cx-9,2006-2026,64,17,0,0,4,2006 2024-2026
mazda,mx-30,2020-2025,6,2,0,0,4,2020-2021 2024-2025
mitsubishi,mirage,2000-2001 2012-2026,19,13,0,0,4,2012-2013 2025-2026
mitsubishi,chariot-grandis,2000-2003,4,0,0,0,4,2000-2003
nissan,maxima,1990-1994 2000-2003 2005-2026,155,27,0,0,4,2015 2024-2026
toyota,soluna,2000-2003,4,0,0,0,4,2000-2003
audi,s4,1992-1994 2000-2026,80,27,0,0,3,2003 2017 2026
audi,r8,2007-2017 2019-2023,16,13,0,0,3,2007 2013 2019
chevrolet,tahoe,1992-2026,248,32,0,0,3,1992-1994
chrysler,300,2004-2026,166,20,0,0,3,2024-2026
hyundai,veracruz,2006-2015,10,7,0,0,3,2006 2014-2015
infiniti,q60,2013-2023,44,8,0,0,3,2013 2016 2023
jaguar,f-type,2012-2025,24,11,0,0,3,2012-2013 2025
jaguar,xj,2000-2022,154,20,0,0,3,2020-2022
jaguar,xf,2007-2025,90,16,0,0,3,2007-2008 2025
jeep,renegade,2015-2026,69,9,0,0,3,2024-2026
mclaren,gt,2019-2026,8,5,0,0,3,2024-2026
mini,clubman,2008-2017 2019-2026,106,15,0,0,3,2015 2025-2026
toyota,avalon,1995-2025,56,28,0,0,3,2023-2025
toyota,grand-hiace,2000-2002,3,0,0,0,3,2000-2002
acura,tlx,2014-2026,76,11,0,0,2,2014 2026
acura,zdx,2009-2013 2023-2025,8,6,0,0,2,2009 2023
audi,rs7,2014-2026,14,11,0,0,2,2019-2020
audi,a7,2011-2017 2019-2026,15,13,0,0,2,2011 2026
audi,rs6,2002-2003 2020-2026,9,7,0,0,2,2002 2020
bmw,6-series,2003-2017 2019,32,14,0,0,2,2003 2011
bmw,z4,2002-2017 2019-2026,88,22,0,0,2,2002 2017
bmw,x4,2014-2026,32,11,0,0,2,2014 2026
buick,envision,2014-2026,53,11,0,0,2,2014-2015
chevrolet,colorado,2004-2026,138,21,0,0,2,2013-2014
dodge,hornet,2022-2026,5,3,0,0,2,2022 2026
ferrari,sf90,2020-2026,7,5,0,0,2,2020 2026
fiat,500x,2016-2025,17,8,0,0,2,2024-2025
infiniti,q50,2014-2026,69,11,0,0,2,2025-2026
jaguar,e-pace,2017-2025,31,7,0,0,2,2017 2025
jaguar,f-pace,2015-2025,65,9,0,0,2,2015-2016
jaguar,x-type,2001-2009,9,7,0,0,2,2001 2009
jeep,cherokee,1990-2023,80,32,0,0,2,2012-2013
kia,forte,2010-2026,83,15,0,0,2,2025-2026
kia,stinger,2017-2024,18,6,0,0,2,2017 2024
lexus,is,1999-2017 2019-2026,135,25,0,0,2,1999-2000
lincoln,mkc,2014-2020,10,5,0,0,2,2014 2020
lotus,emira,2022-2026,5,3,0,0,2,2022-2023
mazda,cx-5,2011-2026,89,14,0,0,2,2011-2012
mercedesbenz,cls-class-amg,2004-2017 2019-2024,37,18,0,0,2,2004 2024
mercedesbenz,g-class-amg,2000-2017 2019-2025,46,23,0,0,2,2000-2001
mercedesbenz,amg-gt,2014-2026,80,11,0,0,2,2014-2015
mercedesbenz,cls-class,2004-2017 2019-2024,21,18,0,0,2,2004 2024
mercedesbenz,gla-class,2013-2017 2019-2026,13,11,0,0,2,2013-2014
mercedesbenz,glk-class,2008-2015,8,6,0,0,2,2008-2009
mercedesbenz,eqb,2021-2026,11,3,1,0,2,2021 2026
mitsubishi,destinator,2025-2026,2,0,0,0,2,2025-2026
mitsubishi,3000-gt,2000-2001,2,0,0,0,2,2000-2001
mitsubishi,l400,2000-2001,2,0,0,0,2,2000-2001
nissan,titan,2004-2026,257,21,0,0,2,2025-2026
nissan,gt-r,2009-2026,106,16,0,0,2,2025-2026
subaru,baja,2002-2007,6,4,0,0,2,2002 2007
toyota,land-cruiser,1990-2026,77,35,0,0,2,2022-2023
volkswagen,arteon,2017 2019-2025,8,6,0,0,2,2017 2025
volvo,ex30,2023-2026,4,2,0,0,2,2023-2024
volvo,v50,2004-2012,9,7,0,0,2,2004 2012
volvo,ex90,2023-2026,4,2,0,0,2,2023-2024
acura,tsx,2003-2014,45,11,0,0,1,2003
acura,rdx,2006-2026,97,20,0,0,1,2006
acura,nsx,1991-2005 2016-2023,23,22,0,0,1,2023
acura,ilx,2012-2022,49,10,0,0,1,2012
acura,rl,1996-2013,18,17,0,0,1,2013
alfaromeo,4c,2014-2020,20,6,0,0,1,2014
astonmartin,dbx,2020-2026,7,6,0,0,1,2020
astonmartin,vantage,2005-2017 2019-2026,21,20,0,0,1,2005
astonmartin,db11,2016-2024,9,8,0,0,1,2016
audi,q5,2008-2026,106,18,0,0,1,2008
audi,sq6-e-tron,2024-2026,5,2,0,0,1,2024
audi,a4,1996-2026,101,30,0,0,1,2026
audi,q7,2007-2026,100,19,0,0,1,2016
audi,a5,2007-2017 2019-2026,19,18,0,0,1,2007
audi,s3,2015-2026,13,11,0,0,1,2021
audi,s5,2007-2026,23,19,0,0,1,2007
audi,rs3,2017-2026,11,9,0,0,1,2021
audi,tt,2000-2017 2019-2023,23,22,0,0,1,2007
audi,s6-e-tron,2024-2026,5,2,0,0,1,2026
audi,cabriolet,1994-1998 2000,6,5,0,0,1,2000
audi,q6-e-tron,2024-2026,3,2,0,0,1,2024
audi,80,1990-1996,7,6,0,0,1,1996
bentley,bentayga,2016-2026,16,10,0,0,1,2016
bmw,5-series,1990-2017 2019-2026,179,35,0,0,1,1996
bmw,2-series,2013-2017 2019-2026,13,12,0,0,1,2013
bmw,x4-m,2019-2026,13,7,0,0,1,2026
bmw,4-series-gran-coupe,2013-2017 2019-2026,16,12,0,0,1,2013
bmw,m4,2014-2026,44,12,0,0,1,2014
bmw,4-series,2013-2017 2019-2026,14,12,0,0,1,2013
bmw,i8,2013-2017 2019-2020,7,6,0,0,1,2013
bmw,m6,2005-2010 2012-2018,13,12,0,0,1,2005
bmw,i4,2021-2026,6,5,0,0,1,2021
bmw,i7,2022-2026,5,4,0,0,1,2022
bmw,i5,2023-2026,4,3,0,0,1,2023
buick,encore,2012-2026,20,14,0,0,1,2012
cadillac,vistiq,2025-2026,2,1,0,0,1,2025
cadillac,celestiq,2024-2026,3,2,0,0,1,2024
chevrolet,malibu,1997-2026,151,29,0,0,1,2026
chevrolet,volt,2010-2019,11,9,0,0,1,2010
chrysler,grand-voyager,1990 1996-1999,5,4,0,0,1,1990
chrysler,200,2010-2017,11,7,0,0,1,2010
chrysler,pacifica,2004-2008 2016-2017 2019-2026,25,14,0,0,1,2016
chrysler,crossfire,2003-2008,6,5,0,0,1,2003
dodge,durango,1998-2026,35,28,0,0,1,2010
dodge,challenger,2008-2024,157,16,0,0,1,2024
dodge,charger,2005-2026,134,21,0,0,1,2005
dodge,dart,2012-2016,5,4,0,0,1,2012
ferrari,portofino,2018-2023,6,5,0,0,1,2018
ferrari,f8,2019-2023,5,4,0,0,1,2019
ferrari,roma,2020-2026,7,6,0,0,1,2020
ferrari,488,2015-2017 2019,4,3,0,0,1,2015
fiat,124-spider,2016-2020,8,4,0,0,1,2016
ford,escape,2000-2026,178,26,0,0,1,2000
ford,flex,2008-2019,14,11,0,0,1,2008
ford,maverick,2021-2022 2025-2026,4,3,0,0,1,2021
ford,mustang-mach-e,2020-2026,8,6,0,0,1,2020
gmc,acadia,2006-2026,119,20,0,0,1,2006
honda,prelude,1990-2001 2025-2026,14,13,0,0,1,2025
honda,clarity,2016-2021,9,5,0,0,1,2016
hyundai,santa-fe,2000-2026,154,26,0,0,1,2000
hyundai,kona,2017-2026,45,9,0,0,1,2017
hyundai,tucson,2004-2026,136,22,0,0,1,2004
hyundai,veloster,2011-2017 2019-2021,10,9,0,0,1,2011
infiniti,qx50,2008-2017 2019-2026,108,11,6,0,1,2026
jaguar,i-pace,2019-2025,7,6,0,0,1,2025
jeep,gladiator,2019-2026,75,7,0,0,1,2019
kia,sorento,2002-2026,134,24,0,0,1,2010
kia,soul,2010-2026,99,16,0,0,1,2026
lamborghini,huracan,2014-2017 2019-2024,10,9,0,0,1,2014
landrover,range-rover-sport,2005-2026,146,21,0,0,1,2005
landrover,discovery-sport,2014-2026,27,12,0,0,1,2014
landrover,range-rover-velar,2017-2026,22,9,0,0,1,2017
landrover,range-rover-evoque,2011-2026,75,15,0,0,1,2011
landrover,defender-90,1993-1997,5,4,0,0,1,1996
lexus,gx,2002-2017 2019-2026,139,23,0,0,1,2002
lexus,lc,2017 2019-2026,11,8,0,0,1,2017
lincoln,mkt,2009-2019,12,10,0,0,1,2009
lincoln,mkz,2006-2020,78,14,0,0,1,2006
lincoln,mkx,2006-2018,60,12,0,0,1,2006
lincoln,corsair,2019-2025,7,6,0,0,1,2019
lotus,evora,2009-2021,14,12,0,0,1,2009
lucid,gravity,2024,2,0,0,0,1,2024
maserati,granturismo,2007-2026,27,19,0,0,1,2007
maserati,ghibli,2013-2023,13,10,0,0,1,2013
maserati,levante,2016-2023,13,7,0,0,1,2016
mazda,cx-30,2019-2026,8,7,0,0,1,2019
mazda,miata,1990-1999,10,9,0,0,1,1998
mazda,cx-90,2023-2026,4,3,0,0,1,2023
mazda,cx-50,2022-2026,5,4,0,0,1,2022
mclaren,artura,2022-2026,5,4,0,0,1,2022
mercedesbenz,sl-class-amg,2001-2017 2019 2022-2025,42,21,0,0,1,2010
mercedesbenz,cla-class-amg,2013-2017 2019-2026,13,12,0,0,1,2013
mercedesbenz,gla-class-amg,2014-2017 2019-2026,12,11,0,0,1,2014
mercedesbenz,sl-class,1990-2017 2019-2020 2022-2026,93,30,4,0,1,2010
mercedesbenz,eqs,2021-2026,26,5,0,0,1,2021
mercedesbenz,gle,2015-2017 2019-2026,161,10,0,0,1,2015
mercedesbenz,eqe,2022-2026,21,3,1,0,1,2022
mercedesbenz,glb-class,2019-2026,8,7,0,0,1,2019
mercedesbenz,cla-class,2013-2017 2019-2026,14,12,0,0,1,2013
mercedesbenz,slc-class,2016-2017 2019-2020,8,3,0,0,1,2016
mitsubishi,eclipse-cross,2017-2026,13,9,0,0,1,2017
nissan,murano,2003-2026,116,23,0,0,1,2008
nissan,versa,2007-2026,80,19,0,0,1,2026
plymouth,prowler,1997-2002,6,4,0,1,1,1998
porsche,cayenne,2002-2026,170,24,0,0,1,2002
porsche,macan,2014-2026,60,12,0,0,1,2014
porsche,boxster,1997-2017 2019-2026,145,28,0,0,1,2026
porsche,918,2014-2015,2,1,0,0,1,2014
ram,promaster-1500,2013-2026,16,13,0,0,1,2013
ram,c/v,2013-2017,5,4,0,0,1,2017
rivian,r1t,2021-2026,6,5,0,0,1,2021
saab,9-3,1998-2012,15,14,0,0,1,1998
saab,9-5,1998-2012,15,14,0,0,1,1998
subaru,brz,2012-2026,57,14,0,0,1,2012
subaru,solterra,2022-2026,5,4,0,0,1,2022
tesla,model-x,2015-2026,28,11,0,0,1,2015
toyota,prius,2000-2026,139,26,0,0,1,2000
toyota,bz4x,2022-2026,5,4,0,0,1,2022
toyota,supra,1990-1998 2019-2026,62,16,0,0,1,2019
toyota,xa,2004-2007,4,3,0,0,1,2007
toyota,venza,2009-2015 2021-2025,12,11,0,0,1,2025
toyota,vienta,2000,1,0,0,0,1,2000
volkswagen,arteon-sr,2023-2025,3,2,0,0,1,2025
volkswagen,routan,2008-2014,7,6,0,0,1,2008
volkswagen,beetle,1998-2019,25,21,0,0,1,2011
volkswagen,eurovan,2000-2004,5,4,0,0,1,2004
volkswagen,id-4,2020,1,0,0,0,1,2020
volvo,s90,2016-2025,38,9,0,0,1,2016
volvo,v90,2016-2025,21,9,0,0,1,2016
volvo,s40,2000-2012,13,12,0,0,1,2012
volvo,c40,2021-2025,5,4,0,0,1,2021
acura,mdx,2001-2026,159,26,0,0,0,
acura,tl,1996-1998 2000-2014,83,18,0,0,0,
acura,cl-type-s,2001-2003,6,3,0,0,0,
acura,integra,1990-1999 2023-2026,14,14,0,0,0,
acura,rsx,2002-2006,5,5,0,0,0,
acura,cl,1997-1999 2001-2003,6,6,0,0,0,
acura,legend,1990-1995,6,6,0,0,0,
acura,adx,2025-2026,2,2,0,0,0,
acura,integra-type-r,2000-2001,4,2,0,0,0,
acura,rlx,2018,2,1,0,0,0,
alfaromeo,giulia,2017-2025,52,9,0,0,0,
alfaromeo,stelvio,2018-2025,47,8,0,0,0,
astonmartin,rapide,2018,1,1,0,0,0,
astonmartin,vanquish,2018,2,1,0,0,0,
audi,a6,1995-1997 2000-2026,106,30,0,0,0,
audi,tt-s,2008-2017 2019-2023,15,15,0,0,0,
audi,a8,1997-2017 2019-2026,37,29,0,0,0,
audi,e-tron-s,2020-2023,4,4,0,0,0,
audi,s5-sportback,2018,2,1,0,0,0,
audi,q3,2015-2026,37,12,0,0,0,
audi,a3-quattro,2018,6,1,0,0,0,
audi,a4-quattro,2018,3,1,0,0,0,
audi,a5-sportback,2018,3,1,0,0,0,
audi,a5-quattro,2018,6,1,0,0,0,
audi,a3-sportback-e-tron,2018,3,1,0,0,0,
audi,a6-quattro,2018,7,1,0,0,0,
audi,a7-quattro,2018,2,1,0,0,0,
audi,a8-quattro,2018,2,1,0,0,0,
audi,q8-e-tron,2023-2025,3,3,0,0,0,
audi,s8l,2021-2026,6,6,0,0,0,
audi,sq7,2020-2026,7,7,0,0,0,
audi,e-tron,2019-2023,5,5,0,0,0,
audi,allroad,2001-2005 2013-2016,9,9,0,0,0,
audi,sq5,2014-2026,14,13,0,0,0,
audi,90,1990-1995,6,6,0,0,0,
audi,200,1990-1991,2,2,0,0,0,
audi,sq8,2020-2026,7,7,0,0,0,
audi,rs-models,2017 2019-2026,9,9,0,0,0,
audi,tt-rs,2009-2014 2016-2017 2019-2023,13,13,0,0,0,
audi,tt-rs-quattro,2018,1,1,0,0,0,
audi,a4-allroad,2018,3,1,0,0,0,
audi,tt-quattro,2018,1,1,0,0,0,
audi,tts-quattro,2018,1,1,0,0,0,
audi,v8,1990-1994,5,5,0,0,0,
audi,q8,2019-2026,14,8,0,0,0,
audi,a6-e-tron,2024-2026,4,3,0,0,0,
audi,100,1990-1994,5,5,0,0,0,
audi,q6l-sportback-e-tron,2025,1,1,0,0,0,
audi,q8-sportback-e-tron,2023-2025,3,3,0,0,0,
audi,q3-quattro,2018,2,1,0,0,0,
audi,s7,2018,2,1,0,0,0,
bentley,flying-spur,2018-2026,12,9,0,0,0,
bentley,continental-gt,2019-2026,8,8,0,0,0,
bentley,mulsanne,2018,2,1,0,0,0,
bentley,continental,2018,3,1,0,0,0,
bmw,640i-xdrive,2018,2,0,1,0,0,
bmw,3-series,1990-2017 2019-2026,186,36,0,0,0,
bmw,230i-xdrive,2018,4,0,1,0,0,
bmw,m240i-xdrive,2018,4,0,1,0,0,
bmw,x6-m,2009-2017 2019-2026,40,17,0,0,0,
bmw,8-series,2019-2026,16,8,0,0,0,
bmw,x3-m,2019-2024,11,6,0,0,0,
bmw,x5-m,2009-2017 2019-2026,31,17,0,0,0,
bmw,7-series,1990-2017 2019-2026,89,36,0,0,0,
bmw,440i-xdrive,2018,4,0,1,0,0,
bmw,z8,2000-2003,4,4,0,0,0,
bmw,z3,1996-2002,7,7,0,0,0,
bmw,m-roadster,2000-2003,7,3,1,0,0,
bmw,m-coupe,2000-2003,7,3,1,0,0,
bmw,530i-xdrive,2018,2,1,0,0,0,
bmw,x3,2004-2026,96,23,0,0,0,
bmw,x1,2013-2026,46,14,0,0,0,
bmw,740i-xdrive,2018,2,1,0,0,0,
bmw,x5,2000-2026,110,27,0,0,0,
bmw,m760i-xdrive,2018,2,1,0,0,0,
bmw,430i-xdrive-gran-coupe,2018,2,1,0,0,0,
bmw,alpina-b6-xdrive-gran-coupe,2018,2,1,0,0,0,
bmw,650i-xdrive-gran-coupe,2018,3,1,0,0,0,
bmw,650i-xdrive,2018,2,0,1,0,0,
bmw,650i-gran-coupe,2018,2,1,0,0,0,
bmw,440i-gran-coupe,2018,2,1,0,0,0,
bmw,440i-xdrive-gran-coupe,2018,2,1,0,0,0,
bmw,320i-xdrive,2018,2,1,0,0,0,
bmw,328d-xdrive,2018,4,1,0,0,0,
bmw,330i-gt-xdrive,2018,2,0,1,0,0,
bmw,330i-xdrive,2018,4,1,0,0,0,
bmw,340i-gt-xdrive,2018,2,0,1,0,0,
bmw,340i-xdrive,2018,2,1,0,0,0,
bmw,530e-xdrive,2018,2,1,0,0,0,
bmw,540d-xdrive,2018,2,1,0,0,0,
bmw,540i-xdrive,2018,2,1,0,0,0,
bmw,430i-gran-coupe,2018,2,1,0,0,0,
bmw,430i-xdrive,2018,4,0,1,0,0,
bmw,640i-gran-coupe,2018,2,1,0,0,0,
bmw,640i-xdrive-gran-coupe,2018,2,1,0,0,0,
bmw,640i-xdrive-gran-turismo,2018,2,1,0,0,0,
bmw,740e-xdrive,2018,2,1,0,0,0,
bmw,750i-xdrive,2018,2,1,0,0,0,
bmw,alpina-b7,2018,2,1,0,0,0,
bmw,m550i-xdrive,2018,2,1,0,0,0,
bmw,m6-gran-coupe,2018,1,1,0,0,0,
bmw,x6,2008-2026,67,19,0,0,0,
bmw,ix,2022-2026,5,5,0,0,0,
bmw,740i,2018,2,1,0,0,0,
bmw,750i,2018,2,1,0,0,0,
bmw,230i,2018,4,1,0,0,0,
bmw,430i,2018,4,1,0,0,0,
bmw,650i,2018,2,1,0,0,0,
bmw,640i,2018,2,1,0,0,0,
bmw,530e,2018,2,1,0,0,0,
bmw,440i,2018,4,1,0,0,0,
bmw,328d,2018,2,1,0,0,0,
bmw,330e,2018,2,1,0,0,0,
bmw,330i,2018,2,1,0,0,0,
bmw,340i,2018,2,1,0,0,0,
bmw,530i,2018,2,1,0,0,0,
bmw,i3,2018,3,1,0,0,0,
bmw,m8,2019-2026,8,6,2,0,0,
bmw,xm,2023-2026,4,4,0,0,0,
bmw,320i,2018,2,1,0,0,0,
bmw,540i,2018,2,1,0,0,0,
bmw,x7,2019-2026,8,8,0,0,0,
bmw,m240i,2018,4,1,0,0,0,
bmw,x2,2018-2026,10,9,0,0,0,
bmw,m2,2016-2021 2023-2026,10,10,0,0,0,
bmw,i3s,2018,2,1,0,0,0,
buick,encore-gx,2020-2026,37,7,0,0,0,
buick,park-avenue,1991-1999,9,9,0,0,0,
buick,regal-sportback,2018-2020,15,3,0,0,0,
buick,enclave,2007-2026,125,20,0,0,0,
buick,rainier,2004-2007,4,4,0,0,0,
buick,century,1990-1999,10,10,0,0,0,
buick,riviera,1990-1993 1995-1999,9,9,0,0,0,
buick,regal-tourx,2018,3,1,0,0,0,
buick,skylark,1992-1998,7,7,0,0,0,
buick,cascada,2016-2019,6,4,0,0,0,
buick,envision-s,2020-2026,7,7,0,0,0,
buick,terraza,2005-2007,3,3,0,0,0,
buick,rendezvous,2002-2007,6,6,0,0,0,
buick,lucerne,2006-2011,6,6,0,0,0,
buick,envista,2024-2026,3,3,0,0,0,
buick,lesabre,1990 2000-2005,21,7,0,0,0,
buick,roadmaster,1991-1996,6,6,0,0,0,
cadillac,cts,2003-2019,102,17,0,0,0,
cadillac,ct5,2020-2026,11,7,0,0,0,
cadillac,ct4-v,2020-2026,7,7,0,0,0,
cadillac,escalade,1999-2026,166,28,0,0,0,
cadillac,ats,2013-2019,15,7,0,0,0,
cadillac,allante,1992-1993,2,2,0,0,0,
cadillac,catera,1997-1999,3,3,0,0,0,
cadillac,escalade-esv,2003-2026,142,24,0,0,0,
cadillac,deville,1990-1999,10,10,0,0,0,
cadillac,ct6-v,2019-2020,2,2,0,0,0,
cadillac,fleetwood,1990-1996,7,7,0,0,0,
cadillac,ct4,2020-2026,19,7,0,0,0,
cadillac,xts,2013-2019,11,7,0,0,0,
cadillac,seville,1990-1999,10,10,0,0,0,
cadillac,srx,2004-2005,2,2,0,0,0,
cadillac,ct5-v,2020-2026,7,7,0,0,0,
cadillac,xt5,2017-2026,13,10,0,0,0,
cadillac,xt6,2020-2025,6,6,0,0,0,
cadillac,sts-v,2006-2009,4,4,0,0,0,
cadillac,xlr-v,2006-2009,4,4,0,0,0,
cadillac,xt4,2019-2025,16,7,0,0,0,
cadillac,eldorado,1990-1992 1994-1999,9,9,0,0,0,
cadillac,ats-v,2016-2017 2019,3,3,0,0,0,
cadillac,brougham,1990-1992,3,3,0,0,0,
cadillac,lyriq,2024,1,1,0,0,0,
chevrolet,express-2500,1996-2026,115,31,0,0,0,
chevrolet,express-3500,1996-2026,142,31,0,0,0,
chevrolet,silverado-2500hd,1999-2026,145,28,0,0,0,
chevrolet,silverado-3500hd,1999-2026,120,28,0,0,0,
chevrolet,lumina-apv,1990-1996,7,7,0,0,0,
chevrolet,express-1500,1996-2014,102,19,0,0,0,
chevrolet,camaro,1990-2002 2010-2024,164,28,0,0,0,
chevrolet,s10-blazer,1990-1999,10,10,0,0,0,
chevrolet,bolt-euv,2021-2023,6,3,0,0,0,
chevrolet,suburban-2500,2000-2013,28,14,0,0,0,
chevrolet,g10-van,1990-1995,6,6,0,0,0,
chevrolet,g20-van,1990-1995,6,6,0,0,0,
chevrolet,g30-van,1990-1995,6,6,0,0,0,
chevrolet,silverado-1500,1999-2026,173,28,0,0,0,
chevrolet,avalanche-1500,2002-2006,8,5,0,0,0,
chevrolet,suburban-1500,2000-2014,54,15,0,0,0,
chevrolet,blazer,1990-2005 2019-2026,77,24,0,0,0,
chevrolet,cavalier,1990-1999,10,10,0,0,0,
chevrolet,suburban,1990-1991 2000-2026,45,29,0,0,0,
chevrolet,k3500,1990-1999,10,10,0,0,0,
chevrolet,c3500,1990-1999,10,10,0,0,0,
chevrolet,monte-carlo,1995-2007,18,13,0,0,0,
chevrolet,equinox,2005-2026,110,22,0,0,0,
chevrolet,silverado-2500,2000-2017,25,18,0,0,0,
chevrolet,astro,1990-2005,29,16,0,0,0,
chevrolet,corvette,1990-2026,161,37,0,0,0,
chevrolet,avalanche-2500,2002-2006,10,5,0,0,0,
chevrolet,s-10,1991-1999,9,9,0,0,0,
chevrolet,traverse,2009-2026,109,18,0,0,0,
chevrolet,bolt-ev,2017-2023,11,7,0,0,0,
chevrolet,silverado,1999 2014-2017 2019-2026,13,13,0,0,0,
chevrolet,city-express,2018,2,1,0,0,0,
chevrolet,c/k-1500,1990-1998,36,9,0,0,0,
chevrolet,silverado-3500,2001-2010 2012-2017,24,16,0,0,0,
chevrolet,beretta,1990-1996,7,7,0,0,0,
chevrolet,impala,1994-1996 2000-2020,95,24,0,0,0,
chevrolet,s10,1990-1999,11,10,0,0,0,
chevrolet,caprice,1990-1996 2011-2017,14,14,0,0,0,
chevrolet,lumina,1990-2001,12,12,0,0,0,
chevrolet,trax,2013-2026,25,14,0,0,0,
chevrolet,k1500,1990-1999,10,10,0,0,0,
chevrolet,equinox-ev,2024,4,1,0,0,0,
chevrolet,blazer-ev,2024,3,1,0,0,0,
chevrolet,c2500,1990-1999,10,10,0,0,0,
chevrolet,corsica,1990-1996,7,7,0,0,0,
chevrolet,cruze,2011-2019,38,9,0,0,0,
chevrolet,avalanche,2007-2013,7,7,0,0,0,
chevrolet,c1500,1990-1999,10,10,0,0,0,
chevrolet,k2500,1990-1999,10,10,0,0,0,
chevrolet,tracker,1998-1999,2,2,0,0,0,
chevrolet,sonic,2018,5,1,0,0,0,
chrysler,town-&-country,1990-2016,72,27,0,0,0,
chrysler,new-yorker,1990-1996,7,7,0,0,0,
chrysler,pt-cruiser,2000-2010,21,11,0,0,0,
chrysler,300c,2005-2010,23,6,0,0,0,
chrysler,town-and-country,2000-2016,35,17,0,0,0,
chrysler,fifth-avenue,1990-1993,4,4,0,0,0,
chrysler,sebring,1995-2010,16,16,0,0,0,
chrysler,pacifica-minivan,2018,9,1,0,0,0,
chrysler,town-country,2000-2016,17,17,0,0,0,
chrysler,dynasty,1990-1993,4,4,0,0,0,
chrysler,concorde,1993-1999,7,7,0,0,0,
chrysler,lhs,1994-1997 1999,5,5,0,0,0,
chrysler,300m,1999,1,1,0,0,0,
chrysler,lebaron,1990-1995,6,6,0,0,0,
chrysler,cirrus,1995-1999,5,5,0,0,0,
chrysler,imperial,1990-1993,4,4,0,0,0,
daewoo,lanos,1999,1,1,0,0,0,
daewoo,leganza,1999-2002,4,4,0,0,0,
daewoo,nubira,1999,1,1,0,0,0,
dodge,grand-caravan,1990-2020,111,31,0,0,0,
dodge,ram-2500,1994-2009,59,16,0,0,0,
dodge,ram-3500,1994-2009,59,16,0,0,0,
dodge,ram-1500,1994-2010,83,17,0,0,0,
dodge,ram-van-b250,1990-1993,4,4,0,0,0,
dodge,stratus,1995-1999,5,5,0,0,0,
dodge,caravan,1990-2007,34,18,0,0,0,
dodge,intrepid,1993-2004,23,12,0,0,0,
dodge,ram-van-b2500,1994-1995,2,2,0,0,0,
dodge,ram-van-b3500,1994-1995 1999,3,3,0,0,0,
dodge,ram-van-b1500,1994-1999,6,6,0,0,0,
dodge,ram-van-b350,1990,1,1,0,0,0,
dodge,viper,1992-2006 2008-2010 2013-2017,73,23,0,0,0,
dodge,dakota,1990-1999,10,10,0,0,0,
dodge,monaco,1990-1992,3,3,0,0,0,
dodge,neon,1995-1999,5,5,0,0,0,
dodge,caliber,2006-2012,7,7,0,0,0,
dodge,dynasty,1990-1993,4,4,0,0,0,
dodge,nitro,2007-2012,6,6,0,0,0,
dodge,ram-van-b150,1990,1,1,0,0,0,
dodge,journey,2009-2020,15,12,0,0,0,
dodge,spirit,1990-1995,6,6,0,0,0,
dodge,stealth,1991-1992 1994-1996,5,5,0,0,0,
dodge,avenger,1995-1999,5,5,0,0,0,
dodge,magnum,2005-2008,4,4,0,0,0,
dodge,colt,1990-1994,5,5,0,0,0,
ferrari,california-t,2018,1,1,0,0,0,
ferrari,gtc4lusso-t,2018,2,1,0,0,0,
ferrari,488-gtb,2018,1,1,0,0,0,
ferrari,488-spider,2018,1,1,0,0,0,
ferrari,812-superfast,2018,1,1,0,0,0,
ferrari,gtc4lusso,2018,2,1,0,0,0,
fiat,500,2012-2025,23,14,0,0,0,
fiat,500l,2018,3,1,0,0,0,
ford,f-450-super-duty,2000-2017 2019-2026,70,26,0,0,0,
ford,mustang-shelby-gt500,2007-2014 2020-2023,27,12,0,0,0,
ford,f-150,1990-1991 2000-2026,232,29,0,0,0,
ford,f-250,1990 2000-2026,152,28,0,0,0,
ford,e-250-econoline,1990-2014,25,25,0,0,0,
ford,club-wagon-e-150,1990-1999,10,10,0,0,0,
ford,crown-victoria,1990-2007,26,18,0,0,0,
ford,e-350-econoline,1990-2014,25,25,0,0,0,
ford,explorer-sport-trac,2001-2005 2007-2010,18,9,0,0,0,
ford,mustang-shelby-gt350,2011-2013 2015-2017 2019-2020,15,8,0,0,0,
ford,explorer,1991-2026,285,36,0,0,0,
ford,edge,2007-2024,67,18,0,0,0,
ford,bronco,1990-1991 2021-2026,44,8,0,0,0,
ford,e-150-econoline,1990-2014,25,25,0,0,0,
ford,escort-zx2,2000-2003,8,4,0,0,0,
ford,taurus-sho,1990-1999,10,10,0,0,0,
ford,mustang,1990-2026,134,37,0,0,0,
ford,f-350,1990 2000-2026,143,28,0,0,0,
ford,mustang-mach-1,2003-2004 2019-2023,15,7,0,0,0,
ford,expedition,1997-2026,211,30,0,0,0,
ford,f-350-super-duty,2018,27,1,0,0,0,
ford,bronco-sport,2021-2026,19,6,0,0,0,
ford,e-150,2000-2014,60,15,0,0,0,
ford,transit,2015-2017 2019-2025,10,10,0,0,0,
ford,excursion,2000-2005,6,6,0,0,0,
ford,f-250-super-duty,2018,13,1,0,0,0,
ford,transit-connect,2018,9,1,0,0,0,
ford,transit-350-hd,2018,3,1,0,0,0,
ford,aerostar,1990-1997,8,8,0,0,0,
ford,escort,1990-1999,10,10,0,0,0,
ford,probe,1990-1997,8,8,0,0,0,
ford,thunderbird,1990-1997 2002-2005,12,12,0,0,0,
ford,windstar,1995-1999,5,5,0,0,0,
ford,contour,1995-1999,5,5,0,0,0,
ford,gt,2005-2006 2017-2022,8,8,0,0,0,
ford,c-max,2018,2,1,0,0,0,
ford,ecosport,2018,5,1,0,0,0,
ford,transit-150,2018,3,1,0,0,0,
ford,transit-250,2018,1,1,0,0,0,
ford,transit-350,2018,3,1,0,0,0,
genesis,gv70,2022-2026,25,5,0,0,0,
genesis,gv80,2021-2026,18,6,0,0,0,
genesis,g70,2019-2026,32,8,0,0,0,
genesis,g90,2017-2026,38,10,0,0,0,
genesis,g80,2017-2026,48,10,0,0,0,
geo,metro,1990-2001,12,8,0,4,0,
geo,storm,1990-1993,4,4,0,0,0,
geo,prizm,1990-2002,13,8,0,5,0,
gmc,savana-3500,2000-2026,138,27,0,0,0,
gmc,savana-1500,2000-2014,60,15,0,0,0,
gmc,sierra-2500hd,1990-2026,154,37,0,0,0,
gmc,sierra-3500hd,1990-2026,130,37,0,0,0,
gmc,savana-2500,2000-2026,111,27,0,0,0,
gmc,envoy,2002-2009,24,8,0,0,0,
gmc,sierra-1500,1990-2026,181,37,0,0,0,
gmc,canyon,2004-2012 2015-2026,106,21,0,0,0,
gmc,yukon,1992-2026,217,35,0,0,0,
gmc,yukon-xl,2018 2021-2024,7,5,0,0,0,
gmc,sierra,1990-1999,10,10,0,0,0,
gmc,terrain,2009-2026,103,18,0,0,0,
gmc,hummer-ev-suv,2022-2024,6,3,0,0,0,
gmc,suburban,1990-1999,10,10,0,0,0,
gmc,c/k-1500,1990-1998,36,9,0,0,0,
gmc,safari,1990-2005,49,16,0,0,0,
gmc,sonoma,1990-1999,10,10,0,0,0,
gmc,sierra-3500,2005-2006,6,2,0,0,0,
gmc,jimmy,1990-1999,10,10,0,0,0,
honda,accord,1990-1993 2000-2026,197,31,0,0,0,
honda,pilot,2003-2026,177,24,0,0,0,
honda,civic,1990-1995 2000-2026,275,33,0,0,0,
honda,cr-v,1997-2026,177,30,0,0,0,
honda,del-sol,1993-1997,5,5,0,0,0,
honda,ridgeline,2006-2026,126,21,0,0,0,
honda,hr-v,2016-2026,54,11,0,0,0,
honda,passport,1994-2002 2019-2026,46,17,0,0,0,
honda,odyssey,1995-2026,77,32,0,0,0,
honda,insight,2000-2006 2009-2014 2019-2022,39,17,0,0,0,
honda,fit,2007-2020,19,14,0,0,0,
honda,s2000,2000-2009,10,10,0,0,0,
honda,prologue,2026,1,1,0,0,0,
honda,element,2003-2011,9,9,0,0,0,
honda,crosstour,2011-2016,6,6,0,0,0,
hummer,h1,1992-2006,15,15,0,0,0,
hummer,h2,2003-2009,7,7,0,0,0,
hummer,h3,2006-2010,5,5,0,0,0,
hyundai,palisade,2020-2026,42,7,0,0,0,
hyundai,santa-fe-classic,2007-2012,12,6,0,0,0,
hyundai,santa-fe-sport,2013-2018,13,6,0,0,0,
hyundai,santa-cruz,2026,4,1,0,0,0,
hyundai,tiburon-turbulence,2000-2001,4,2,0,0,0,
hyundai,sonata,1990-2026,183,37,0,0,0,
hyundai,elantra-gt,2018,2,1,0,0,0,
hyundai,tiburon,1997-2001 2003-2008,11,11,0,0,0,
hyundai,elantra,1992-2026,116,35,0,0,0,
hyundai,ioniq-5,2021-2026,8,6,0,0,0,
hyundai,ioniq,2017-2022,32,6,0,0,0,
hyundai,xg300,2001,1,1,0,0,0,
hyundai,xg350,2002-2005,4,4,0,0,0,
hyundai,accent,1995-1999 2018,8,6,0,0,0,
infiniti,qx60,2013-2026,66,13,1,0,0,
infiniti,g20,1991-1996 1999,7,7,0,0,0,
infiniti,j30,1993-1997,5,5,0,0,0,
infiniti,q45,1990-1999,10,10,0,0,0,
infiniti,qx80,2004-2026,89,13,10,0,0,
infiniti,qx55,2022-2025,10,4,0,0,0,
infiniti,qx4,1997-1999,3,3,0,0,0,
infiniti,qx70,2013-2014,2,1,1,0,0,
infiniti,q70,2013-2021,11,8,1,0,0,
infiniti,i30,1996-1999,4,4,0,0,0,
infiniti,q70l,2018,2,1,0,0,0,
infiniti,qx30,2018,6,1,0,0,0,
isuzu,oasis,1996-1999,4,4,0,0,0,
isuzu,trooper,1990-2002,13,13,0,0,0,
isuzu,rodeo,1991-2004,14,14,0,0,0,
isuzu,amigo,1990-1994 1998-1999,7,7,0,0,0,
isuzu,axiom,2002-2004,3,3,0,0,0,
isuzu,vehicross,1999,1,1,0,0,0,
jaguar,xk,2007-2015,9,9,0,0,0,
jaguar,xj6,1990-1997,8,8,0,0,0,
jaguar,xjs,1990-1996,7,7,0,0,0,
jaguar,s-type,2000-2008,9,9,0,0,0,
jaguar,xj220,1992-1994,3,0,3,0,0,
jaguar,xk8,1997-1999,3,3,0,0,0,
jaguar,xj8,1998-1999,2,2,0,0,0,
jaguar,xjr575,2018,1,1,0,0,0,
jeep,grand-cherokee,1993-2026,413,34,0,0,0,
jeep,compass,2007-2026,130,20,0,0,0,
jeep,wrangler,1996 2000-2026,155,28,0,0,0,
jeep,grand-wagoneer,2022-2025,8,4,0,0,0,
jeep,wrangler-jk,2018,20,1,0,0,0,
jeep,liberty,2002-2012,55,11,0,0,0,
jeep,wagoneer,2022-2025,4,4,0,0,0,
jeep,patriot,2007-2017,44,11,0,0,0,
karma,revero,2018,2,1,0,0,0,
kia,ev6,2022-2026,30,5,0,0,0,
kia,telluride,2020-2026,43,7,0,0,0,
kia,sportage,2000-2026,155,27,0,0,0,
kia,sedona,2002-2021,43,20,0,0,0,
kia,soul-ev,2018,3,1,0,0,0,
kia,optima,2001-2020,46,20,0,0,0,
kia,niro,2017-2026,52,10,0,0,0,
kia,seltos,2021-2026,11,6,0,0,0,
kia,k5,2021-2026,10,6,0,0,0,
kia,spectra5,2005-2009,5,5,0,0,0,
kia,carnival,2026,5,1,0,0,0,
kia,rio,2018,3,1,0,0,0,
kia,ev9,2024-2026,3,3,0,0,0,
kia,forte5,2018,3,1,0,0,0,
kia,cadenza,2018,3,1,0,0,0,
lamborghini,urus,2019-2026,8,8,0,0,0,
lamborghini,aventador,2011-2017 2019-2022,11,11,0,0,0,
landrover,range-rover,1990-1999 2002-2025,154,34,0,0,0,
landrover,discovery,1994-1999 2005-2025,116,27,0,0,0,
lexus,ls,1990-2017 2019-2026,144,36,0,0,0,
lexus,nx,2015-2017 2019-2026,66,11,0,0,0,
lexus,rc-f,2015-2025,21,11,0,0,0,
lexus,es,1990-2017 2019-2026,180,36,0,0,0,
lexus,rx,1999-2017 2019-2026,162,27,0,0,0,
lexus,gs-f,2018,1,1,0,0,0,
lexus,sc300,1992-1999,8,8,0,0,0,
lexus,sc400,1992-1999,8,8,0,0,0,
lexus,gs,1993-2017 2019-2020,120,27,0,0,0,
lexus,rc,2015-2017 2019-2025,10,10,0,0,0,
lexus,ux,2019-2026,14,8,0,0,0,
lexus,lx,1996-1999 2008-2017 2019-2026,110,22,0,0,0,
lexus,ls400,1990-1999,10,10,0,0,0,
lexus,nx300,2018,2,1,0,0,0,
lexus,es300,1992-1999,8,8,0,0,0,
lexus,gs300,1993-1999 2018,10,8,0,0,0,
lexus,lx450,1996-1997,2,2,0,0,0,
lexus,gs450h,2018,3,1,0,0,0,
lexus,rc300,2018,5,1,0,0,0,
lexus,rc350,2018,5,1,0,0,0,
lexus,rx300,1999,1,1,0,0,0,
lexus,is350,2018,5,1,0,0,0,
lexus,gx460,2018,3,1,0,0,0,
lexus,ls500,2018,2,1,0,0,0,
lexus,gs350,2018,3,1,0,0,0,
lexus,es350,2018,1,1,0,0,0,
lexus,es300h,2018,1,1,0,0,0,
lexus,is300,2018,5,1,0,0,0,
lexus,ls500h,2018,1,1,0,0,0,
lexus,lx570,2018,1,1,0,0,0,
lexus,nx300h,2018,1,1,0,0,0,
lexus,rx350,2018,2,1,0,0,0,
lexus,rx450h,2018,2,1,0,0,0,
lexus,rx350l,2018,1,1,0,0,0,
lexus,rx450hl,2018,1,1,0,0,0,
lexus,lc500,2018,1,1,0,0,0,
lexus,lc500h,2018,1,1,0,0,0,
lincoln,aviator,2003-2005 2020-2026,50,10,0,0,0,
lincoln,town-car,1990-2011,104,22,0,0,0,
lincoln,mark-vii,1990-1992,3,3,0,0,0,
lincoln,mark-viii,1993-1998,6,6,0,0,0,
lincoln,navigator,1998-2026,124,29,0,0,0,
lincoln,continental,1990 2000-2002 2017-2020,42,8,0,0,0,
lincoln,nautilus,2019-2025,28,7,0,0,0,
lincoln,ls,2000-2006,7,7,0,0,0,
lucid,air,2022-2024,9,3,0,0,0,
maserati,quattroporte,2013-2023,13,11,0,0,0,
mazda,mazda5,2006-2015,30,10,0,0,0,
mazda,mazda3,2003-2017 2019-2026,53,22,1,0,0,
mazda,626,1990-1999,10,10,0,0,0,
mazda,mx-5-miata,2000-2026,84,27,0,0,0,
mazda,mx-5,1990 2000-2017 2019-2026,27,27,0,0,0,
mazda,cx-70,2025-2026,2,2,0,0,0,
mazda,rx-7,1990-1995,6,6,0,0,0,
mazda,mpv,1990-1998,9,9,0,0,0,
mazda,protege,1990-1999,10,10,0,0,0,
mazda,mazda6,2003-2017 2019-2021,84,18,0,0,0,
mazda,3,2003-2026,59,23,1,0,0,
mazda,6,2018,5,1,0,0,0,
mazda,b2300,1994-1999,6,6,0,0,0,
mazda,b4000,1994-1999,6,6,0,0,0,
mazda,mx-6,1990-1997,8,8,0,0,0,
mazda,millenia,1995-1999,5,5,0,0,0,
mazda,929,1990-1995,6,6,0,0,0,
mazda,cx-3,2018,3,1,0,0,0,
mazda,b3000,1994-1999,6,6,0,0,0,
mclaren,570s,2015-2021,8,7,0,0,0,
mclaren,720s,2017-2023,7,7,0,0,0,
mclaren,570gt,2018,1,1,0,0,0,
mercedesbenz,e-class-amg,2002-2017 2019-2025,46,23,0,0,0,
mercedesbenz,c-class,1994-2017 2019-2026,430,32,0,0,0,
mercedesbenz,slk-class-amg,2000-2016,32,17,0,0,0,
mercedesbenz,e-class,1990-2017 2019-2026,407,32,4,0,0,
mercedesbenz,e-class-coupe,2009-2017 2019-2023,27,14,0,0,0,
mercedesbenz,e-class-cabriolet,2009-2017 2019-2023,26,14,0,0,0,
mercedesbenz,c-class-amg,2008-2017 2019-2026,25,18,0,0,0,
mercedesbenz,s-class-amg,2000-2017 2019-2021 2023-2025,48,24,0,0,0,
mercedesbenz,s-class-coupe,2015-2017 2019-2021,12,6,0,0,0,
mercedesbenz,m-class-amg,2000-2015,32,12,4,0,0,
mercedesbenz,s-class,1990-2017 2019-2026,351,32,4,0,0,
mercedesbenz,glc,2016-2017 2019-2026,132,10,0,0,0,
mercedesbenz,gls,2017 2019-2026,70,9,0,0,0,
mercedesbenz,cla,2014-2017 2019-2026,125,12,0,0,0,
mercedesbenz,gla,2015-2017 2019-2026,78,11,0,0,0,
mercedesbenz,cl-class-amg,2001-2014,14,14,0,0,0,
mercedesbenz,gle-class-coupe,2016-2017 2019-2026,10,10,0,0,0,
mercedesbenz,glc-class-coupe,2016-2017 2019-2026,10,10,0,0,0,
mercedesbenz,cla45-amg,2018,1,0,1,0,0,
mercedesbenz,gla45-amg,2018,1,0,1,0,0,
mercedesbenz,gls63-amg,2018,1,0,1,0,0,
mercedesbenz,g63-amg,2018,1,0,1,0,0,
mercedesbenz,g65-amg,2018,1,0,1,0,0,
mercedesbenz,gle43-amg,2018,2,0,1,0,0,
mercedesbenz,gle63-amg-s,2018,2,0,1,0,0,
mercedesbenz,sprinter-2500,2018,2,1,0,0,0,
mercedesbenz,sprinter-3500,2018,1,1,0,0,0,
mercedesbenz,sprinter-3500xd,2018,2,1,0,0,0,
mercedesbenz,cls,2012-2017 2019-2023,33,11,0,0,0,
mercedesbenz,amg-gt-c,2018,1,1,0,0,0,
mercedesbenz,amg-gt-r,2018,1,1,0,0,0,
mercedesbenz,amg-gt-s,2018,1,1,0,0,0,
mercedesbenz,c43-amg,2018,2,0,1,0,0,
mercedesbenz,c63-amg,2018,3,0,1,0,0,
mercedesbenz,c63-amg-s,2018,3,0,1,0,0,
mercedesbenz,cls63-amg-s,2018,1,0,1,0,0,
mercedesbenz,e43-amg,2018,1,0,1,0,0,
mercedesbenz,glc43-amg,2018,1,0,1,0,0,
mercedesbenz,glc63-amg,2018,1,0,1,0,0,
mercedesbenz,glc63-amg-s,2018,1,0,1,0,0,
mercedesbenz,gle63-amg,2018,1,0,1,0,0,
mercedesbenz,maybach-s560,2018,1,1,0,0,0,
mercedesbenz,maybach-s650,2018,1,1,0,0,0,
mercedesbenz,s63-amg,2018,2,0,1,0,0,
mercedesbenz,s65-amg,2018,1,0,1,0,0,
mercedesbenz,sl63-amg,2018,1,0,1,0,0,
mercedesbenz,sl65-amg,2018,1,0,1,0,0,
mercedesbenz,slc43-amg,2018,1,0,1,0,0,
mercedesbenz,cl-class,2000-2014,15,15,0,0,0,
mercedesbenz,m-class,2000-2015,24,12,4,0,0,
mercedesbenz,slk-class,2000-2016,34,17,0,0,0,
mercedesbenz,glc300,2018,4,1,0,0,0,
mercedesbenz,190e,1990-1993,4,4,0,0,0,
mercedesbenz,glb,2020-2026,21,7,0,0,0,
mercedesbenz,g550-4x4,2018,1,1,0,0,0,
mercedesbenz,metris,2018,2,1,0,0,0,
mercedesbenz,glc-class,2021,1,1,0,0,0,
mercedesbenz,s450,2018,4,1,0,0,0,
mercedesbenz,c300,2018,6,1,0,0,0,
mercedesbenz,e400,2018,9,1,0,0,0,
mercedesbenz,e63-amg-s,2018,1,0,1,0,0,
mercedesbenz,glc350e,2018,1,1,0,0,0,
mercedesbenz,cla250,2018,4,1,0,0,0,
mercedesbenz,e300,2018,2,1,0,0,0,
mercedesbenz,gla250,2018,2,1,0,0,0,
mercedesbenz,gls450,2018,1,1,0,0,0,
mercedesbenz,gls550,2018,1,1,0,0,0,
mercedesbenz,g550,2018,1,1,0,0,0,
mercedesbenz,gle350,2018,2,1,0,0,0,
mercedesbenz,gle550e,2018,1,1,0,0,0,
mercedesbenz,c350e,2018,1,1,0,0,0,
mercedesbenz,sl550,2018,1,1,0,0,0,
mercedesbenz,cls550,2018,2,1,0,0,0,
mercedesbenz,s560,2018,4,1,0,0,0,
mercedesbenz,sl450,2018,1,1,0,0,0,
mercedesbenz,slc300,2018,1,1,0,0,0,
mercedesbenz,gle-class,2022,1,1,0,0,0,
mercury,grand-marquis,1990-2011,55,22,0,0,0,
mercury,mountaineer,1997-2010,14,14,0,0,0,
mercury,sable,1990-2005 2008-2009,18,18,0,0,0,
mercury,mariner,2005-2011,7,7,0,0,0,
mercury,milan,2006-2011,6,6,0,0,0,
mercury,cougar,1990 2000-2002,4,4,0,0,0,
mini,cooper,2002-2026,152,25,0,0,0,
mini,cooper-countryman,2018,6,1,0,0,0,
mini,cooper-clubman,2018,5,1,0,0,0,
mini,countryman,2011-2017 2019-2026,90,15,0,0,0,
mini,roadster,2012-2015,4,4,0,0,0,
mitsubishi,outlander,2003-2026,120,24,0,0,0,
mitsubishi,galant,1990-1993 2000-2012,95,17,0,0,0,
mitsubishi,lancer-evolution,2003-2006 2008-2015,48,12,0,0,0,
mitsubishi,lancer,2002-2017,112,16,0,0,0,
mitsubishi,outlander-sport,2018,4,1,0,0,0,
mitsubishi,outlander-phev,2018,2,1,0,0,0,
mitsubishi,mirage-g4,2018,2,1,0,0,0,
mitsubishi,eclipse,1990-2012,115,23,0,0,0,
mitsubishi,diamante,2000-2004,5,5,0,0,0,
mitsubishi,eclipse-spider,2004-2006,3,3,0,0,0,
mitsubishi,3000gt,1991-1999,9,9,0,0,0,
nissan,armada,2004-2015 2017-2026,109,22,0,0,0,
nissan,z,2023-2026,16,4,0,0,0,
nissan,pathfinder,1990-1995 2000-2026,140,33,0,0,0,
nissan,altima,1993-1997 2000-2026,166,32,0,0,0,
nissan,370z,2009-2020,42,12,0,0,0,
nissan,leaf,2011-2026,63,16,0,0,0,
nissan,rogue,2008-2026,99,19,0,0,0,
nissan,versa-note,2018,3,1,0,0,0,
nissan,xterra,2000-2015,96,16,0,0,0,
nissan,titan-xd,2016-2024,37,9,0,0,0,
nissan,300zx,1990-1996,7,7,0,0,0,
nissan,quest,1993-2009 2011-2017,24,24,0,0,0,
nissan,sentra,1990-1994 2000-2026,115,32,0,0,0,
nissan,kicks,2018-2026,11,9,0,0,0,
nissan,rogue-sport,2018,3,1,0,0,0,
nissan,nv200,2018,3,1,0,0,0,
nissan,nv1500,2018,2,1,0,0,0,
nissan,frontier,1998-1999 2018 2020-2025,20,9,0,0,0,
nissan,240sx,1990-1998,9,9,0,0,0,
nissan,pickup,1990-1997,8,8,0,0,0,
nissan,nv2500,2018,3,1,0,0,0,
nissan,nv3500,2018,6,1,0,0,0,
oldsmobile,cutlass-ciera,1990-1996,7,7,0,0,0,
oldsmobile,cutlass-supreme,1990-1997,8,8,0,0,0,
oldsmobile,bravada,1995 2000-2004,6,6,0,0,0,
oldsmobile,88,1990-1999,10,10,0,0,0,
oldsmobile,98,1990-1996,7,7,0,0,0,
oldsmobile,silhouette,1990-1999,10,10,0,0,0,
oldsmobile,cutlass,1990-1999,10,10,0,0,0,
oldsmobile,intrigue,1998-2002,5,5,0,0,0,
oldsmobile,aurora,1995-1999,5,5,0,0,0,
oldsmobile,alero,1999-2004,6,6,0,0,0,
plymouth,grand-voyager,1990-1999,10,10,0,0,0,
plymouth,voyager,1990-2000,11,11,0,0,0,
plymouth,acclaim,1990-1995,6,6,0,0,0,
plymouth,laser,1990-1994,5,5,0,0,0,
plymouth,sundance,1990-1994,5,5,0,0,0,
plymouth,neon,1995-1999,5,5,0,0,0,
plymouth,breeze,1997-1999,3,3,0,0,0,
polestar,polestar-2,2020-2026,7,6,1,0,0,
polestar,polestar-1,2020-2021,2,2,0,0,0,
pontiac,grand-am,1990-2005,18,16,0,0,0,
pontiac,trans-am,1990-1999,17,10,0,0,0,
pontiac,grand-prix,1990-2008,31,19,0,0,0,
pontiac,bonneville,1990 2000-2005,7,7,0,0,0,
pontiac,firebird,1990-2002,16,13,0,0,0,
pontiac,g8,2008-2009,2,2,0,0,0,
pontiac,g6,2005-2010,6,6,0,0,0,
pontiac,solstice,2006-2010,5,5,0,0,0,
pontiac,gto,2004-2006,3,3,0,0,0,
pontiac,sunfire,1995-1999,10,5,0,0,0,
porsche,928,1990-1995,6,6,0,0,0,
porsche,944,1990-1991,2,2,0,0,0,
porsche,968,1992-1995,4,4,0,0,0,
porsche,taycan,2020-2025,6,6,0,0,0,
porsche,panamera,2010-2026,128,17,0,0,0,
porsche,718-cayman,2018,3,1,0,0,0,
porsche,718-boxster,2018,3,1,0,0,0,
porsche,911,1990-2026,246,37,0,0,0,
porsche,718,2017 2019-2025,8,8,0,0,0,
porsche,cayman,2005-2016,12,12,0,0,0,
ram,1500-classic,2019-2025,13,7,0,0,0,
ram,3500,1994-2026,332,15,0,18,0,
ram,ram-3500,2018,18,1,0,0,0,
ram,ram-1500,2018,12,1,0,0,0,
ram,1500-trx,2021-2025,5,5,0,0,0,
ram,ram-2500,2018,7,1,0,0,0,
ram,1500,2000-2026,210,14,0,13,0,
ram,2500,1994-2026,312,14,0,19,0,
ram,promaster-city,2018,6,1,0,0,0,
ram,promaster-2500,2018,1,1,0,0,0,
ram,promaster-3500,2018,1,1,0,0,0,
ram,promaster,2020-2026,21,7,0,0,0,
rivian,r1s,2022-2026,5,5,0,0,0,
rollsroyce,cullinan,2019-2026,8,8,0,0,0,
rollsroyce,phantom,2017-2026,11,10,0,0,0,
rollsroyce,ghost,2018 2020-2026,11,8,0,0,0,
rollsroyce,dawn,2018,1,1,0,0,0,
rollsroyce,wraith,2018,1,1,0,0,0,
saab,900,1990-1998,9,9,0,0,0,
saab,9000,1990-1998,9,9,0,0,0,
saturn,s-series,1991-2002,12,12,0,0,0,
saturn,ion,2003-2007,5,5,0,0,0,
saturn,sc,1993-1999,7,7,0,0,0,
saturn,sw,1993-1999,7,7,0,0,0,
saturn,vue,2002-2010,9,9,0,0,0,
saturn,sky,2007-2010,4,4,0,0,0,
saturn,l-series,2000-2005,6,6,0,0,0,
saturn,sl,1991-1999,9,9,0,0,0,
scion,fr-s,2013-2016,12,4,0,0,0,
scion,tc,2005-2016,36,12,0,0,0,
scion,xb,2004-2006 2008-2015,33,11,0,0,0,
scion,ia,2016,1,1,0,0,0,
smart,fortwo,2018,2,1,0,0,0,
subaru,outback,1995-2026,236,32,0,0,0,
subaru,forester,1998-2026,203,29,0,0,0,
subaru,impreza,1993-2026,141,34,0,0,0,
subaru,crosstrek,2013-2026,81,14,0,0,0,
subaru,impreza-wrx-sti,2014,3,1,0,0,0,
subaru,legacy,1990-1994 2000-2025,160,31,0,0,0,
subaru,wrx-sti,2014-2021,29,7,1,0,0,
subaru,svx,1992-1997,6,6,0,0,0,
subaru,wrx,2002-2026,203,25,0,0,0,
subaru,ascent,2019-2026,48,8,0,0,0,
subaru,tribeca,2008-2014,7,7,0,0,0,
suzuki,grand-vitara,1999-2013,15,15,0,0,0,
suzuki,kizashi,2010-2013,4,4,0,0,0,
suzuki,sx4,2007-2013,7,7,0,0,0,
suzuki,sidekick,1990-1998,9,9,0,0,0,
suzuki,vitara,1999,1,1,0,0,0,
suzuki,samurai,1990-1995,6,6,0,0,0,
suzuki,swift,1990-1999,10,10,0,0,0,
suzuki,x-90,1996-1997,2,2,0,0,0,
tesla,model-s,2012-2026,39,15,0,0,0,
tesla,model-3,2017-2026,26,10,0,0,0,
tesla,model-y,2020-2026,16,7,0,0,0,
tesla,cybertruck,2024-2026,3,3,0,0,0,
toyota,tacoma,1995-2026,315,32,0,0,0,
toyota,gr86,2022-2026,17,5,0,0,0,
toyota,tundra,2000-2026,174,27,0,0,0,
toyota,highlander,2001-2026,278,26,0,0,0,
toyota,4runner,1990 2000-2026,163,28,0,0,0,
toyota,gr-supra,2020-2026,14,7,0,0,0,
toyota,corolla-im,2018,1,1,0,0,0,
toyota,mr2-spyder,2000-2006,13,7,0,0,0,
toyota,camry,1990-1991 2000-2026,182,29,0,0,0,
toyota,rav4-hybrid,2025,4,1,0,0,0,
toyota,sequoia,2001-2026,124,26,0,0,0,
toyota,prius-plug-in,2012-2017 2019-2026,18,14,0,0,0,
toyota,prius-v,2011-2017 2019-2021,16,10,0,0,0,
toyota,rav4,1996-2026,285,31,0,0,0,
toyota,prius-prime,2017-2024,17,8,0,0,0,
toyota,corolla,1990-2026,172,37,0,0,0,
toyota,yaris-ia,2018,1,1,0,0,0,
toyota,celica,1990-2005,16,16,0,0,0,
toyota,sienna,1998-2026,182,29,0,0,0,
toyota,prius-c,2018,4,1,0,0,0,
toyota,mirai,2016-2026,11,11,0,0,0,
toyota,gr-corolla,2022-2026,9,5,0,0,0,
toyota,grand-highlander,2024-2026,6,3,0,0,0,
toyota,echo,2000-2005,6,6,0,0,0,
toyota,tercel,1990-1999,10,10,0,0,0,
toyota,solara,2000-2008,9,9,0,0,0,
toyota,mr2,2000,1,1,0,0,0,
toyota,mr2-roadster,2000-2007,8,8,0,0,0,
toyota,corolla-cross,2020-2026,7,5,2,0,0,
toyota,t100,1993-1998,6,6,0,0,0,
volkswagen,passat,1990-1997 2000-2022,120,31,0,0,0,
volkswagen,tiguan,2009-2026,114,18,0,0,0,
volkswagen,gti,1990-1998 2000-2026,116,36,0,0,0,
volkswagen,gli,2008-2009,2,2,0,0,0,
volkswagen,atlas,2018-2026,64,9,0,0,0,
volkswagen,golf-sportwagen,2018,4,1,0,0,0,
volkswagen,golf-alltrack,2018,3,1,0,0,0,
volkswagen,id.4,2021-2026,36,6,0,0,0,
volkswagen,jetta,1990-1998 2000-2026,171,36,0,0,0,
volkswagen,tiguan-limited,2018,2,1,0,0,0,
volkswagen,jetta-gli,2012-2017 2019-2026,14,14,0,0,0,
volkswagen,golf,1990-1998 2000-2026,115,36,0,0,0,
volkswagen,atlas-cross-sport,2020-2026,7,7,0,0,0,
volkswagen,cabrio,1995-1999,5,5,0,0,0,
volkswagen,touareg,2004-2017,14,14,0,0,0,
volkswagen,rabbit,2006-2009,4,4,0,0,0,
volkswagen,taos,2022-2026,5,5,0,0,0,
volkswagen,r32,2008,1,1,0,0,0,
volkswagen,e-golf,2018,2,1,0,0,0,
volkswagen,golf-r,2018,1,1,0,0,0,
volvo,s60,2001-2009 2011-2025,120,24,0,0,0,
volvo,v90-cross-country,2018,3,1,0,0,0,
volvo,s60-cross-country,2018,1,1,0,0,0,
volvo,v60-cross-country,2018,2,1,0,0,0,
volvo,xc90,2003-2014 2016-2026,115,23,0,0,0,
volvo,s80,1999-2016,18,18,0,0,0,
volvo,960,1992-1997,6,6,0,0,0,
volvo,ex40,2024-2026,3,3,0,0,0,
volvo,850,1993-1997,5,5,0,0,0,
volvo,940,1991-1995,5,5,0,0,0,
volvo,s70,1998-2000,3,3,0,0,0,
volvo,xc40,2019-2026,8,8,0,0,0,
volvo,v70,1998-1999,2,2,0,0,0,
volvo,xc60,2010-2026,85,17,0,0,0,
volvo,v60,2015-2026,14,12,0,0,0,
volvo,ec40,2024-2026,3,3,0,0,0,
