severity,year,make_slug,model,n_rows,reason,gov_years_for_model,trims
error,2014,alfa romeo,4c,3,make alfaromeo not sold in US in 2014,2015-2020,"Base | Standard | Spider | Base, Spider"
error,2026,mitsubishi,destinator,1,model never appears in NHTSA or EPA for this make (any year 1990–2026),,Base | Premium
error,2025,mitsubishi,destinator,1,model never appears in NHTSA or EPA for this make (any year 1990–2026),,Base | Premium
error,2008,ford,sportka,1,model never appears in NHTSA or EPA for this make (any year 1990–2026),,Base | LS
error,2006,ford,sportka,1,model never appears in NHTSA or EPA for this make (any year 1990–2026),,Base | LS
error,2005,ford,sportka,1,model never appears in NHTSA or EPA for this make (any year 1990–2026),,Base | LS
error,2004,ford,streetka,1,model never appears in NHTSA or EPA for this make (any year 1990–2026),,Base | LS
error,2019,toyota,vios-fs,1,model never appears in NHTSA or EPA for this make (any year 1990–2026),,Base | Standard
error,2022,toyota,vios-fs,1,model never appears in NHTSA or EPA for this make (any year 1990–2026),,Base | Standard
error,2020,toyota,vios-fs,1,model never appears in NHTSA or EPA for this make (any year 1990–2026),,Base | Standard
error,2015,toyota,e-z,1,model never appears in NHTSA or EPA for this make (any year 1990–2026),,Base | LS
error,2001,toyota,soluna,1,model never appears in NHTSA or EPA for this make (any year 1990–2026),,Base | Standard
error,2021,toyota,vios-fs,1,model never appears in NHTSA or EPA for this make (any year 1990–2026),,Base | Standard
error,2005,mitsubishi,maven,1,model never appears in NHTSA or EPA for this make (any year 1990–2026),,Base | Standard
error,2017,toyota,vios-fs,1,model never appears in NHTSA or EPA for this make (any year 1990–2026),,Base | Standard
error,2001,mitsubishi,chariot-grandis,1,model never appears in NHTSA or EPA for this make (any year 1990–2026),,Base | Standard
error,2003,ford,streetka,1,model never appears in NHTSA or EPA for this make (any year 1990–2026),,Base | LS
error,2006,mitsubishi,maven,1,model never appears in NHTSA or EPA for this make (any year 1990–2026),,Base | Standard
error,2021,mercedes,eqa,1,model never appears in NHTSA or EPA for this make (any year 1990–2026),,Base | Premium
error,2024,mercedes,eqa,1,model never appears in NHTSA or EPA for this make (any year 1990–2026),,Base | Premium
error,2026,mercedes,eqa,1,model never appears in NHTSA or EPA for this make (any year 1990–2026),,Base | Premium
error,2007,ford,sportka,1,model never appears in NHTSA or EPA for this make (any year 1990–2026),,Base | LS
error,2004,ford,sportka,1,model never appears in NHTSA or EPA for this make (any year 1990–2026),,Base | LS
error,2003,ford,sportka,1,model never appears in NHTSA or EPA for this make (any year 1990–2026),,Base | LS
error,2006,ford,streetka,1,model never appears in NHTSA or EPA for this make (any year 1990–2026),,Base | LS
error,2005,ford,streetka,1,model never appears in NHTSA or EPA for this make (any year 1990–2026),,Base | LS
error,2013,toyota,e-z,1,model never appears in NHTSA or EPA for this make (any year 1990–2026),,Base | LS
error,2002,toyota,grand-hiace,1,model never appears in NHTSA or EPA for this make (any year 1990–2026),,Base | Standard
error,2014,toyota,e-z,1,model never appears in NHTSA or EPA for this make (any year 1990–2026),,Base | LS
error,2002,toyota,soluna,1,model never appears in NHTSA or EPA for this make (any year 1990–2026),,Base | Standard
error,2000,toyota,soluna,1,model never appears in NHTSA or EPA for this make (any year 1990–2026),,Base | Standard
error,2016,toyota,e-z,1,model never appears in NHTSA or EPA for this make (any year 1990–2026),,Base | LS
error,2003,mitsubishi,chariot-grandis,1,model never appears in NHTSA or EPA for this make (any year 1990–2026),,Base | Standard
error,2001,mitsubishi,l400,1,model never appears in NHTSA or EPA for this make (any year 1990–2026),,Base | Standard
error,2002,mitsubishi,chariot-grandis,1,model never appears in NHTSA or EPA for this make (any year 1990–2026),,Base | Standard
error,2008,mitsubishi,maven,1,model never appears in NHTSA or EPA for this make (any year 1990–2026),,Base | Standard
error,2022,mercedes,eqa,1,model never appears in NHTSA or EPA for this make (any year 1990–2026),,Base | Premium
error,2023,mercedes,eqa,1,model never appears in NHTSA or EPA for this make (any year 1990–2026),,Base | Premium
error,2025,mercedes,eqa,1,model never appears in NHTSA or EPA for this make (any year 1990–2026),,Base | Premium
error,2003,toyota,soluna,1,model never appears in NHTSA or EPA for this make (any year 1990–2026),,Base | Standard
error,2011,toyota,e-z,1,model never appears in NHTSA or EPA for this make (any year 1990–2026),,Base | LS
error,2012,toyota,e-z,1,model never appears in NHTSA or EPA for this make (any year 1990–2026),,Base | LS
error,2014,toyota,etios-valco,1,model never appears in NHTSA or EPA for this make (any year 1990–2026),,Base | Standard
error,2013,toyota,etios-valco,1,model never appears in NHTSA or EPA for this make (any year 1990–2026),,Base | Standard
error,2012,toyota,etios-valco,1,model never appears in NHTSA or EPA for this make (any year 1990–2026),,Base | Standard
error,2007,mitsubishi,maven,1,model never appears in NHTSA or EPA for this make (any year 1990–2026),,Base | Standard
error,2000,mitsubishi,l400,1,model never appears in NHTSA or EPA for this make (any year 1990–2026),,Base | Standard
error,2017,toyota,etios-valco,1,model never appears in NHTSA or EPA for this make (any year 1990–2026),,Base | Standard
error,2016,toyota,etios-valco,1,model never appears in NHTSA or EPA for this make (any year 1990–2026),,Base | Standard
error,2015,toyota,etios-valco,1,model never appears in NHTSA or EPA for this make (any year 1990–2026),,Base | Standard
error,2001,toyota,grand-hiace,1,model never appears in NHTSA or EPA for this make (any year 1990–2026),,Base | Standard
error,2000,toyota,grand-hiace,1,model never appears in NHTSA or EPA for this make (any year 1990–2026),,Base | Standard
error,2000,toyota,vienta,1,model never appears in NHTSA or EPA for this make (any year 1990–2026),,Base | Standard
error,2009,mitsubishi,maven,1,model never appears in NHTSA or EPA for this make (any year 1990–2026),,Base | Standard
error,2017,toyota,e-z,1,model never appears in NHTSA or EPA for this make (any year 1990–2026),,Base | LS
error,2011,toyota,etios-valco,1,model never appears in NHTSA or EPA for this make (any year 1990–2026),,Base | Standard
error,2000,mitsubishi,chariot-grandis,1,model never appears in NHTSA or EPA for this make (any year 1990–2026),,Base | Standard
info,2026,nissan,titan,12,no 2026 listing yet (gov sources lag for MY2025+); model exists 2002-2024,2002-2024,SV | Pro-4X | SL | XD | S | Platinum Reserve
info,2025,nissan,titan,12,no 2025 listing yet (gov sources lag for MY2025+); model exists 2002-2024,2002-2024,S | Pro-4X | SV | SL | Platinum Reserve | PRO-4X
info,2026,acura,tlx,6,no 2026 listing yet (gov sources lag for MY2025+); model exists 2015-2025,2015-2025,"A-Spec | Advance | Type S | Base, Technology, A-Spec, Advance, Type S | Standard | Technology"
info,2026,infiniti,qx50,6,no 2026 listing yet (gov sources lag for MY2025+); model exists 2008-2017 2019-2025,2008-2017 2019-2025,"Pure | Essential | Sensory | Autograph | Luxe | Pure, Luxe, Essential, Sensory, Autograph"
info,2026,kia,soul,6,no 2026 listing yet (gov sources lag for MY2025+); model exists 2010-2025,2010-2025,S | LS | Turbo | EX | GT-Line | LX
info,2026,mini,clubman,6,no 2026 listing yet (gov sources lag for MY2025+); model exists 2008-2014 2016-2024,2008-2014 2016-2024,"Classic, Signature, Iconic, S, John Cooper Works | Base | LS | S | John Cooper Works | Signature"
info,2026,nissan,gt-r,6,no 2026 listing yet (gov sources lag for MY2025+); model exists 2009-2024,2009-2024,Base | Luxury | NISMO | Premium | Black Edition | Track Edition
info,2025,nissan,gt-r,6,no 2025 listing yet (gov sources lag for MY2025+); model exists 2009-2024,2009-2024,Track Edition | Luxury | Premium | NISMO | Black Edition | T-Spec
info,2025,nissan,maxima,6,no 2025 listing yet (gov sources lag for MY2025+); model exists 1990-2014 2016-2023,1990-2014 2016-2023,"S, SV, SL, SR, Platinum | Base | S | SV | SL | SR"
info,2025,mini,clubman,6,no 2025 listing yet (gov sources lag for MY2025+); model exists 2008-2014 2016-2024,2008-2014 2016-2024,"Signature | LS | Classic, Signature, Iconic, S, John Cooper Works | Base | Classic | Iconic"
info,2026,nissan,maxima,6,no 2026 listing yet (gov sources lag for MY2025+); model exists 1990-2014 2016-2023,1990-2014 2016-2023,"S | SV | SL | SR | Platinum | S, SV, SL, SR, Platinum"
info,2025,infiniti,q50,5,no 2025 listing yet (gov sources lag for MY2025+); model exists 2014-2024,2014-2024,"Red Sport 400 | Pure | Sensory | Luxe | Pure, Luxe, Sensory, Red Sport 400"
info,2025,kia,forte,5,no 2025 listing yet (gov sources lag for MY2025+); model exists 2010-2024,2010-2024,"FE, LXS, GT-Line, GT | Base | FE | GT | GT-Line | LXS"
info,2026,porsche,boxster,5,no 2026 listing yet (gov sources lag for MY2025+); model exists 1997-2025,1997-2025,"S | Standard | Spyder | Base | GTS | Base, S, GTS, Spyder"
info,2026,chevrolet,malibu,5,no 2026 listing yet (gov sources lag for MY2025+); model exists 1997-2025,1997-2025,"RS | Standard | Premier | LS | LS, RS, LT, Premier | Base"
info,2026,infiniti,q50,5,no 2026 listing yet (gov sources lag for MY2025+); model exists 2014-2024,2014-2024,"Pure | Sensory | Red Sport 400 | Luxe | Pure, Luxe, Sensory, Red Sport 400"
info,2025,jeep,renegade,5,no 2025 listing yet (gov sources lag for MY2025+); model exists 2015-2023,2015-2023,"Trailhawk | Latitude | Sport | Limited | Sport, Latitude, Trailhawk, Limited | Base"
info,2026,kia,forte,5,no 2026 listing yet (gov sources lag for MY2025+); model exists 2010-2024,2010-2024,"GT | LXS | GT-Line | FE | FE, LXS, GT-Line, GT | Base"
info,2025,chrysler,300,5,no 2025 listing yet (gov sources lag for MY2025+); model exists 1999-2023,1999-2023,Base | Touring | 300C | 300S | Touring L | Limited
info,2026,chrysler,300,5,no 2026 listing yet (gov sources lag for MY2025+); model exists 1999-2023,1999-2023,Base | Touring | Touring L | Limited | 300C | 300S
info,2025,jaguar,xf,5,no 2025 listing yet (gov sources lag for MY2025+); model exists 2009-2024,2009-2024,"R-Dynamic | Standard | Premium, Prestige, R-Dynamic, S | S | Premium | Prestige"
info,2026,jeep,renegade,5,no 2026 listing yet (gov sources lag for MY2025+); model exists 2015-2023,2015-2023,"Sport, Latitude, Trailhawk, Limited | Base | Sport | Latitude | Trailhawk | Limited"
info,2025,mazda,cx-9,5,no 2025 listing yet (gov sources lag for MY2025+); model exists 2007-2023,2007-2023,Signature | Sport | Grand Touring | Carbon Edition | Touring
info,2026,mazda,cx-9,5,no 2026 listing yet (gov sources lag for MY2025+); model exists 2007-2023,2007-2023,Touring | Sport | Carbon Edition | Signature | Grand Touring
info,2025,jaguar,xe,5,no 2025 listing yet (gov sources lag for MY2025+); model exists 2017-2021,2017-2021,"Prestige | SE | S | R-Dynamic | Premium, Prestige, R-Dynamic, S | Premium"
info,2026,audi,s4,4,no 2026 listing yet (gov sources lag for MY2025+); model exists 1992-1994 2000-2002 2004-2016 2018-2025,1992-1994 2000-2002 2004-2016 2018-2025,S4 | Premium | S4 Premium Plus | Sport | S4 Prestige | Base
info,2026,audi,a4,4,no 2026 listing yet (gov sources lag for MY2025+); model exists 1996-2025,1996-2025,45 TFSI | Premium Plus | Base | Premium | 40 TFSI | 45 TFSI quattro
info,2026,nissan,versa,4,no 2026 listing yet (gov sources lag for MY2025+); model exists 2007-2025,2007-2025,"S, SV, SR | Standard | S | SV | SR"
info,2026,mercedes,eqb,2,no 2026 listing yet (gov sources lag for MY2025+); model exists 2022-2025,2022-2025,Base | Premium
info,2026,audi,s6-e-tron,2,no 2026 listing yet (gov sources lag for MY2025+); model exists 1995-1997 2002-2003 2007-2011 2013-2018 2020-2025,1995-1997 2002-2003 2007-2011 2013-2018 2020-2025,Base | Standard | Sport
info,2025,mclaren,gt,1,no 2025 listing yet (gov sources lag for MY2025+); model exists 2017-2023,2017-2023,GT | Luxury
info,2026,bmw,x4-m,1,no 2026 listing yet (gov sources lag for MY2025+); model exists 2015-2025,2015-2025,Base | Performance
info,2025,volkswagen,arteon-sr,1,no 2025 listing yet (gov sources lag for MY2025+); model exists 2019-2024,2019-2024,Base | SE
info,2025,cadillac,ct6,1,no 2025 listing yet (gov sources lag for MY2025+); model exists 2016-2020,2016-2020,Base | Premium
info,2025,buick,lacrosse,1,no 2025 listing yet (gov sources lag for MY2025+); model exists 2005-2019,2005-2019,Base | Essence
info,2026,buick,lacrosse,1,no 2026 listing yet (gov sources lag for MY2025+); model exists 2005-2019,2005-2019,Base | Essence
info,2025,cadillac,vistiq,1,no 2025 listing yet (gov sources lag for MY2025+); model exists 2026,2026,Base | Performance
info,2025,mitsubishi,mirage,1,no 2025 listing yet (gov sources lag for MY2025+); model exists 1990-2002 2014-2024,1990-2002 2014-2024,ES/SE/GT | Standard
info,2026,dodge,hornet,1,no 2026 listing yet (gov sources lag for MY2025+); model exists 2023-2025,2023-2025,Base | Standard
info,2025,volkswagen,arteon,1,no 2025 listing yet (gov sources lag for MY2025+); model exists 2019-2024,2019-2024,Base | SE
info,2025,mazda,mx-30,1,no 2025 listing yet (gov sources lag for MY2025+); model exists 2022-2023,2022-2023,Base | Premium
info,2026,mitsubishi,mirage,1,no 2026 listing yet (gov sources lag for MY2025+); model exists 1990-2002 2014-2024,1990-2002 2014-2024,ES/SE/GT | Standard
info,2025,mercedes,a-class-amg,1,no 2025 listing yet (gov sources lag for MY2025+); model exists 2019-2022,2019-2022,Base | Premium
info,2026,mercedes,a-class-amg,1,no 2026 listing yet (gov sources lag for MY2025+); model exists 2019-2022,2019-2022,Base | Premium
info,2026,buick,electra-e5,1,no 2026 listing yet (gov sources lag for MY2025+); model exists 1990,1990,Base | Sport
info,2025,buick,electra-e5,1,no 2025 listing yet (gov sources lag for MY2025+); model exists 1990,1990,Base | Sport
info,2026,audi,a7,1,no 2026 listing yet (gov sources lag for MY2025+); model exists 2012-2025,2012-2025,Base | Premium
info,2026,buick,regal,1,no 2026 listing yet (gov sources lag for MY2025+); model exists 1990-2004 2011-2020,1990-2004 2011-2020,Base | Preferred
info,2026,mclaren,gt,1,no 2026 listing yet (gov sources lag for MY2025+); model exists 2017-2023,2017-2023,GT | Luxury
info,2026,ferrari,sf90,1,no 2026 listing yet (gov sources lag for MY2025+); model exists 2021-2025,2021-2025,SF90 Stradale/Spider | Luxury
info,2025,ford,taurus,1,no 2025 listing yet (gov sources lag for MY2025+); model exists 1990-2019,1990-2019,Base | Standard
info,2025,jaguar,i-pace,1,no 2025 listing yet (gov sources lag for MY2025+); model exists 2019-2024,2019-2024,Base | S
info,2025,jaguar,e-pace,1,no 2025 listing yet (gov sources lag for MY2025+); model exists 2018-2024,2018-2024,Base | SE
info,2025,honda,prelude,1,no 2025 listing yet (gov sources lag for MY2025+); model exists 1990-2001 2026,1990-2001 2026,Base | Standard
info,2025,toyota,c-hr,1,no 2025 listing yet (gov sources lag for MY2025+); model exists 2018-2022 2026,2018-2022 2026,Base | Standard
info,2025,fiat,500x,1,no 2025 listing yet (gov sources lag for MY2025+); model exists 2016-2023,2016-2023,Base | LS
info,2025,jaguar,f-type,1,no 2025 listing yet (gov sources lag for MY2025+); model exists 2014-2024,2014-2024,Base | S
info,2025,toyota,avalon,1,no 2025 listing yet (gov sources lag for MY2025+); model exists 1995-2022,1995-2022,Base | Standard
info,2025,toyota,venza,1,no 2025 listing yet (gov sources lag for MY2025+); model exists 2009-2017 2021-2024,2009-2017 2021-2024,Base | Standard
info,2026,bmw,x4,1,no 2026 listing yet (gov sources lag for MY2025+); model exists 2015-2025,2015-2025,Base | Sport
info,2025,ford,focus,1,no 2025 listing yet (gov sources lag for MY2025+); model exists 2000-2018,2000-2018,Base | SE
info,2025,buick,regal,1,no 2025 listing yet (gov sources lag for MY2025+); model exists 1990-2004 2011-2020,1990-2004 2011-2020,Base | Preferred
warn,2024,dodge,challenger,9,"model exists other years (2008-2023) — adjacent model year, likely boundary",2008-2023,R/T Scat Pack | R/T | SRT Hellcat | SRT Demon 170 | SXT | SRT Hellcat Widebody
warn,2010,kia,sorento,7,"model exists other years (2001-2009 2011-2026) — adjacent model year, likely boundary",2001-2009 2011-2026,"X-Line | LX | LX, S, EX, SX, SX Prestige, X-Line | Base | S | EX"
warn,2015,mercedes,amg-gt,7,"model exists other years (2016-2026) — adjacent model year, likely boundary",2016-2026,AMG GT S | Sport | AMG GT C | Base | AMG GT R | AMG GT R Pro
warn,2014,chevrolet,colorado,6,"model exists other years (2004-2012 2015-2026) — adjacent model year, likely boundary",2004-2012 2015-2026,"WT, LT, Z71, ZR2, Trail Boss | 2.4i | WT | Trail Boss | LT | Z71"
warn,2012,ford,ranger,6,"model exists other years (1990-2011 2019-2026) — adjacent model year, likely boundary",1990-2011 2019-2026,"Raptor | Standard | Tremor | XL, XLT, Lariat, Tremor, Raptor | 2.3i | XLT"
warn,2013,chevrolet,colorado,6,"model exists other years (2004-2012 2015-2026) — adjacent model year, likely boundary",2004-2012 2015-2026,"WT, LT, Z71, ZR2, Trail Boss | 2.4i | WT | Trail Boss | LT | Z71"
warn,2024,nissan,maxima,6,"model exists other years (1990-2014 2016-2023) — adjacent model year, likely boundary",1990-2014 2016-2023,"S | SV | SL | SR | Platinum | S, SV, SL, SR, Platinum"
warn,2014,acura,tlx,6,"model exists other years (2015-2025) — adjacent model year, likely boundary",2015-2025,"Base | Standard | Base, Technology, A-Spec, Advance, Type S | 2.4i | Technology | A-Spec"
warn,2006,lincoln,mkz,5,"model exists other years (2007-2020) — adjacent model year, likely boundary",2007-2020,"Select | Black Label | Premiere | Premiere, Select, Reserve, Black Label | Reserve"
warn,2024,mazda,cx-9,5,"model exists other years (2007-2023) — adjacent model year, likely boundary",2007-2023,Carbon Edition | Sport | Touring | Grand Touring | Signature
warn,2024,jeep,renegade,5,"model exists other years (2015-2023) — adjacent model year, likely boundary",2015-2023,"Trailhawk | Latitude | Sport | Limited | Sport, Latitude, Trailhawk, Limited | Base"
warn,2023,jaguar,xe,5,model exists other years (2017-2021),2017-2021,"Prestige | SE | S | Premium | R-Dynamic | Premium, Prestige, R-Dynamic, S"
warn,2016,audi,q7,5,"model exists other years (2007-2015 2017-2026) — adjacent model year, likely boundary",2007-2015 2017-2026,"Premium, Premium Plus, Prestige, SQ7 | Base | Premium | Premium Plus | Prestige | SQ7"
warn,2024,chrysler,300,5,"model exists other years (1999-2023) — adjacent model year, likely boundary",1999-2023,Base | Touring | 300C | 300S | Touring L | Limited
warn,2022,jaguar,xe,5,"model exists other years (2017-2021) — adjacent model year, likely boundary",2017-2021,"Premium, Prestige, R-Dynamic, S | SE | Premium | Prestige | S | R-Dynamic"
warn,2000,lexus,is,5,"model exists other years (2001-2026) — adjacent model year, likely boundary",2001-2026,"IS 300, IS 350, IS 500, F Sport | LS | IS 300 | IS 350 | IS 500"
warn,1999,lexus,is,5,model exists other years (2001-2026),2001-2026,"IS 300 | IS 350 | IS 500 | IS 300, IS 350, IS 500, F Sport"
warn,2016,jaguar,xe,5,"model exists other years (2017-2021) — adjacent model year, likely boundary",2017-2021,"S | SE | Premium | Premium, Prestige, R-Dynamic, S | Prestige | R-Dynamic"
warn,2024,jaguar,xe,5,model exists other years (2017-2021),2017-2021,"Prestige | SE | R-Dynamic | Premium | S | Premium, Prestige, R-Dynamic, S"
warn,2015,jaguar,xe,5,model exists other years (2017-2021),2017-2021,"Premium | SE | Prestige | R-Dynamic | S | Premium, Prestige, R-Dynamic, S"
warn,2000,toyota,prius,5,"model exists other years (2001-2026) — adjacent model year, likely boundary",2001-2026,"L Eco, LE, XLE, Limited | Base | Standard | LE | L Eco | XLE"
warn,2015,mercedes-benz,gle,5,"model exists other years (2016-2026) — adjacent model year, likely boundary",2016-2026,"GLE 450 | GLE 350 | GLE 53 AMG | GLE 350, GLE 450, GLE 53 AMG, GLE 63 AMG | GLE 63 AMG"
warn,2012,jaguar,f-type,4,model exists other years (2014-2024),2014-2024,"V8 S | P300 | Base | S | Base, S, V8 S | 3.0"
warn,2024,bmw,m5,4,"model exists other years (1991-1993 2000-2003 2006-2010 2013-2023 2025-2026) — adjacent model year, likely boundary",1991-1993 2000-2003 2006-2010 2013-2023 2025-2026,Base | Sport | M5 | M5 CS | Luxury | M5 Competition
warn,2015,mini,clubman,4,"model exists other years (2008-2014 2016-2024) — adjacent model year, likely boundary",2008-2014 2016-2024,"JCW | Standard | Cooper S | Cooper, Cooper S, JCW | Cooper"
warn,2012,subaru,brz,4,"model exists other years (2013-2026) — adjacent model year, likely boundary",2013-2026,Limited | 2.0i | Premium | tS
warn,2019,bmw,m3,4,"model exists other years (1990-1991 1995-1999 2001-2006 2008-2013 2015-2018 2020-2026) — adjacent model year, likely boundary",1990-1991 1995-1999 2001-2006 2008-2013 2015-2018 2020-2026,Base | Competition | M3 CS | M3 Competition | M3
warn,2013,jaguar,f-type,4,"model exists other years (2014-2024) — adjacent model year, likely boundary",2014-2024,"V8 S | P300 | Base, S, V8 S | Base | S"
warn,2014,bmw,m4,4,"model exists other years (2015-2026) — adjacent model year, likely boundary",2015-2026,CS | Competition | GTS | Base
warn,2012,bmw,m5,3,"model exists other years (1991-1993 2000-2003 2006-2010 2013-2023 2025-2026) — adjacent model year, likely boundary",1991-1993 2000-2003 2006-2010 2013-2023 2025-2026,M5 Competition | Luxury | M5 | Sport | Base
warn,2017,audi,s4,3,"model exists other years (1992-1994 2000-2002 2004-2016 2018-2025) — adjacent model year, likely boundary",1992-1994 2000-2002 2004-2016 2018-2025,"Premium Plus | Premium | Premium Plus, Prestige | Prestige"
warn,2014,bmw,m3,3,"model exists other years (1990-1991 1995-1999 2001-2006 2008-2013 2015-2018 2020-2026) — adjacent model year, likely boundary",1990-1991 1995-1999 2001-2006 2008-2013 2015-2018 2020-2026,"Competition | Base | Base, Competition"
warn,2005,audi,a3,3,"model exists other years (2006-2013 2015-2020 2022-2026) — adjacent model year, likely boundary",2006-2013 2015-2020 2022-2026,"2.0T, 3.2 Quattro | Premium | 3.2 Quattro | 2.0T"
warn,2004,audi,a3,3,model exists other years (2006-2013 2015-2020 2022-2026),2006-2013 2015-2020 2022-2026,"2.0T | Premium | 2.0T, 3.2 Quattro | 3.2 Quattro"
warn,2003,audi,s4,3,"model exists other years (1992-1994 2000-2002 2004-2016 2018-2025) — adjacent model year, likely boundary",1992-1994 2000-2002 2004-2016 2018-2025,"Avant, Sedan | Premium | Avant | Sedan"
warn,2007,bmw,m3,3,"model exists other years (1990-1991 1995-1999 2001-2006 2008-2013 2015-2018 2020-2026) — adjacent model year, likely boundary",1990-1991 1995-1999 2001-2006 2008-2013 2015-2018 2020-2026,"Base, Competition | Competition | Base"
warn,2003,bmw,6-series,2,"model exists other years (2004-2010 2012-2019) — adjacent model year, likely boundary",2004-2010 2012-2019,Base | Premium | Standard
warn,1996,bmw,5-series,2,"model exists other years (1990-1995 1997-2026) — adjacent model year, likely boundary",1990-1995 1997-2026,Base
warn,2010,mercedes,sl-class-amg,2,"model exists other years (1990-2009 2011-2026) — adjacent model year, likely boundary",1990-2009 2011-2026,Base | Premium | AMG CLA 35
warn,2011,bmw,6-series,2,"model exists other years (2004-2010 2012-2019) — adjacent model year, likely boundary",2004-2010 2012-2019,Base | Premium
warn,2017,land rover,range-rover-velar,2,"model exists other years (2018-2026) — adjacent model year, likely boundary",2018-2026,Base | Luxury | Sport
warn,2015,tesla,model-x,2,"model exists other years (2016-2026) — adjacent model year, likely boundary",2016-2026,1st Gen | Long Range | Base
warn,2024,lucid,gravity,2,"model exists other years (2025-2026) — adjacent model year, likely boundary",2025-2026,Grand Touring | Standard | Touring
warn,2010,mercedes-benz,sl-class,2,"model exists other years (1990-2009 2011-2026) — adjacent model year, likely boundary",1990-2009 2011-2026,Base | AMG CLA 35 | Premium
warn,2016,mercedes-benz,slc-class,2,"model exists other years (2017-2020) — adjacent model year, likely boundary",2017-2020,Base | C 300 | Standard
warn,2005,bmw,m5,2,"model exists other years (1991-1993 2000-2003 2006-2010 2013-2023 2025-2026) — adjacent model year, likely boundary",1991-1993 2000-2003 2006-2010 2013-2023 2025-2026,M5 | Sport | Base
warn,2008,audi,q5,1,"model exists other years (2009-2026) — adjacent model year, likely boundary",2009-2026,Base | Premium
warn,2023,toyota,land-cruiser,1,"model exists other years (1990-2021 2024-2026) — adjacent model year, likely boundary",1990-2021 2024-2026,2.4 T | Standard
warn,2022,toyota,bz4x,1,"model exists other years (2023-2026) — adjacent model year, likely boundary",2023-2026,Base | Premium
warn,2021,mazda,mx-30,1,"model exists other years (2022-2023) — adjacent model year, likely boundary",2022-2023,Base | Premium
warn,1999,bmw,m5,1,"model exists other years (1991-1993 2000-2003 2006-2010 2013-2023 2025-2026) — adjacent model year, likely boundary",1991-1993 2000-2003 2006-2010 2013-2023 2025-2026,Base
warn,2011,buick,verano,1,"model exists other years (2012-2017) — adjacent model year, likely boundary",2012-2017,Base | LS
warn,2012,mitsubishi,mirage,1,model exists other years (1990-2002 2014-2024),1990-2002 2014-2024,Base | Standard
warn,2003,toyota,yaris,1,model exists other years (2007-2020),2007-2020,Base/LE/XLE | Standard
warn,2024,buick,electra-e5,1,model exists other years (1990),1990,Base | Sport
warn,2023,buick,electra-e5,1,model exists other years (1990),1990,Base | Sport
warn,2020,buick,lacrosse,1,"model exists other years (2005-2019) — adjacent model year, likely boundary",2005-2019,Base | Essence
warn,2022,buick,lacrosse,1,model exists other years (2005-2019),2005-2019,Base | Essence
warn,2019,mazda,cx-30,1,"model exists other years (2020-2026) — adjacent model year, likely boundary",2020-2026,Base | 2.5 S
warn,2013,bmw,4-series,1,"model exists other years (2014-2026) — adjacent model year, likely boundary",2014-2026,Base | Standard
warn,2014,mercedes,gla-class,1,"model exists other years (2015-2026) — adjacent model year, likely boundary",2015-2026,Base | Standard
warn,1998,mazda,miata,1,"model exists other years (1990-1997 1999-2026) — adjacent model year, likely boundary",1990-1997 1999-2026,Base
warn,2016,jaguar,f-pace,1,"model exists other years (2017-2026) — adjacent model year, likely boundary",2017-2026,Base | Premium
warn,2020,ford,taurus,1,"model exists other years (1990-2019) — adjacent model year, likely boundary",1990-2019,Base | Standard
warn,2019,ferrari,f8,1,"model exists other years (2020-2023) — adjacent model year, likely boundary",2020-2023,F8 Tributo/Spider | Luxury
warn,2006,toyota,yaris,1,"model exists other years (2007-2020) — adjacent model year, likely boundary",2007-2020,Base/LE/XLE | Standard
warn,1995,mercedes-benz,g-class,1,model exists other years (1999 2002-2026),1999 2002-2026,Base
warn,2013,toyota,86,1,model exists other years (2017-2020 2022-2026),2017-2020 2022-2026,Base | GT
warn,2015,toyota,86,1,model exists other years (2017-2020 2022-2026),2017-2020 2022-2026,Base | GT
warn,2021,mercedes,eqs,1,"model exists other years (2022-2026) — adjacent model year, likely boundary",2022-2026,Base | Performance
warn,2000,mitsubishi,3000-gt,1,"model exists other years (1991-1999) — adjacent model year, likely boundary",1991-1999,Base | LS
warn,2019,toyota,fj-cruiser,1,model exists other years (2007-2014),2007-2014,Base | Standard
warn,2005,toyota,yaris,1,model exists other years (2007-2020),2007-2020,Base/LE/XLE | Standard
warn,2000,toyota,yaris,1,model exists other years (2007-2020),2007-2020,Base/LE/XLE | Standard
warn,2023,toyota,fj-cruiser,1,model exists other years (2007-2014),2007-2014,Base | Standard
warn,2020,chevrolet,trailblazer,1,"model exists other years (2002-2009 2021-2026) — adjacent model year, likely boundary",2002-2009 2021-2026,1.2T | Standard
warn,2012,volvo,v50,1,"model exists other years (2005-2011) — adjacent model year, likely boundary",2005-2011,Base | LS
warn,2021,ford,fiesta,1,model exists other years (2011-2019),2011-2019,Base | Standard
warn,2004,land rover,defender,1,model exists other years (1993-1995 1997 2020-2026),1993-1995 1997 2020-2026,Base | 90
warn,2007,land rover,defender,1,model exists other years (1993-1995 1997 2020-2026),1993-1995 1997 2020-2026,Base | 90
warn,2009,land rover,defender,1,model exists other years (1993-1995 1997 2020-2026),1993-1995 1997 2020-2026,Base | 90
warn,2022,mercedes,eqe,1,"model exists other years (2023-2026) — adjacent model year, likely boundary",2023-2026,Base | Sport
warn,2001,mitsubishi,3000-gt,1,model exists other years (1991-1999),1991-1999,Base | LS
warn,2017,audi,rs5,1,"model exists other years (2013-2015 2018-2019 2021-2025) — adjacent model year, likely boundary",2013-2015 2018-2019 2021-2025,Base | Sport
warn,2016,audi,rs5,1,"model exists other years (2013-2015 2018-2019 2021-2025) — adjacent model year, likely boundary",2013-2015 2018-2019 2021-2025,Base | Sport
warn,2012,audi,rs5,1,"model exists other years (2013-2015 2018-2019 2021-2025) — adjacent model year, likely boundary",2013-2015 2018-2019 2021-2025,Base | Sport
warn,2011,audi,rs5,1,model exists other years (2013-2015 2018-2019 2021-2025),2013-2015 2018-2019 2021-2025,Base | Sport
warn,2010,audi,rs5,1,model exists other years (2013-2015 2018-2019 2021-2025),2013-2015 2018-2019 2021-2025,Base | Sport
warn,2008,land rover,defender,1,model exists other years (1993-1995 1997 2020-2026),1993-1995 1997 2020-2026,Base | 90
warn,2010,land rover,defender,1,model exists other years (1993-1995 1997 2020-2026),1993-1995 1997 2020-2026,Base | 90
warn,2005,land rover,range-rover-sport,1,"model exists other years (2006-2026) — adjacent model year, likely boundary",2006-2026,Base | Sport
warn,2013,land rover,defender,1,model exists other years (1993-1995 1997 2020-2026),1993-1995 1997 2020-2026,Base | 90
warn,2020,lotus,elise,1,model exists other years (2005-2012),2005-2012,Series 3 | LS
warn,2000,ford,fiesta,1,model exists other years (2011-2019),2011-2019,Base | Standard
warn,2009,ford,fiesta,1,model exists other years (2011-2019),2011-2019,Base | Standard
warn,2013,lotus,elise,1,"model exists other years (2005-2012) — adjacent model year, likely boundary",2005-2012,Series 3 | LS
warn,2024,kia,stinger,1,"model exists other years (2018-2023) — adjacent model year, likely boundary",2018-2023,Base | Standard
warn,2019,audi,s6,1,"model exists other years (1995-1997 2002-2003 2007-2011 2013-2018 2020-2025) — adjacent model year, likely boundary",1995-1997 2002-2003 2007-2011 2013-2018 2020-2025,Base | Performance
warn,2020,audi,rs6,1,"model exists other years (2003-2004 2021-2026) — adjacent model year, likely boundary",2003-2004 2021-2026,Base | Flagship
warn,2013,bmw,4-series-gran-coupe,1,"model exists other years (2014-2026) — adjacent model year, likely boundary",2014-2026,Base | Standard
warn,2011,bmw,m5,1,"model exists other years (1991-1993 2000-2003 2006-2010 2013-2023 2025-2026) — adjacent model year, likely boundary",1991-1993 2000-2003 2006-2010 2013-2023 2025-2026,Base | Luxury
warn,2014,audi,a3,1,"model exists other years (2006-2013 2015-2020 2022-2026) — adjacent model year, likely boundary",2006-2013 2015-2020 2022-2026,Base | LS
warn,2004,ford,fusion,1,model exists other years (2006-2020),2006-2020,Base | SE
warn,2005,ford,fusion,1,"model exists other years (2006-2020) — adjacent model year, likely boundary",2006-2020,Base | SE
warn,2012,buick,encore,1,"model exists other years (2013-2026) — adjacent model year, likely boundary",2013-2026,Base | Preferred
warn,2013,jeep,cherokee,1,"model exists other years (1990-2011 2014-2023 2026) — adjacent model year, likely boundary",1990-2011 2014-2023 2026,Classic/Limited | 3.7i | Laredo
warn,2011,mitsubishi,i,1,"model exists other years (2012-2018) — adjacent model year, likely boundary",2012-2018,Base | Standard
warn,2008,mitsubishi,i,1,model exists other years (2012-2018),2012-2018,Base | Standard
warn,2007,mitsubishi,i,1,model exists other years (2012-2018),2012-2018,Base | Standard
warn,2003,chrysler,crossfire,1,"model exists other years (2004-2008) — adjacent model year, likely boundary",2004-2008,Base | Premium
warn,2015,buick,envision,1,"model exists other years (2016-2026) — adjacent model year, likely boundary",2016-2026,Base | Standard
warn,2023,buick,lacrosse,1,model exists other years (2005-2019),2005-2019,Base | Essence
warn,2024,buick,lacrosse,1,model exists other years (2005-2019),2005-2019,Base | Essence
warn,2019,jeep,gladiator,1,"model exists other years (2020-2026) — adjacent model year, likely boundary",2020-2026,3.6 Pentastar | Sport
warn,2023,cadillac,ct6,1,model exists other years (2016-2020),2016-2020,Base | Premium
warn,2024,buick,regal,1,model exists other years (1990-2004 2011-2020),1990-2004 2011-2020,Base | Preferred
warn,2010,mitsubishi,montero,1,model exists other years (1990-2006),1990-2006,Base | LS
warn,2011,mitsubishi,montero,1,model exists other years (1990-2006),1990-2006,Base | LS
warn,2014,mitsubishi,montero,1,model exists other years (1990-2006),1990-2006,Base | LS
warn,2019,mitsubishi,montero,1,model exists other years (1990-2006),1990-2006,Base | LS
warn,1998,audi,a3,1,model exists other years (2006-2013 2015-2020 2022-2026),2006-2013 2015-2020 2022-2026,Base
warn,2017,toyota,c-hr,1,"model exists other years (2018-2022 2026) — adjacent model year, likely boundary",2018-2022 2026,Base | Standard
warn,2007,chevrolet,spark,1,"model exists other years (2008 2011-2022) — adjacent model year, likely boundary",2008 2011-2022,Base | LT
warn,2007,jaguar,xf,1,model exists other years (2009-2024),2009-2024,Base | Standard
warn,2023,chevrolet,spark,1,"model exists other years (2008 2011-2022) — adjacent model year, likely boundary",2008 2011-2022,Base | LT
warn,2012,acura,ilx,1,"model exists other years (2013-2022) — adjacent model year, likely boundary",2013-2022,Base | LS
warn,2001,toyota,yaris,1,model exists other years (2007-2020),2007-2020,Base/LE/XLE | Standard
warn,1996,audi,coupe,1,model exists other years (1990-1991),1990-1991,B4
warn,2014,land rover,discovery-sport,1,"model exists other years (2015-2026) — adjacent model year, likely boundary",2015-2026,Base | Premium
warn,2008,ford,fiesta,1,model exists other years (2011-2019),2011-2019,Base | Standard
warn,2022,ford,focus,1,model exists other years (2000-2018),2000-2018,Base | SE
warn,2024,ford,focus,1,model exists other years (2000-2018),2000-2018,Base | SE
warn,2020,toyota,fj-cruiser,1,model exists other years (2007-2014),2007-2014,Base | Standard
warn,2017,ford,ranger,1,model exists other years (1990-2011 2019-2026),1990-2011 2019-2026,2.0 TDCi | XLT
warn,2013,ford,ranger,1,model exists other years (1990-2011 2019-2026),1990-2011 2019-2026,2.2 TDCi | XL
warn,2016,ford,ranger,1,model exists other years (1990-2011 2019-2026),1990-2011 2019-2026,2.2 TDCi | XL
warn,2016,land rover,defender,1,model exists other years (1993-1995 1997 2020-2026),1993-1995 1997 2020-2026,Base | 90
warn,2019,chevrolet,trailblazer,1,model exists other years (2002-2009 2021-2026),2002-2009 2021-2026,Base | Standard
warn,2016,toyota,fj-cruiser,1,model exists other years (2007-2014),2007-2014,Base | Standard
warn,2015,toyota,gt-86,1,model exists other years (2017-2020 2022-2026),2017-2020 2022-2026,Base | LS
warn,2013,toyota,gt-86,1,model exists other years (2017-2020 2022-2026),2017-2020 2022-2026,Base | LS
warn,2000,audi,s6,1,model exists other years (1995-1997 2002-2003 2007-2011 2013-2018 2020-2025),1995-1997 2002-2003 2007-2011 2013-2018 2020-2025,Base | Standard
warn,2013,mercedes,cla-class-amg,1,"model exists other years (2014-2026) — adjacent model year, likely boundary",2014-2026,Base | Premium
warn,2000,hyundai,santa-fe,1,"model exists other years (2001-2026) — adjacent model year, likely boundary",2001-2026,Base | Standard
warn,2005,bmw,m6,1,"model exists other years (2006-2010 2012-2019) — adjacent model year, likely boundary",2006-2010 2012-2019,Base | Sport
warn,1999,audi,s6,1,model exists other years (1995-1997 2002-2003 2007-2011 2013-2018 2020-2025),1995-1997 2002-2003 2007-2011 2013-2018 2020-2025,C5
warn,1996,land rover,defender-90,1,"model exists other years (1993-1995 1997 2020-2026) — adjacent model year, likely boundary",1993-1995 1997 2020-2026,Base
warn,2020,audi,rs5,1,"model exists other years (2013-2015 2018-2019 2021-2025) — adjacent model year, likely boundary",2013-2015 2018-2019 2021-2025,Base | Luxury
warn,2010,mitsubishi,i,1,model exists other years (2012-2018),2012-2018,Base | Standard
warn,2006,mitsubishi,i,1,model exists other years (2012-2018),2012-2018,Base | Standard
warn,2021,bmw,i4,1,"model exists other years (2022-2026) — adjacent model year, likely boundary",2022-2026,Base | Premium
warn,2021,buick,lacrosse,1,model exists other years (2005-2019),2005-2019,Base | Essence
warn,2003,acura,tsx,1,"model exists other years (2004-2014) — adjacent model year, likely boundary",2004-2014,Base | Standard
warn,2009,acura,zdx,1,"model exists other years (2010-2013 2024-2026) — adjacent model year, likely boundary",2010-2013 2024-2026,Base | Sport
warn,2014,land rover,defender,1,model exists other years (1993-1995 1997 2020-2026),1993-1995 1997 2020-2026,Base | 90
warn,2019,land rover,defender,1,"model exists other years (1993-1995 1997 2020-2026) — adjacent model year, likely boundary",1993-1995 1997 2020-2026,Base | 90
warn,2016,volvo,s90,1,"model exists other years (1997-1998 2017-2026) — adjacent model year, likely boundary",1997-1998 2017-2026,Base | Standard
warn,2006,lincoln,mkx,1,"model exists other years (2007-2018) — adjacent model year, likely boundary",2007-2018,Base | Premium
warn,2015,lotus,elise,1,model exists other years (2005-2012),2005-2012,Series 3 | LS
warn,2019,toyota,supra,1,"model exists other years (1990-1998 2020-2026) — adjacent model year, likely boundary",1990-1998 2020-2026,Base | 3.0
warn,2013,bmw,2-series,1,"model exists other years (2014-2026) — adjacent model year, likely boundary",2014-2026,Base | LS
warn,2020,volkswagen,id-4,1,"model exists other years (2021-2026) — adjacent model year, likely boundary",2021-2026,Base | Sport
warn,1998,saab,9-3,1,"model exists other years (1999-2012) — adjacent model year, likely boundary",1999-2012,Base
warn,2007,buick,regal,1,model exists other years (1990-2004 2011-2020),1990-2004 2011-2020,Base | Preferred
warn,2009,buick,regal,1,model exists other years (1990-2004 2011-2020),1990-2004 2011-2020,Base | Preferred
warn,2015,ford,ranger,1,model exists other years (1990-2011 2019-2026),1990-2011 2019-2026,2.2 TDCi | XL
warn,2023,ford,focus,1,model exists other years (2000-2018),2000-2018,1.0 EcoBoost | SE
warn,2010,ford,fiesta,1,"model exists other years (2011-2019) — adjacent model year, likely boundary",2011-2019,Base | Standard
warn,2023,lotus,emira,1,"model exists other years (2024-2026) — adjacent model year, likely boundary",2024-2026,Emira | Luxury
warn,2022,lotus,emira,1,model exists other years (2024-2026),2024-2026,Emira | Luxury
warn,2022,buick,regal,1,model exists other years (1990-2004 2011-2020),1990-2004 2011-2020,Base | Preferred
warn,2007,audi,a5,1,"model exists other years (2008-2026) — adjacent model year, likely boundary",2008-2026,Base | Standard
warn,2004,hyundai,tucson,1,"model exists other years (2005-2026) — adjacent model year, likely boundary",2005-2026,Base | Standard
warn,2008,mercedes,glk-class,1,model exists other years (2010-2020),2010-2020,Base | Standard
warn,2009,mercedes,glk-class,1,"model exists other years (2010-2020) — adjacent model year, likely boundary",2010-2020,Base | Standard
warn,2013,mercedes,gla-class,1,model exists other years (2015-2026),2015-2026,Base | Standard
warn,2016,mercedes,a-class-amg,1,model exists other years (2019-2022),2019-2022,Base | Premium
warn,2023,mercedes,a-class-amg,1,"model exists other years (2019-2022) — adjacent model year, likely boundary",2019-2022,Base | Premium
warn,2024,mercedes,a-class-amg,1,model exists other years (2019-2022),2019-2022,Base | Premium
warn,2020,ford,focus,1,model exists other years (2000-2018),2000-2018,1.0 EcoBoost | SE
warn,2014,mercedes,gla-class-amg,1,"model exists other years (2015-2026) — adjacent model year, likely boundary",2015-2026,Base | Premium
warn,2019,mercedes,glb-class,1,"model exists other years (2020-2026) — adjacent model year, likely boundary",2020-2026,Base | Premium
warn,2000,audi,cabriolet,1,model exists other years (1992-1998),1992-1998,Base | Standard
warn,2021,audi,rs3,1,"model exists other years (2017-2020 2022-2026) — adjacent model year, likely boundary",2017-2020 2022-2026,Base | Sport
warn,2007,audi,s5,1,"model exists other years (2008-2026) — adjacent model year, likely boundary",2008-2026,Base | Sport
warn,2013,maserati,ghibli,1,"model exists other years (2014-2024) — adjacent model year, likely boundary",2014-2024,M157 (3rd Gen) | Premium
warn,2005,chevrolet,spark,1,model exists other years (2008 2011-2022),2008 2011-2022,Base | LT
warn,2010,chevrolet,volt,1,"model exists other years (2011-2019) — adjacent model year, likely boundary",2011-2019,Base | Standard
warn,2024,mazda,mx-30,1,"model exists other years (2022-2023) — adjacent model year, likely boundary",2022-2023,Base | Premium
warn,2016,honda,clarity,1,"model exists other years (2014 2017-2021) — adjacent model year, likely boundary",2014 2017-2021,Base | Premium
warn,2012,toyota,86,1,model exists other years (2017-2020 2022-2026),2017-2020 2022-2026,Base | GT
warn,2017,hyundai,kona,1,"model exists other years (2018-2026) — adjacent model year, likely boundary",2018-2026,Base | SEL
warn,2021,audi,s3,1,"model exists other years (2015-2020 2022-2026) — adjacent model year, likely boundary",2015-2020 2022-2026,Base | Standard
warn,2016,mitsubishi,montero,1,model exists other years (1990-2006),1990-2006,Base | LS
warn,2011,mazda,cx-5,1,model exists other years (2013-2026),2013-2026,Base | Sport
warn,2017,mitsubishi,montero,1,model exists other years (1990-2006),1990-2006,Base | LS
warn,2021,ford,taurus,1,model exists other years (1990-2019),1990-2019,Base | Standard
warn,2024,volvo,ex30,1,"model exists other years (2025-2026) — adjacent model year, likely boundary",2025-2026,Base | Premium
warn,2002,porsche,cayenne,1,"model exists other years (2003-2026) — adjacent model year, likely boundary",2003-2026,Base | Standard
warn,2021,rivian,r1t,1,"model exists other years (2022-2026) — adjacent model year, likely boundary",2022-2026,Quad | Adventure
warn,2000,audi,s8,1,"model exists other years (2001-2003 2007-2009 2013-2018 2020-2026) — adjacent model year, likely boundary",2001-2003 2007-2009 2013-2018 2020-2026,Base | Performance
warn,2020,jaguar,xj,1,"model exists other years (1990-2019) — adjacent model year, likely boundary",1990-2019,Base | Premium
warn,2013,chevrolet,trailblazer,1,model exists other years (2002-2009 2021-2026),2002-2009 2021-2026,Base | Standard
warn,2008,ford,flex,1,"model exists other years (2009-2019) — adjacent model year, likely boundary",2009-2019,Base | Premium
warn,2007,audi,r8,1,"model exists other years (2008-2012 2014-2018 2020-2023) — adjacent model year, likely boundary",2008-2012 2014-2018 2020-2023,Base | Sport
warn,2015,mitsubishi,montero,1,model exists other years (1990-2006),1990-2006,Base | LS
warn,2020,mitsubishi,montero,1,model exists other years (1990-2006),1990-2006,Base | LS
warn,2004,toyota,yaris,1,model exists other years (2007-2020),2007-2020,Base/LE/XLE | Standard
warn,2014,ford,ranger,1,model exists other years (1990-2011 2019-2026),1990-2011 2019-2026,2.2 TDCi | XL
warn,2019,ford,focus,1,"model exists other years (2000-2018) — adjacent model year, likely boundary",2000-2018,Base | SE
warn,2021,ford,focus,1,model exists other years (2000-2018),2000-2018,Base | SE
warn,2001,jaguar,x-type,1,"model exists other years (2002-2008) — adjacent model year, likely boundary",2002-2008,Base | LS
warn,2012,toyota,gt-86,1,model exists other years (2017-2020 2022-2026),2017-2020 2022-2026,Base | LS
warn,2007,maserati,granturismo,1,"model exists other years (2008-2026) — adjacent model year, likely boundary",2008-2026,M145 (1st Gen Modern) | Sport
warn,2016,maserati,levante,1,"model exists other years (2017-2024) — adjacent model year, likely boundary",2017-2024,M161 | Sport
warn,2023,acura,zdx,1,"model exists other years (2010-2013 2024-2026) — adjacent model year, likely boundary",2010-2013 2024-2026,Base | Performance
warn,2014,lamborghini,huracan,1,"model exists other years (2015-2024) — adjacent model year, likely boundary",2015-2024,Huracan (All Variants) | Sport
warn,2022,mclaren,artura,1,"model exists other years (2023-2026) — adjacent model year, likely boundary",2023-2026,Artura/Artura Spider | Sport
warn,2024,mclaren,gt,1,"model exists other years (2017-2023) — adjacent model year, likely boundary",2017-2023,GT | Luxury
warn,2014,lotus,elise,1,model exists other years (2005-2012),2005-2012,Series 3 | LS
warn,2009,lotus,evora,1,"model exists other years (2010-2021) — adjacent model year, likely boundary",2010-2021,Evora/Evora S/Evora 400/Evora GT | Premium
warn,2024,audi,sq6-e-tron,1,"model exists other years (2025-2026) — adjacent model year, likely boundary",2025-2026,Base | Premium
warn,2024,fiat,500x,1,"model exists other years (2016-2023) — adjacent model year, likely boundary",2016-2023,Base | LS
warn,2015,toyota,fj-cruiser,1,"model exists other years (2007-2014) — adjacent model year, likely boundary",2007-2014,Base | Standard
warn,2002,audi,a3,1,model exists other years (2006-2013 2015-2020 2022-2026),2006-2013 2015-2020 2022-2026,Base | Standard
warn,2024,audi,q6-e-tron,1,"model exists other years (2025-2026) — adjacent model year, likely boundary",2025-2026,Base | Sport
warn,2023,volvo,ex30,1,model exists other years (2025-2026),2025-2026,Base | Premium
warn,2023,volvo,ex90,1,model exists other years (2025-2026),2025-2026,Base | Performance
warn,2024,mercedes,cls-class,1,"model exists other years (2005-2023) — adjacent model year, likely boundary",2005-2023,Base | Premium
warn,2004,mercedes,cls-class-amg,1,"model exists other years (2005-2023) — adjacent model year, likely boundary",2005-2023,Base | Sport
warn,2000,ford,escape,1,"model exists other years (2001-2026) — adjacent model year, likely boundary",2001-2026,XLS/XLT | Standard
warn,2024,mercedes,cls-class-amg,1,"model exists other years (2005-2023) — adjacent model year, likely boundary",2005-2023,Base | Sport
warn,2004,mercedes,cls-class,1,"model exists other years (2005-2023) — adjacent model year, likely boundary",2005-2023,Base | Premium
warn,2004,bmw,m5,1,"model exists other years (1991-1993 2000-2003 2006-2010 2013-2023 2025-2026) — adjacent model year, likely boundary",1991-1993 2000-2003 2006-2010 2013-2023 2025-2026,Base | Luxury
warn,2021,toyota,fj-cruiser,1,model exists other years (2007-2014),2007-2014,Base | Standard
warn,2000,land rover,defender,1,model exists other years (1993-1995 1997 2020-2026),1993-1995 1997 2020-2026,Base | 90
warn,2002,land rover,defender,1,model exists other years (1993-1995 1997 2020-2026),1993-1995 1997 2020-2026,Base | 90
warn,2015,ferrari,488,1,"model exists other years (2016-2020) — adjacent model year, likely boundary",2016-2020,488 GTB/Spider | Luxury
warn,2005,mitsubishi,i,1,model exists other years (2012-2018),2012-2018,Base | Standard
warn,2017,lexus,lc,1,"model exists other years (2018-2026) — adjacent model year, likely boundary",2018-2026,LC500 | LC 500
warn,2020,aston martin,dbx,1,"model exists other years (2021-2026) — adjacent model year, likely boundary",2021-2026,DBX/DBX707 | Flagship
warn,2021,ford,fusion,1,"model exists other years (2006-2020) — adjacent model year, likely boundary",2006-2020,1.5 EcoBoost | S
warn,2005,aston martin,vantage,1,"model exists other years (2006-2026) — adjacent model year, likely boundary",2006-2026,V8/V12 Vantage (2nd Gen) | Premium
warn,2016,infiniti,q60,1,"model exists other years (2014-2015 2017-2022) — adjacent model year, likely boundary",2014-2015 2017-2022,2.0t | Luxe
warn,2021,ford,maverick,1,"model exists other years (2022-2026) — adjacent model year, likely boundary",2022-2026,2.0 EcoBoost | Standard
warn,2020,ford,mustang-mach-e,1,"model exists other years (2021-2026) — adjacent model year, likely boundary",2021-2026,Extended Range | Shelby GT500
warn,2019,lincoln,corsair,1,"model exists other years (2020-2026) — adjacent model year, likely boundary",2020-2026,2.0 Turbo | Standard
warn,1996,audi,80,1,"model exists other years (1990-1995) — adjacent model year, likely boundary",1990-1995,B4
warn,2022,dodge,hornet,1,"model exists other years (2023-2025) — adjacent model year, likely boundary",2023-2025,2.0 Turbo | Standard
warn,2016,toyota,gt-86,1,"model exists other years (2017-2020 2022-2026) — adjacent model year, likely boundary",2017-2020 2022-2026,Base | LS
warn,2014,toyota,gt-86,1,model exists other years (2017-2020 2022-2026),2017-2020 2022-2026,Base | LS
warn,2003,audi,a3,1,model exists other years (2006-2013 2015-2020 2022-2026),2006-2013 2015-2020 2022-2026,Base | Standard
warn,2013,bmw,i8,1,"model exists other years (2014-2017 2019-2020) — adjacent model year, likely boundary",2014-2017 2019-2020,Base | Luxury
warn,2012,volvo,s40,1,"model exists other years (1999-2011) — adjacent model year, likely boundary",1999-2011,Base | LS
warn,2000,mercedes,g-class-amg,1,"model exists other years (1999 2002-2026) — adjacent model year, likely boundary",1999 2002-2026,Base | Luxury
warn,2001,mercedes,g-class-amg,1,"model exists other years (1999 2002-2026) — adjacent model year, likely boundary",1999 2002-2026,Base | Luxury
warn,2012,dodge,dart,1,"model exists other years (2013-2016) — adjacent model year, likely boundary",2013-2016,Base | Standard
warn,2009,mitsubishi,i,1,model exists other years (2012-2018),2012-2018,Base | Standard
warn,2013,mercedes,cla-class,1,"model exists other years (2014-2026) — adjacent model year, likely boundary",2014-2026,Base | LS
warn,2009,jaguar,x-type,1,"model exists other years (2002-2008) — adjacent model year, likely boundary",2002-2008,Base | LS
warn,2012,land rover,defender,1,model exists other years (1993-1995 1997 2020-2026),1993-1995 1997 2020-2026,Base | 90
warn,2014,porsche,macan,1,"model exists other years (2015-2026) — adjacent model year, likely boundary",2015-2026,2.0 Macan | Macan
warn,2011,volkswagen,beetle,1,"model exists other years (1998-2010 2012-2019) — adjacent model year, likely boundary",1998-2010 2012-2019,Base | LS
warn,2021,mitsubishi,montero,1,model exists other years (1990-2006),1990-2006,Base | LS
warn,2001,ford,fiesta,1,model exists other years (2011-2019),2011-2019,Base | Standard
warn,2002,ford,fiesta,1,model exists other years (2011-2019),2011-2019,Base | Standard
warn,2003,ford,fiesta,1,model exists other years (2011-2019),2011-2019,Base | Standard
warn,2006,ford,fiesta,1,model exists other years (2011-2019),2011-2019,Base | Standard
warn,2007,ford,fiesta,1,model exists other years (2011-2019),2011-2019,Base | Standard
warn,2022,ford,fiesta,1,model exists other years (2011-2019),2011-2019,Base | Standard
warn,2004,ford,fiesta,1,model exists other years (2011-2019),2011-2019,Base | Standard
warn,2005,ford,fiesta,1,model exists other years (2011-2019),2011-2019,Base | Standard
warn,2024,ford,fiesta,1,model exists other years (2011-2019),2011-2019,Base | Standard
warn,2023,ford,fiesta,1,model exists other years (2011-2019),2011-2019,Base | Standard
warn,2001,chevrolet,trailblazer,1,"model exists other years (2002-2009 2021-2026) — adjacent model year, likely boundary",2002-2009 2021-2026,Base | LS
warn,1996,audi,a3,1,model exists other years (2006-2013 2015-2020 2022-2026),2006-2013 2015-2020 2022-2026,Base
warn,2004,volkswagen,eurovan,1,"model exists other years (1992-2003) — adjacent model year, likely boundary",1992-2003,Base | Standard
warn,2016,fiat,124-spider,1,"model exists other years (2017-2020) — adjacent model year, likely boundary",2017-2020,Base | Standard
warn,2017,mitsubishi,eclipse-cross,1,"model exists other years (2018-2026) — adjacent model year, likely boundary",2018-2026,Base | Premium
warn,2016,lotus,elise,1,model exists other years (2005-2012),2005-2012,Series 3 | LS
warn,2019,lotus,elise,1,model exists other years (2005-2012),2005-2012,Series 3 | LS
warn,2001,audi,a3,1,model exists other years (2006-2013 2015-2020 2022-2026),2006-2013 2015-2020 2022-2026,Base | Standard
warn,2002,audi,rs6,1,"model exists other years (2003-2004 2021-2026) — adjacent model year, likely boundary",2003-2004 2021-2026,Base | Premium
warn,2019,audi,rs7,1,"model exists other years (2014-2018 2021-2026) — adjacent model year, likely boundary",2014-2018 2021-2026,Base | Performance
warn,2000,audi,a3,1,model exists other years (2006-2013 2015-2020 2022-2026),2006-2013 2015-2020 2022-2026,Base | Standard
warn,2014,chevrolet,trailblazer,1,model exists other years (2002-2009 2021-2026),2002-2009 2021-2026,2.8 D | LS
warn,2012,jeep,cherokee,1,"model exists other years (1990-2011 2014-2023 2026) — adjacent model year, likely boundary",1990-2011 2014-2023 2026,Base | LS
warn,2021,audi,a3,1,"model exists other years (2006-2013 2015-2020 2022-2026) — adjacent model year, likely boundary",2006-2013 2015-2020 2022-2026,Base | Premium
warn,2017,jaguar,e-pace,1,"model exists other years (2018-2024) — adjacent model year, likely boundary",2018-2024,P250 | S
warn,2010,audi,s8,1,"model exists other years (2001-2003 2007-2009 2013-2018 2020-2026) — adjacent model year, likely boundary",2001-2003 2007-2009 2013-2018 2020-2026,Base | Luxury
warn,2019,audi,r8,1,"model exists other years (2008-2012 2014-2018 2020-2023) — adjacent model year, likely boundary",2008-2012 2014-2018 2020-2023,Base | Sport
warn,2012,audi,s6,1,"model exists other years (1995-1997 2002-2003 2007-2011 2013-2018 2020-2025) — adjacent model year, likely boundary",1995-1997 2002-2003 2007-2011 2013-2018 2020-2025,Base | Premium
warn,2017,bmw,z4,1,"model exists other years (1998-2001 2003-2016 2019-2026) — adjacent model year, likely boundary",1998-2001 2003-2016 2019-2026,Base | Standard
warn,1998,saab,9-5,1,"model exists other years (1999-2012) — adjacent model year, likely boundary",1999-2012,Base
warn,2014,hyundai,veracruz,1,"model exists other years (2007-2013) — adjacent model year, likely boundary",2007-2013,Base | Standard
warn,2023,bmw,i5,1,"model exists other years (2024-2026) — adjacent model year, likely boundary",2024-2026,Base | Premium
warn,2022,bmw,i7,1,"model exists other years (2023-2026) — adjacent model year, likely boundary",2023-2026,Base | Luxury
warn,2003,ford,fusion,1,model exists other years (2006-2020),2006-2020,Base | SE
warn,2002,ford,fusion,1,model exists other years (2006-2020),2006-2020,Base | SE
warn,2022,cadillac,ct6,1,model exists other years (2016-2020),2016-2020,Base | Premium
warn,2024,cadillac,ct6,1,model exists other years (2016-2020),2016-2020,Base | Premium
warn,2014,lincoln,mkc,1,"model exists other years (2015-2019) — adjacent model year, likely boundary",2015-2019,Base | Premium
warn,2022,toyota,land-cruiser,1,"model exists other years (1990-2021 2024-2026) — adjacent model year, likely boundary",1990-2021 2024-2026,Base | Standard
warn,2010,chrysler,200,1,"model exists other years (2011-2017) — adjacent model year, likely boundary",2011-2017,Base | Standard
warn,2024,ford,taurus,1,model exists other years (1990-2019),1990-2019,Base | Standard
warn,2023,ford,taurus,1,model exists other years (1990-2019),1990-2019,Base | Standard
warn,2022,ford,taurus,1,model exists other years (1990-2019),1990-2019,Base | Standard
warn,2019,audi,s8,1,"model exists other years (2001-2003 2007-2009 2013-2018 2020-2026) — adjacent model year, likely boundary",2001-2003 2007-2009 2013-2018 2020-2026,Base | Sport
warn,2012,audi,s8,1,"model exists other years (2001-2003 2007-2009 2013-2018 2020-2026) — adjacent model year, likely boundary",2001-2003 2007-2009 2013-2018 2020-2026,Base | Sport
warn,2006,audi,s8,1,"model exists other years (2001-2003 2007-2009 2013-2018 2020-2026) — adjacent model year, likely boundary",2001-2003 2007-2009 2013-2018 2020-2026,Base | Sport
warn,2020,audi,rs7,1,"model exists other years (2014-2018 2021-2026) — adjacent model year, likely boundary",2014-2018 2021-2026,Base | Performance
warn,2006,audi,s6,1,"model exists other years (1995-1997 2002-2003 2007-2011 2013-2018 2020-2025) — adjacent model year, likely boundary",1995-1997 2002-2003 2007-2011 2013-2018 2020-2025,Base | Premium
warn,2011,audi,s8,1,model exists other years (2001-2003 2007-2009 2013-2018 2020-2026),2001-2003 2007-2009 2013-2018 2020-2026,Base | Sport
warn,2013,audi,r8,1,"model exists other years (2008-2012 2014-2018 2020-2023) — adjacent model year, likely boundary",2008-2012 2014-2018 2020-2023,Base | Sport
warn,2007,audi,tt,1,"model exists other years (2000-2006 2008-2023) — adjacent model year, likely boundary",2000-2006 2008-2023,Base | Standard
warn,2021,toyota,86,1,"model exists other years (2017-2020 2022-2026) — adjacent model year, likely boundary",2017-2020 2022-2026,Base | GT
warn,2016,chrysler,pacifica,1,"model exists other years (2004-2009 2017-2026) — adjacent model year, likely boundary",2004-2009 2017-2026,Base | Touring
warn,2006,gmc,acadia,1,"model exists other years (2007-2026) — adjacent model year, likely boundary",2007-2026,Base | SLE
warn,2011,hyundai,veloster,1,"model exists other years (2012-2022) — adjacent model year, likely boundary",2012-2022,Base | Standard
warn,2005,dodge,charger,1,"model exists other years (2006-2026) — adjacent model year, likely boundary",2006-2026,Base | SXT
warn,2006,hyundai,veracruz,1,"model exists other years (2007-2013) — adjacent model year, likely boundary",2007-2013,Base | Standard
warn,2015,hyundai,veracruz,1,model exists other years (2007-2013),2007-2013,Base | Standard
warn,2017,kia,stinger,1,"model exists other years (2018-2023) — adjacent model year, likely boundary",2018-2023,Base | Standard
warn,2020,lincoln,mkc,1,"model exists other years (2015-2019) — adjacent model year, likely boundary",2015-2019,Base | Premium
warn,2009,lincoln,mkt,1,"model exists other years (2010-2019) — adjacent model year, likely boundary",2010-2019,Base | Premium
warn,2012,mazda,cx-5,1,"model exists other years (2013-2026) — adjacent model year, likely boundary",2013-2026,Base | Sport
warn,2022,mazda,cx-50,1,"model exists other years (2023-2026) — adjacent model year, likely boundary",2023-2026,Base | Sport
warn,2006,mazda,cx-9,1,"model exists other years (2007-2023) — adjacent model year, likely boundary",2007-2023,Base | Sport
warn,2020,mazda,mx-30,1,model exists other years (2022-2023),2022-2023,Base | Premium
warn,2002,lexus,gx,1,"model exists other years (2003-2026) — adjacent model year, likely boundary",2003-2026,Base | Premium
warn,2002,subaru,baja,1,"model exists other years (2003-2006) — adjacent model year, likely boundary",2003-2006,Base | LS
warn,2007,subaru,baja,1,"model exists other years (2003-2006) — adjacent model year, likely boundary",2003-2006,Base | LS
warn,2014,mercedes,amg-gt,1,model exists other years (2016-2026),2016-2026,Base | Sport
warn,2013,mercedes,a-class-amg,1,model exists other years (2019-2022),2019-2022,Base | Premium
warn,2014,mercedes,a-class-amg,1,model exists other years (2019-2022),2019-2022,Base | Premium
warn,2015,mercedes,a-class-amg,1,model exists other years (2019-2022),2019-2022,Base | Premium
warn,2014,toyota,86,1,model exists other years (2017-2020 2022-2026),2017-2020 2022-2026,Base | GT
warn,2016,toyota,86,1,"model exists other years (2017-2020 2022-2026) — adjacent model year, likely boundary",2017-2020 2022-2026,Base | GT
warn,2023,infiniti,q60,1,"model exists other years (2014-2015 2017-2022) — adjacent model year, likely boundary",2014-2015 2017-2022,Base | Standard
warn,2013,infiniti,q60,1,"model exists other years (2014-2015 2017-2022) — adjacent model year, likely boundary",2014-2015 2017-2022,Base | Standard
warn,2022,buick,verano,1,model exists other years (2012-2017),2012-2017,Base | LS
warn,2013,mitsubishi,mirage,1,"model exists other years (1990-2002 2014-2024) — adjacent model year, likely boundary",1990-2002 2014-2024,Base | Standard
warn,2007,mitsubishi,montero,1,"model exists other years (1990-2006) — adjacent model year, likely boundary",1990-2006,Base | LS
warn,2008,mitsubishi,montero,1,model exists other years (1990-2006),1990-2006,Base | LS
warn,2009,mitsubishi,montero,1,model exists other years (1990-2006),1990-2006,Base | LS
warn,2012,mitsubishi,montero,1,model exists other years (1990-2006),1990-2006,Base | LS
warn,2013,mitsubishi,montero,1,model exists other years (1990-2006),1990-2006,Base | LS
warn,2002,toyota,yaris,1,model exists other years (2007-2020),2007-2020,Base/LE/XLE | Standard
warn,2008,volkswagen,routan,1,"model exists other years (2009-2014) — adjacent model year, likely boundary",2009-2014,Base | LS
warn,2017,lotus,elise,1,model exists other years (2005-2012),2005-2012,Series 3 | LS
warn,2021,lotus,elise,1,model exists other years (2005-2012),2005-2012,Series 3 | LS
warn,2022,jaguar,xj,1,model exists other years (1990-2019),1990-2019,Base | Premium
warn,2023,toyota,c-hr,1,"model exists other years (2018-2022 2026) — adjacent model year, likely boundary",2018-2022 2026,Base | Standard
warn,2023,toyota,avalon,1,"model exists other years (1995-2022) — adjacent model year, likely boundary",1995-2022,Base | Standard
warn,2009,chevrolet,spark,1,"model exists other years (2008 2011-2022) — adjacent model year, likely boundary",2008 2011-2022,Base | LT
warn,2010,chevrolet,spark,1,"model exists other years (2008 2011-2022) — adjacent model year, likely boundary",2008 2011-2022,Base | LT
warn,2024,toyota,avalon,1,model exists other years (1995-2022),1995-2022,Base | Standard
warn,2011,land rover,range-rover-evoque,1,"model exists other years (2012-2026) — adjacent model year, likely boundary",2012-2026,Base | Premium
warn,1995,audi,coupe,1,model exists other years (1990-1991),1990-1991,B4
warn,2017,ram,c/v,1,"model exists other years (2012-2016) — adjacent model year, likely boundary",2012-2016,Base | LS
warn,2023,acura,nsx,1,"model exists other years (1990-2005 2016-2022) — adjacent model year, likely boundary",1990-2005 2016-2022,Base | Sport
warn,2010,dodge,durango,1,"model exists other years (1995-2009 2011-2026) — adjacent model year, likely boundary",1995-2009 2011-2026,SXT/Crew/R/T | Standard
warn,2008,nissan,murano,1,"model exists other years (2002-2007 2009-2026) — adjacent model year, likely boundary",2002-2007 2009-2026,S/SL/SE | Standard
warn,2015,nissan,maxima,1,"model exists other years (1990-2014 2016-2023) — adjacent model year, likely boundary",1990-2014 2016-2023,S/SV/SL/Platinum | Standard
warn,2013,acura,rl,1,"model exists other years (1990-2012) — adjacent model year, likely boundary",1990-2012,Base | Premium
warn,2021,mercedes,eqb,1,"model exists other years (2022-2025) — adjacent model year, likely boundary",2022-2025,Base | Premium
warn,2014,bmw,x4,1,"model exists other years (2015-2025) — adjacent model year, likely boundary",2015-2025,xDrive20d | Premium
warn,2011,audi,a7,1,"model exists other years (2012-2025) — adjacent model year, likely boundary",2012-2025,Base | Premium
warn,2016,aston martin,db11,1,"model exists other years (2017-2024) — adjacent model year, likely boundary",2017-2024,DB11 V8/V12 | Luxury
warn,2001,audi,s6,1,"model exists other years (1995-1997 2002-2003 2007-2011 2013-2018 2020-2025) — adjacent model year, likely boundary",1995-1997 2002-2003 2007-2011 2013-2018 2020-2025,Base | Standard
warn,2019,buick,verano,1,model exists other years (2012-2017),2012-2017,Base | LS
warn,2021,buick,verano,1,model exists other years (2012-2017),2012-2017,Base | LS
warn,2020,buick,verano,1,model exists other years (2012-2017),2012-2017,Base | LS
warn,2016,bentley,bentayga,1,"model exists other years (2017-2026) — adjacent model year, likely boundary",2017-2026,1st Gen (2020 Facelift) | Luxury
warn,2021,cadillac,ct6,1,"model exists other years (2016-2020) — adjacent model year, likely boundary",2016-2020,Base | Premium
warn,1996,mercedes-benz,g-class,1,model exists other years (1999 2002-2026),1999 2002-2026,Base
warn,1997,mercedes-benz,g-class,1,model exists other years (1999 2002-2026),1999 2002-2026,Base
warn,1998,mercedes-benz,g-class,1,"model exists other years (1999 2002-2026) — adjacent model year, likely boundary",1999 2002-2026,Base
warn,2006,chevrolet,spark,1,model exists other years (2008 2011-2022),2008 2011-2022,Base | LT
warn,2020,ferrari,roma,1,"model exists other years (2021-2026) — adjacent model year, likely boundary",2021-2026,Roma | Luxury
warn,2020,ferrari,sf90,1,"model exists other years (2021-2025) — adjacent model year, likely boundary",2021-2025,SF90 Stradale/Spider | Luxury
warn,2006,acura,rdx,1,"model exists other years (2007-2026) — adjacent model year, likely boundary",2007-2026,Base | Premium
warn,2017,toyota,fj-cruiser,1,model exists other years (2007-2014),2007-2014,Base | Standard
warn,2024,volvo,ex90,1,"model exists other years (2025-2026) — adjacent model year, likely boundary",2025-2026,Base | Performance
warn,2016,toyota,c-hr,1,model exists other years (2018-2022 2026),2018-2022 2026,Base | Standard
warn,2024,cadillac,celestiq,1,"model exists other years (2025-2026) — adjacent model year, likely boundary",2025-2026,Base | Ultimate
warn,2024,toyota,c-hr,1,model exists other years (2018-2022 2026),2018-2022 2026,Base | Standard
warn,2022,toyota,fj-cruiser,1,model exists other years (2007-2014),2007-2014,Base | Standard
warn,2007,toyota,xa,1,"model exists other years (2004-2006) — adjacent model year, likely boundary",2004-2006,Base | Standard
warn,2015,land rover,defender,1,model exists other years (1993-1995 1997 2020-2026),1993-1995 1997 2020-2026,Base | 90
warn,2001,land rover,defender,1,model exists other years (1993-1995 1997 2020-2026),1993-1995 1997 2020-2026,Base | 90
warn,2011,land rover,defender,1,model exists other years (1993-1995 1997 2020-2026),1993-1995 1997 2020-2026,Base | 90
warn,2002,bmw,z4,1,"model exists other years (1998-2001 2003-2016 2019-2026) — adjacent model year, likely boundary",1998-2001 2003-2016 2019-2026,Base | LS
warn,2020,ford,fiesta,1,"model exists other years (2011-2019) — adjacent model year, likely boundary",2011-2019,Base | Standard
warn,2015,jaguar,f-pace,1,model exists other years (2017-2026),2017-2026,Base | Premium
warn,2000,bmw,m3,1,"model exists other years (1990-1991 1995-1999 2001-2006 2008-2013 2015-2018 2020-2026) — adjacent model year, likely boundary",1990-1991 1995-1999 2001-2006 2008-2013 2015-2018 2020-2026,Base | Competition
warn,2013,ram,promaster-1500,1,"model exists other years (2014-2026) — adjacent model year, likely boundary",2014-2026,3.0 EcoDiesel | LS
warn,1997,audi,a3,1,model exists other years (2006-2013 2015-2020 2022-2026),2006-2013 2015-2020 2022-2026,Base
warn,1995,bmw,m5,1,model exists other years (1991-1993 2000-2003 2006-2010 2013-2023 2025-2026),1991-1993 2000-2003 2006-2010 2013-2023 2025-2026,Base
warn,2006,buick,regal,1,model exists other years (1990-2004 2011-2020),1990-2004 2011-2020,Base | Preferred
warn,2022,subaru,solterra,1,"model exists other years (2023-2026) — adjacent model year, likely boundary",2023-2026,Base | Premium
warn,2010,buick,regal,1,"model exists other years (1990-2004 2011-2020) — adjacent model year, likely boundary",1990-2004 2011-2020,Base | Preferred
warn,2021,buick,regal,1,"model exists other years (1990-2004 2011-2020) — adjacent model year, likely boundary",1990-2004 2011-2020,Base | Preferred
warn,2023,buick,regal,1,model exists other years (1990-2004 2011-2020),1990-2004 2011-2020,Base | Preferred
warn,2017,mercedes,a-class-amg,1,model exists other years (2019-2022),2019-2022,Base | Premium
warn,2003,land rover,defender,1,model exists other years (1993-1995 1997 2020-2026),1993-1995 1997 2020-2026,Base | 90
warn,2005,land rover,defender,1,model exists other years (1993-1995 1997 2020-2026),1993-1995 1997 2020-2026,Base | 90
warn,2006,land rover,defender,1,model exists other years (1993-1995 1997 2020-2026),1993-1995 1997 2020-2026,Base | 90
warn,1998,plymouth,prowler,1,"model exists other years (1997 1999-2002) — adjacent model year, likely boundary",1997 1999-2002,Base
warn,1999,audi,a3,1,model exists other years (2006-2013 2015-2020 2022-2026),2006-2013 2015-2020 2022-2026,Base
warn,2005,buick,regal,1,"model exists other years (1990-2004 2011-2020) — adjacent model year, likely boundary",1990-2004 2011-2020,Base | Preferred
warn,2008,buick,regal,1,model exists other years (1990-2004 2011-2020),1990-2004 2011-2020,Base | Preferred
warn,2018,ferrari,portofino,1,"model exists other years (2019-2023) — adjacent model year, likely boundary",2019-2023,Base
warn,2000,mercedes,g-class,1,"model exists other years (1999 2002-2026) — adjacent model year, likely boundary",1999 2002-2026,Base | Premium
warn,2001,mercedes,g-class,1,"model exists other years (1999 2002-2026) — adjacent model year, likely boundary",1999 2002-2026,Base | Premium
warn,2016,volvo,v90,1,"model exists other years (1997-1998 2017-2026) — adjacent model year, likely boundary",1997-1998 2017-2026,D3 | Standard
warn,2014,buick,envision,1,model exists other years (2016-2026),2016-2026,Base | Standard
warn,2016,chevrolet,trailblazer,1,model exists other years (2002-2009 2021-2026),2002-2009 2021-2026,Base | Standard
warn,2017,chevrolet,trailblazer,1,model exists other years (2002-2009 2021-2026),2002-2009 2021-2026,Base | Standard
warn,2015,chevrolet,trailblazer,1,model exists other years (2002-2009 2021-2026),2002-2009 2021-2026,Base | Standard
warn,2023,mazda,cx-90,1,"model exists other years (2024-2026) — adjacent model year, likely boundary",2024-2026,Base | Sport
warn,2021,jaguar,xj,1,model exists other years (1990-2019),1990-2019,Base | Premium
warn,2008,jaguar,xf,1,"model exists other years (2009-2024) — adjacent model year, likely boundary",2009-2024,Base | Standard
warn,2017,volkswagen,arteon,1,model exists other years (2019-2024),2019-2024,Base | SE
warn,2004,volvo,v50,1,"model exists other years (2005-2011) — adjacent model year, likely boundary",2005-2011,Base | Standard
warn,2021,volvo,c40,1,"model exists other years (2022-2026) — adjacent model year, likely boundary",2022-2026,Base | R-Design
warn,2014,porsche,918,1,"model exists other years (2015) — adjacent model year, likely boundary",2015,Base | Luxury
