Tier,Make,Model,Year
1,Ford,Ranger,2018
1,GMC,Canyon,2014
1,GMC,Canyon,2013
1,Nissan,Frontier,2025
1,Nissan,Frontier,2019
1,Nissan,Frontier,2017
1,Nissan,Frontier,2016
1,Nissan,Frontier,2015
1,Nissan,Frontier,2014
1,Nissan,Frontier,2013
1,Nissan,Frontier,2012
1,Nissan,Frontier,2011
1,Nissan,Frontier,2010
1,Jeep,Gladiator,2018
1,Jeep,Gladiator,2017
1,Jeep,Gladiator,2016
1,Jeep,Gladiator,2015
1,Jeep,Gladiator,2014
1,Jeep,Gladiator,2013
1,Jeep,Gladiator,2012
1,Jeep,Gladiator,2011
1,Jeep,Gladiator,2010
1,Ford,Maverick,2024
1,Ford,Maverick,2023
1,Ford,Maverick,2020
1,Ford,Maverick,2019
1,Ford,Maverick,2018
1,Ford,Maverick,2017
1,Ford,Maverick,2016
1,Ford,Maverick,2015
1,Ford,Maverick,2014
1,Ford,Maverick,2013
1,Ford,Maverick,2012
1,Ford,Maverick,2011
1,Ford,Maverick,2010
1,Mazda,CX-5,2010
1,Subaru,Crosstrek,2012
1,Subaru,Crosstrek,2011
1,Subaru,Crosstrek,2010
1,Nissan,Armada,2016
1,Ford,Bronco,2020
1,Ford,Bronco,2019
1,Ford,Bronco,2018
1,Ford,Bronco,2017
1,Ford,Bronco,2016
1,Ford,Bronco,2015
1,Ford,Bronco,2014
1,Ford,Bronco,2013
1,Ford,Bronco,2012
1,Ford,Bronco,2011
1,Ford,Bronco,2010
1,Land Rover,Defender,2018
1,Land Rover,Defender,2017
2,Jeep,Renegade,2014
2,Jeep,Renegade,2013
2,Jeep,Renegade,2012
2,Jeep,Renegade,2011
2,Jeep,Renegade,2010
2,Ford,Bronco Sport,2020
2,Ford,Bronco Sport,2019
2,Ford,Bronco Sport,2018
2,Ford,Bronco Sport,2017
2,Ford,Bronco Sport,2016
2,Ford,Bronco Sport,2015
2,Ford,Bronco Sport,2014
2,Ford,Bronco Sport,2013
2,Ford,Bronco Sport,2012
2,Ford,Bronco Sport,2011
2,Ford,Bronco Sport,2010
2,Ford,Edge,2025
2,Ford,Edge,2024
2,Ford,Edge,2023
2,Ford,Edge,2022
2,Ford,Edge,2021
2,Ford,Edge,2020
2,Ford,Edge,2017
2,Ford,Edge,2016
2,Ford,Edge,2015
2,Ford,Edge,2014
2,Ford,Edge,2013
2,Ford,Edge,2012
2,Ford,Edge,2011
2,Ford,Edge,2010
2,Chevrolet,Blazer,2018
2,Chevrolet,Blazer,2012
2,Chevrolet,Blazer,2011
2,Chevrolet,Blazer,2010
2,Chevrolet,Trailblazer,2018
2,Chevrolet,Trailblazer,2012
2,Chevrolet,Trailblazer,2011
2,Chevrolet,Trailblazer,2010
2,Chevrolet,Trax,2012
2,Chevrolet,Trax,2011
2,Chevrolet,Trax,2010
2,Honda,Passport,2018
2,Honda,Passport,2017
2,Honda,Passport,2016
2,Honda,Passport,2015
2,Honda,Passport,2014
2,Honda,Passport,2013
2,Honda,Passport,2012
2,Honda,Passport,2011
2,Honda,Passport,2010
2,Honda,HR-V,2015
2,Honda,HR-V,2014
2,Honda,HR-V,2013
2,Honda,HR-V,2012
2,Honda,HR-V,2011
2,Honda,HR-V,2010
2,Toyota,Venza,2020
2,Toyota,Venza,2019
2,Toyota,Venza,2018
2,Toyota,Venza,2017
2,Toyota,Venza,2016
2,Nissan,Kicks,2017
2,Nissan,Kicks,2016
2,Nissan,Kicks,2015
2,Nissan,Kicks,2014
2,Nissan,Kicks,2013
2,Nissan,Kicks,2012
2,Nissan,Kicks,2011
2,Nissan,Kicks,2010
2,Subaru,Ascent,2018
2,Subaru,Ascent,2017
2,Subaru,Ascent,2016
2,Subaru,Ascent,2015
2,Subaru,Ascent,2014
2,Subaru,Ascent,2013
2,Subaru,Ascent,2012
2,Subaru,Ascent,2011
2,Subaru,Ascent,2010
2,Mazda,CX-50,2010
2,Kia,Telluride,2019
2,Kia,Telluride,2018
2,Kia,Telluride,2017
2,Kia,Telluride,2016
2,Kia,Telluride,2015
2,Kia,Telluride,2014
2,Kia,Telluride,2013
2,Kia,Telluride,2012
2,Kia,Telluride,2011
2,Kia,Telluride,2010
2,Kia,Seltos,2020
2,Kia,Seltos,2019
2,Kia,Seltos,2018
2,Kia,Seltos,2017
2,Kia,Seltos,2016
2,Kia,Seltos,2015
2,Kia,Seltos,2014
2,Kia,Seltos,2013
2,Kia,Seltos,2012
2,Kia,Seltos,2011
2,Kia,Seltos,2010
2,Hyundai,Palisade,2019
2,Hyundai,Palisade,2018
2,Hyundai,Palisade,2017
2,Hyundai,Palisade,2016
2,Hyundai,Palisade,2015
2,Hyundai,Palisade,2014
2,Hyundai,Palisade,2013
2,Hyundai,Palisade,2012
2,Hyundai,Palisade,2011
2,Hyundai,Palisade,2010
2,Hyundai,Kona,2016
2,Hyundai,Kona,2015
2,Hyundai,Kona,2014
2,Hyundai,Kona,2013
2,Hyundai,Kona,2012
2,Hyundai,Kona,2011
2,Hyundai,Kona,2010
2,Volkswagen,Atlas,2017
2,Volkswagen,Atlas,2016
2,Volkswagen,Atlas,2015
2,Volkswagen,Atlas,2014
2,Volkswagen,Atlas,2013
2,Volkswagen,Atlas,2012
2,Volkswagen,Atlas,2011
2,Volkswagen,Atlas,2010
2,Volkswagen,Taos,2021
2,Volkswagen,Taos,2020
2,Volkswagen,Taos,2019
2,Volkswagen,Taos,2018
2,Volkswagen,Taos,2017
2,Volkswagen,Taos,2016
2,Volkswagen,Taos,2015
2,Volkswagen,Taos,2014
2,Volkswagen,Taos,2013
2,Volkswagen,Taos,2012
2,Volkswagen,Taos,2011
2,Volkswagen,Taos,2010
2,Buick,Envision,2013
2,Buick,Envision,2012
2,Buick,Envision,2011
2,Buick,Envision,2010
2,Kia,K5,2020
2,Kia,K5,2019
2,Kia,K5,2018
2,Kia,K5,2017
2,Kia,K5,2016
2,Kia,K5,2015
2,Kia,K5,2014
2,Kia,K5,2013
2,Kia,K5,2012
2,Kia,K5,2011
2,Kia,K5,2010
2,Mazda,Mazda6,2025
2,Mazda,Mazda6,2024
2,Mazda,Mazda6,2023
2,Mazda,Mazda6,2022
2,Volkswagen,Passat,2025
2,Volkswagen,Passat,2024
2,Volkswagen,Passat,2023
2,Tesla,Model Y,2019
2,Tesla,Model Y,2018
2,Tesla,Model Y,2017
2,Tesla,Model Y,2016
2,Tesla,Model Y,2015
2,Tesla,Model Y,2014
2,Tesla,Model Y,2013
2,Tesla,Model Y,2012
2,Tesla,Model Y,2011
2,Tesla,Model Y,2010
2,Tesla,Model 3,2016
2,Tesla,Model 3,2015
2,Tesla,Model 3,2014
2,Tesla,Model 3,2013
2,Tesla,Model 3,2012
2,Tesla,Model 3,2011
2,Tesla,Model 3,2010
2,Tesla,Model X,2014
2,Tesla,Model X,2013
2,Tesla,Model X,2012
2,Tesla,Model X,2011
2,Tesla,Model X,2010
2,Tesla,Model S,2011
2,Tesla,Model S,2010
2,Chevrolet,Bolt EV,2025
2,Chevrolet,Bolt EV,2024
2,Chevrolet,Bolt EV,2016
2,Chevrolet,Bolt EV,2015
2,Chevrolet,Bolt EV,2014
2,Chevrolet,Bolt EV,2013
2,Chevrolet,Bolt EV,2012
2,Chevrolet,Bolt EV,2011
2,Chevrolet,Bolt EV,2010
2,Chevrolet,Bolt EUV,2025
2,Chevrolet,Bolt EUV,2024
2,Chevrolet,Bolt EUV,2020
2,Chevrolet,Bolt EUV,2019
2,Chevrolet,Bolt EUV,2018
2,Chevrolet,Bolt EUV,2017
2,Chevrolet,Bolt EUV,2016
2,Chevrolet,Bolt EUV,2015
2,Chevrolet,Bolt EUV,2014
2,Chevrolet,Bolt EUV,2013
2,Chevrolet,Bolt EUV,2012
2,Chevrolet,Bolt EUV,2011
2,Chevrolet,Bolt EUV,2010
2,Hyundai,Ioniq 5,2016
2,Hyundai,Ioniq 5,2015
2,Hyundai,Ioniq 5,2014
2,Hyundai,Ioniq 5,2013
2,Hyundai,Ioniq 5,2012
2,Hyundai,Ioniq 5,2011
2,Hyundai,Ioniq 5,2010
2,Hyundai,Ioniq 6,2025
2,Hyundai,Ioniq 6,2023
2,Hyundai,Ioniq 6,2016
2,Hyundai,Ioniq 6,2015
2,Hyundai,Ioniq 6,2014
2,Hyundai,Ioniq 6,2013
2,Hyundai,Ioniq 6,2012
2,Hyundai,Ioniq 6,2011
2,Hyundai,Ioniq 6,2010
2,Kia,EV6,2021
2,Kia,EV6,2020
2,Kia,EV6,2019
2,Kia,EV6,2018
2,Kia,EV6,2017
2,Kia,EV6,2016
2,Kia,EV6,2015
2,Kia,EV6,2014
2,Kia,EV6,2013
2,Kia,EV6,2012
2,Kia,EV6,2011
2,Kia,EV6,2010
2,Volkswagen,ID.4,2019
2,Volkswagen,ID.4,2018
2,Volkswagen,ID.4,2017
2,Volkswagen,ID.4,2016
2,Volkswagen,ID.4,2015
2,Volkswagen,ID.4,2014
2,Volkswagen,ID.4,2013
2,Volkswagen,ID.4,2012
2,Volkswagen,ID.4,2011
2,Volkswagen,ID.4,2010
2,Rivian,R1T,2020
2,Rivian,R1T,2019
2,Rivian,R1T,2018
2,Rivian,R1T,2017
2,Rivian,R1T,2016
2,Rivian,R1T,2015
2,Rivian,R1T,2014
2,Rivian,R1T,2013
2,Rivian,R1T,2012
2,Rivian,R1T,2011
2,Rivian,R1T,2010
2,Rivian,R1S,2021
2,Rivian,R1S,2020
2,Rivian,R1S,2019
2,Rivian,R1S,2018
2,Rivian,R1S,2017
2,Rivian,R1S,2016
2,Rivian,R1S,2015
2,Rivian,R1S,2014
2,Rivian,R1S,2013
2,Rivian,R1S,2012
2,Rivian,R1S,2011
2,Rivian,R1S,2010
2,Tesla,Cybertruck,2023
2,Tesla,Cybertruck,2022
2,Tesla,Cybertruck,2021
2,Tesla,Cybertruck,2020
2,Tesla,Cybertruck,2019
2,Tesla,Cybertruck,2018
2,Tesla,Cybertruck,2017
2,Tesla,Cybertruck,2016
2,Tesla,Cybertruck,2015
2,Tesla,Cybertruck,2014
2,Tesla,Cybertruck,2013
2,Tesla,Cybertruck,2012
2,Tesla,Cybertruck,2011
2,Tesla,Cybertruck,2010
2,Chevrolet,Camaro,2025
2,Dodge,Challenger,2025
2,Toyota,Sienna,2018
2,Honda,Odyssey,2018
2,Chrysler,Pacifica,2018
2,Chrysler,Pacifica,2015
2,Chrysler,Pacifica,2014
2,Chrysler,Pacifica,2013
2,Chrysler,Pacifica,2012
2,Chrysler,Pacifica,2011
2,Chrysler,Pacifica,2010
2,Kia,Carnival,2025
2,Kia,Carnival,2024
2,Kia,Carnival,2023
2,Kia,Carnival,2022
2,Kia,Carnival,2021
2,Kia,Carnival,2020
2,Kia,Carnival,2019
2,Kia,Carnival,2018
2,Kia,Carnival,2017
2,Kia,Carnival,2016
2,Kia,Carnival,2015
2,Kia,Carnival,2014
2,Kia,Carnival,2013
2,Kia,Carnival,2012
2,Kia,Carnival,2011
2,Kia,Carnival,2010
2,Lexus,NX,2014
2,Lexus,NX,2013
2,Lexus,NX,2012
2,Lexus,NX,2011
2,Lexus,NX,2010
2,Mercedes-Benz,GLE,2014
2,Mercedes-Benz,GLE,2013
2,Mercedes-Benz,GLE,2012
2,Mercedes-Benz,GLE,2011
2,Mercedes-Benz,GLE,2010
2,Mercedes-Benz,GLC,2015
2,Mercedes-Benz,GLC,2014
2,Mercedes-Benz,GLC,2013
2,Mercedes-Benz,GLC,2012
2,Mercedes-Benz,GLC,2011
2,Mercedes-Benz,GLC,2010
2,Volvo,XC90,2015
2,Lincoln,Aviator,2019
2,Lincoln,Aviator,2018
2,Lincoln,Aviator,2017
2,Lincoln,Aviator,2016
2,Lincoln,Aviator,2015
2,Lincoln,Aviator,2014
2,Lincoln,Aviator,2013
2,Lincoln,Aviator,2012
2,Lincoln,Aviator,2011
2,Lincoln,Aviator,2010
2,Porsche,Macan,2013
2,Porsche,Macan,2012
2,Porsche,Macan,2011
2,Porsche,Macan,2010
2,Genesis,GV80,2020
2,Genesis,GV80,2019
2,Genesis,GV80,2018
2,Genesis,GV80,2017
2,Genesis,GV80,2016
2,Genesis,GV80,2015
2,Genesis,GV80,2014
2,Genesis,GV80,2013
2,Genesis,GV80,2012
2,Genesis,GV80,2011
2,Genesis,GV80,2010
2,Genesis,GV70,2021
2,Genesis,GV70,2020
2,Genesis,GV70,2019
2,Genesis,GV70,2018
2,Genesis,GV70,2017
2,Genesis,GV70,2016
2,Genesis,GV70,2015
2,Genesis,GV70,2014
2,Genesis,GV70,2013
2,Genesis,GV70,2012
2,Genesis,GV70,2011
2,Genesis,GV70,2010
2,Infiniti,QX60,2012
2,Infiniti,QX60,2011
2,Infiniti,QX60,2010
3,Acura,Integra,2022
3,Acura,Integra,2021
3,Acura,Integra,2020
3,Acura,Integra,2019
3,Acura,Integra,2018
3,Acura,Integra,2017
3,Acura,Integra,2016
3,Acura,Integra,2015
3,Acura,Integra,2014
3,Acura,Integra,2013
3,Acura,Integra,2012
3,Acura,Integra,2011
3,Acura,Integra,2010
3,Genesis,G70,2018
3,Genesis,G70,2017
3,Genesis,G70,2016
3,Genesis,G70,2015
3,Genesis,G70,2014
3,Genesis,G70,2013
3,Genesis,G70,2012
3,Genesis,G70,2011
3,Genesis,G70,2010
3,Genesis,G80,2016
3,Genesis,G80,2015
3,Genesis,G80,2014
3,Genesis,G80,2013
3,Genesis,G80,2012
3,Genesis,G80,2011
3,Genesis,G80,2010
3,Infiniti,Q50,2013
3,Infiniti,Q50,2012
3,Infiniti,Q50,2011
3,Infiniti,Q50,2010
3,Volvo,S60,2010
3,Cadillac,CT5,2019
3,Cadillac,CT5,2018
3,Cadillac,CT5,2017
3,Cadillac,CT5,2016
3,Cadillac,CT5,2015
3,Cadillac,CT5,2014
3,Cadillac,CT5,2013
3,Cadillac,CT5,2012
3,Cadillac,CT5,2011
3,Cadillac,CT5,2010
3,BMW,X1,2012
3,BMW,X1,2011
3,BMW,X1,2010
3,BMW,X7,2018
3,BMW,X7,2017
3,BMW,X7,2016
3,BMW,X7,2015
3,BMW,X7,2014
3,BMW,X7,2013
3,BMW,X7,2012
3,BMW,X7,2011
3,BMW,X7,2010
3,Mercedes-Benz,GLA,2012
3,Mercedes-Benz,GLA,2011
3,Mercedes-Benz,GLA,2010
3,Mercedes-Benz,GLB,2018
3,Mercedes-Benz,GLB,2017
3,Mercedes-Benz,GLB,2016
3,Mercedes-Benz,GLB,2015
3,Mercedes-Benz,GLB,2014
3,Mercedes-Benz,GLB,2013
3,Mercedes-Benz,GLB,2012
3,Mercedes-Benz,GLB,2011
3,Mercedes-Benz,GLB,2010
3,Mercedes-Benz,GLS,2016
3,Mercedes-Benz,GLS,2015
3,Mercedes-Benz,GLS,2014
3,Mercedes-Benz,GLS,2013
3,Mercedes-Benz,GLS,2012
3,Mercedes-Benz,GLS,2011
3,Mercedes-Benz,GLS,2010
3,Audi,Q3,2014
3,Audi,Q3,2013
3,Audi,Q3,2012
3,Audi,Q3,2011
3,Audi,Q3,2010
3,Audi,Q8,2018
3,Audi,Q8,2017
3,Audi,Q8,2016
3,Audi,Q8,2015
3,Audi,Q8,2014
3,Audi,Q8,2013
3,Audi,Q8,2012
3,Audi,Q8,2011
3,Audi,Q8,2010
3,Lexus,UX,2018
3,Lexus,UX,2017
3,Lexus,UX,2016
3,Lexus,UX,2015
3,Lexus,UX,2014
3,Lexus,UX,2013
3,Lexus,UX,2012
3,Lexus,UX,2011
3,Lexus,UX,2010
3,Volvo,XC40,2018
3,Volvo,XC40,2017
3,Volvo,XC40,2016
3,Volvo,XC40,2015
3,Volvo,XC40,2014
3,Volvo,XC40,2013
3,Volvo,XC40,2012
3,Volvo,XC40,2011
3,Volvo,XC40,2010
3,Cadillac,XT4,2018
3,Cadillac,XT4,2017
3,Cadillac,XT4,2016
3,Cadillac,XT4,2015
3,Cadillac,XT4,2014
3,Cadillac,XT4,2013
3,Cadillac,XT4,2012
3,Cadillac,XT4,2011
3,Cadillac,XT4,2010
3,Cadillac,XT5,2016
3,Cadillac,XT5,2015
3,Cadillac,XT5,2014
3,Cadillac,XT5,2013
3,Cadillac,XT5,2012
3,Cadillac,XT5,2011
3,Cadillac,XT5,2010
3,Cadillac,XT6,2019
3,Cadillac,XT6,2018
3,Cadillac,XT6,2017
3,Cadillac,XT6,2016
3,Cadillac,XT6,2015
3,Cadillac,XT6,2014
3,Cadillac,XT6,2013
3,Cadillac,XT6,2012
3,Cadillac,XT6,2011
3,Cadillac,XT6,2010
3,Lincoln,Corsair,2018
3,Lincoln,Corsair,2017
3,Lincoln,Corsair,2016
3,Lincoln,Corsair,2015
3,Lincoln,Corsair,2014
3,Lincoln,Corsair,2013
3,Lincoln,Corsair,2012
3,Lincoln,Corsair,2011
3,Lincoln,Corsair,2010
3,Lincoln,Nautilus,2018
3,Lincoln,Nautilus,2017
3,Lincoln,Nautilus,2016
3,Lincoln,Nautilus,2015
3,Lincoln,Nautilus,2014
3,Lincoln,Nautilus,2013
3,Lincoln,Nautilus,2012
3,Lincoln,Nautilus,2011
3,Lincoln,Nautilus,2010
3,Jeep,Wagoneer,2021
3,Jeep,Wagoneer,2020
3,Jeep,Wagoneer,2019
3,Jeep,Wagoneer,2018
3,Jeep,Wagoneer,2017
3,Jeep,Wagoneer,2016
3,Jeep,Wagoneer,2015
3,Jeep,Wagoneer,2014
3,Jeep,Wagoneer,2013
3,Jeep,Wagoneer,2012
3,Jeep,Wagoneer,2011
3,Jeep,Wagoneer,2010
3,Jeep,Grand Wagoneer,2021
3,Jeep,Grand Wagoneer,2020
3,Jeep,Grand Wagoneer,2019
3,Jeep,Grand Wagoneer,2018
3,Jeep,Grand Wagoneer,2017
3,Jeep,Grand Wagoneer,2016
3,Jeep,Grand Wagoneer,2015
3,Jeep,Grand Wagoneer,2014
3,Jeep,Grand Wagoneer,2013
3,Jeep,Grand Wagoneer,2012
3,Jeep,Grand Wagoneer,2011
3,Jeep,Grand Wagoneer,2010
3,Hyundai,Venue,2025
3,Hyundai,Venue,2024
3,Hyundai,Venue,2023
3,Hyundai,Venue,2022
3,Hyundai,Venue,2021
3,Hyundai,Venue,2020
3,Hyundai,Venue,2019
3,Hyundai,Venue,2018
3,Hyundai,Venue,2017
3,Hyundai,Venue,2016
3,Hyundai,Venue,2015
3,Hyundai,Venue,2014
3,Hyundai,Venue,2013
3,Hyundai,Venue,2012
3,Hyundai,Venue,2011
3,Hyundai,Venue,2010
3,Kia,Niro,2016
3,Kia,Niro,2015
3,Kia,Niro,2014
3,Kia,Niro,2013
3,Kia,Niro,2012
3,Kia,Niro,2011
3,Kia,Niro,2010
3,Nissan,Leaf,2010
3,Dodge,Journey,2025
3,Dodge,Journey,2024
3,Dodge,Journey,2023
3,Dodge,Journey,2022
3,Dodge,Journey,2021
3,Toyota,GR86,2011
3,Toyota,GR86,2010
3,Subaru,BRZ,2011
3,Subaru,BRZ,2010
3,Nissan,Z,2022
3,Nissan,Z,2021
3,Kia,Stinger,2025
3,Kia,Stinger,2016
3,Kia,Stinger,2015
3,Kia,Stinger,2014
3,Kia,Stinger,2013
3,Kia,Stinger,2012
3,Kia,Stinger,2011
3,Kia,Stinger,2010
3,Toyota,Supra,2018
3,Toyota,Supra,2017
3,Toyota,Supra,2016
3,Toyota,Supra,2015
3,Toyota,Supra,2014
3,Toyota,Supra,2013
3,Toyota,Supra,2012
3,Toyota,Supra,2011
3,Toyota,Supra,2010
3,Hyundai,Santa Cruz,2025
3,Hyundai,Santa Cruz,2024
3,Hyundai,Santa Cruz,2023
3,Hyundai,Santa Cruz,2022
3,Hyundai,Santa Cruz,2021
3,Hyundai,Santa Cruz,2020
3,Hyundai,Santa Cruz,2019
3,Hyundai,Santa Cruz,2018
3,Hyundai,Santa Cruz,2017
3,Hyundai,Santa Cruz,2016
3,Hyundai,Santa Cruz,2015
3,Hyundai,Santa Cruz,2014
3,Hyundai,Santa Cruz,2013
3,Hyundai,Santa Cruz,2012
3,Hyundai,Santa Cruz,2011
3,Hyundai,Santa Cruz,2010
3,Alfa Romeo,Giulia,2016
3,Alfa Romeo,Giulia,2015
3,Alfa Romeo,Giulia,2014
3,Alfa Romeo,Giulia,2013
3,Alfa Romeo,Giulia,2012
3,Alfa Romeo,Giulia,2011
3,Alfa Romeo,Giulia,2010
3,Alfa Romeo,Stelvio,2017
3,Alfa Romeo,Stelvio,2016
3,Alfa Romeo,Stelvio,2015
3,Alfa Romeo,Stelvio,2014
3,Alfa Romeo,Stelvio,2013
3,Alfa Romeo,Stelvio,2012
3,Alfa Romeo,Stelvio,2011
3,Alfa Romeo,Stelvio,2010
3,MINI,Countryman,2010
3,GMC,Hummer EV,2025
3,GMC,Hummer EV,2021
3,GMC,Hummer EV,2020
3,GMC,Hummer EV,2019
3,GMC,Hummer EV,2018
3,GMC,Hummer EV,2017
3,GMC,Hummer EV,2016
3,GMC,Hummer EV,2015
3,GMC,Hummer EV,2014
3,GMC,Hummer EV,2013
3,GMC,Hummer EV,2012
3,GMC,Hummer EV,2011
3,GMC,Hummer EV,2010
3,Cadillac,Lyriq,2025
3,Cadillac,Lyriq,2023
3,Cadillac,Lyriq,2022
3,Cadillac,Lyriq,2021
3,Cadillac,Lyriq,2020
3,Cadillac,Lyriq,2019
3,Cadillac,Lyriq,2018
3,Cadillac,Lyriq,2017
3,Cadillac,Lyriq,2016
3,Cadillac,Lyriq,2015
3,Cadillac,Lyriq,2014
3,Cadillac,Lyriq,2013
3,Cadillac,Lyriq,2012
3,Cadillac,Lyriq,2011
3,Cadillac,Lyriq,2010
3,Chevrolet,Express 2500,2023
3,Chevrolet,Express 3500,2023
3,Ford,Transit,2018
3,Ford,Transit,2014
3,Ford,Transit,2013
3,Ford,Transit,2012
3,Ford,Transit,2011
3,Ford,Transit,2010
3,Ford,E-Series,2025
3,Ford,E-Series,2024
3,Ford,E-Series,2023
3,Ford,E-Series,2022
3,Ford,E-Series,2021
3,Ford,E-Series,2020
3,Ford,E-Series,2019
3,Ford,E-Series,2018
3,Ford,E-Series,2017
3,Ford,E-Series,2016
3,Ford,E-Series,2015
3,Ford,E-Series,2014
3,Ford,E-Series,2013
3,Ford,E-Series,2012
3,Ford,E-Series,2011
3,Ford,E-Series,2010
3,RAM,ProMaster,2018
3,RAM,ProMaster,2012
3,RAM,ProMaster,2011
3,RAM,ProMaster,2010
3,Mercedes-Benz,Sprinter,2025
3,Mercedes-Benz,Sprinter,2024
3,Mercedes-Benz,Sprinter,2023
3,Mercedes-Benz,Sprinter,2022
3,Mercedes-Benz,Sprinter,2021
3,Mercedes-Benz,Sprinter,2020
3,Mercedes-Benz,Sprinter,2019
3,Mercedes-Benz,Sprinter,2018
3,Mercedes-Benz,Sprinter,2017
3,Mercedes-Benz,Sprinter,2016
3,Mercedes-Benz,Sprinter,2015
3,Mercedes-Benz,Sprinter,2014
3,Mercedes-Benz,Sprinter,2013
3,Mercedes-Benz,Sprinter,2012
3,Mercedes-Benz,Sprinter,2011
3,Mercedes-Benz,Sprinter,2010