make,model,ymm_with_missing,missing_sizes_total,years,sample
bmw,3-series,33,121,1991-2026,205/55R15 195/65R14 225/55R15 235/40R17 225/45R17 245/40R17
mercedes,e-class-coupe,14,107,2009-2023,245/45R17 265/35R18 235/45R17 255/40R17 235/40R18 255/35R18
mercedes,e-class,32,104,1994-2026,205/60R15 235/45R17 275/35R18 215/55R16 265/35R18 255/40R17
mercedes-benz,e-class-coupe,13,101,2010-2023,245/45R17 245/40R18 265/35R18 235/45R17 255/40R17 235/40R18
mercedes,e-class-cabriolet,14,100,2009-2023,245/45R17 265/35R18 235/45R17 255/40R17 235/40R18 255/35R18
mercedes-benz,c-class,25,99,2000-2026,225/45R17 245/40R17 195/65R15 205/60R15 205/55R16 225/50R16
bmw,5-series,27,97,1997-2026,225/60R15 255/40R17 235/45R17 235/40R18 265/35R18 255/40R19
mercedes,c-class-amg,18,95,2008-2026,235/35R19 255/30R19 255/35R19 285/30R19 265/35R19 235/40R18
ford,f-150,26,93,1990-2026,215/75R15 265/75R15 275/60R17 245/75R16 265/70R17 255/70R16
mercedes-benz,e-class-cabriolet,12,90,2011-2023,245/45R17 245/40R18 265/35R18 235/45R17 255/40R17 235/40R18
mercedes-benz,e-class,27,88,1994-2026,225/55R16 245/40R18 275/35R18 235/45R17 215/55R16 255/40R17
mercedes,c-class,25,84,1995-2026,245/40R17 245/35R18 235/35R19 235/40R18 255/35R19 285/30R19
mercedes-benz,s-class,26,84,2000-2026,225/55R17 275/40R18 245/45R18 225/60R16 265/40R18 245/40R19
porsche,911,31,84,1994-2026,225/40R18 265/35R18 285/30R18 205/50R17 255/40R17 315/30R18
mercedes,s-class,27,83,1999-2026,235/60R16 225/60R16 265/40R18 245/45R18 225/55R17 245/40R19
porsche,boxster,21,82,2000-2025,205/55R16 225/50R16 205/50R17 225/40R18 265/35R18 225/45R17
bmw,x5-m,17,78,2009-2026,255/55R18 255/50R19 275/40R20 315/35R20 285/35R21 325/30R21
chevrolet,silverado,13,70,1999-2026,235/75R16 255/70R16 245/75R16 235/75R15 255/70R17 265/65R18
porsche,cayenne,16,69,2003-2026,255/55R18 275/45R19 275/40R20 235/60R18 255/50R19 265/50R19
bmw,x6-m,17,66,2009-2026,255/50R19 275/40R20 315/35R20 285/35R21 325/30R21 275/45R20
ford,mustang,32,66,1990-2026,195/75R14 225/60R15 225/55R16 205/65R15 245/45R17 255/45R17
ford,mustang-shelby-gt500,12,65,2007-2023,235/55R17 235/50R18 215/65R16 215/60R17 245/45R19 255/45R18
mercedes-benz,e-class-amg,21,65,2002-2025,245/40R18 275/35R18 265/35R18 255/40R18 285/35R18 255/35R19
mercedes,amg-gt,9,64,2017-2026,295/30R19 255/45R19 285/40R19 265/40R20 295/35R20 275/35R21
mercedes,gle-class-coupe,10,64,2016-2026,255/50R19 265/45R20 295/35R21 285/40R22 325/35R22 275/45R21
gmc,sierra-2500hd,28,61,1990-2026,225/75R16 245/75R16 265/60R20 265/70R18 245/75R17 265/70R17
mercedes,slk-class,17,58,2000-2016,225/50R16 245/40R17 225/40R18 245/35R18 235/40R18 255/35R18
mercedes,cls-class,17,56,2006-2023,275/35R18 255/40R18 285/35R18 285/30R19 245/40R19 275/35R19
mercedes,sl-class,19,56,2000-2020,245/45R17 245/40R18 275/35R18 285/35R18 255/45R17 255/35R19
mercedes,sl-class-amg,19,55,2003-2025,285/35R18 255/35R19 285/30R19 265/35R19 325/30R20 265/40R20
porsche,panamera,13,54,2010-2026,275/45R18 255/45R19 285/40R19 255/40R20 295/35R20 295/40R19
mercedes,glc-class-coupe,10,53,2016-2026,235/55R19 285/40R20 255/40R21 285/35R21 265/45R20 295/40R20
audi,a8,21,52,2000-2026,225/60R16 225/55R17 245/45R18 235/55R17 255/45R18 255/40R19
bmw,6-series,14,52,2004-2019,275/35R18 245/40R19 275/35R19 275/40R18 245/35R20 275/30R20
gmc,sierra-1500,24,50,1990-2026,275/60R15 225/75R16 235/75R16 255/70R16 235/75R15 265/70R17
mercedes-benz,slk-class,17,50,2000-2016,205/55R16 225/50R16 225/40R18 245/35R18 235/40R18 255/35R18
bmw,x4-m,7,49,2019-2025,245/50R19 245/45R20 275/40R20 245/40R21 275/35R21 255/40R21
mercedes,gls,8,49,2019-2026,285/40R22 275/55R19 315/40R21 285/45R22 285/40R23 325/35R23
chevrolet,suburban,22,48,1993-2026,225/75R16 235/75R15 245/75R16 265/70R17 265/70R16 275/55R20
ford,mustang-shelby-gt350,8,47,2011-2020,285/35R19 265/40R19 285/35R20 235/50R18 245/45R19 215/65R17
lexus,is,17,46,2002-2026,225/45R17 245/45R17 255/40R18 225/40R19 255/35R19 205/55R16
toyota,tundra,26,46,2000-2026,245/70R16 255/70R18 285/70R17 265/60R20 245/75R18 285/65R18
maserati,quattroporte,10,45,2013-2023,245/35R20 295/30R20 245/40R20 285/35R20 245/45R19 275/40R19
mercedes,e-class-amg,21,45,2002-2025,275/35R18 265/35R18 255/40R18 285/35R18 285/30R19 245/40R19
porsche,macan,6,45,2015-2026,235/55R19 255/50R19 255/55R18 265/45R20 295/40R20 235/55R20
bmw,4-series-gran-coupe,10,44,2015-2026,225/40R19 225/45R18 225/50R17 255/40R18 255/35R19 245/45R18
chevrolet,silverado-2500hd,22,43,1999-2026,245/75R16 225/75R16 265/70R17 245/75R17 265/60R20 275/65R18
land rover,range-rover,24,43,1995-2025,205/80R16 255/55R18 255/50R20 255/55R19 235/65R19 275/40R22
mercedes-benz,g-class,23,43,2002-2026,265/60R18 285/55R18 285/45R21 295/40R22
bmw,x3-m,6,42,2019-2024,225/60R18 245/50R19 275/40R20 245/40R21 275/35R21 265/45R20
mercedes,cl-class,15,42,2000-2014,225/55R17 245/45R18 275/40R18 265/40R18 245/40R19 275/35R19
toyota,tacoma,19,41,1995-2015,195/75R14 205/75R14 215/65R15 31X10.50R15 215/70R14 205/75R15
bmw,7-series,21,40,1994-2023,225/60R15 235/50R18 255/45R18 235/60R16 245/45R19 245/40R20
lexus,rc,10,40,2015-2025,235/40R19 265/35R19 255/35R19 275/35R19
mercedes-benz,s-class-coupe,6,40,2015-2021,255/40R20 285/35R20 245/50R18 245/45R19 275/40R19 245/40R20
mercedes-benz,sl-class-amg,16,40,2003-2025,255/40R18 285/35R18 265/35R19 325/30R20 285/30R20 265/40R20
mercedes-benz,cla,12,39,2014-2026,225/40R18 235/35R19 225/40R19 245/35R19 235/40R18 255/35R19
volkswagen,jetta-gli,14,39,2012-2026,195/65R15 205/55R16 205/50R17 205/60R16 205/55R17 225/45R18
buick,regal,22,38,1990-2017,205/70R15 225/60R16 215/70R15 245/40R19 235/50R17 255/35R20
pontiac,grand-prix,18,38,1990-2008,215/65R15 195/75R14 205/65R15 215/60R16 245/50R16 215/60R15
subaru,impreza,22,38,1993-2015,165/80R13 175/70R14 185/70R14 205/60R15 195/60R15 225/45R17
bmw,2-series,12,37,2014-2026,205/50R17 245/35R18 235/35R19 225/40R19 225/45R18 255/40R18
chevrolet,silverado-1500,20,37,1999-2026,235/75R16 255/70R16 245/75R16 235/75R15 245/70R17 265/70R17
ford,ranger,21,37,1990-2026,215/70R14 235/75R15 265/75R15 245/75R16 31X10.50R15 235/70R16
chevrolet,colorado,11,36,2004-2024,205/75R15 225/75R15 265/75R15 235/50R17 235/50R18 265/70R17
ford,mustang-mach-1,7,35,2003-2023,225/55R16 235/50R18 265/35R20 275/40R19 305/35R19 235/55R17
mercedes,s-class-coupe,6,35,2015-2021,255/40R20 285/35R20 245/50R18 245/45R19 275/40R19 245/40R20
mercedes-benz,sl-class,14,35,2002-2016,245/45R17 245/40R18 275/35R18 255/40R18 285/35R18 255/45R17
toyota,corolla,23,35,1990-2019,185/70R13 185/60R14 175/70R13 155/80R13 175/65R14 185/65R15
audi,a4,24,34,1999-2025,205/60R15 205/65R15 215/55R16 255/35R19 245/45R17 235/45R17
bmw,m5,13,34,2000-2016,245/40R18 275/35R18 255/40R19 285/35R19 265/40R19 295/35R19
chevrolet,silverado-3500hd,25,34,2001-2026,225/75R16 215/85R16 225/75R17 265/75R16 235/80R17 235/80R18
mercedes,gla-class,10,34,2015-2026,235/40R20 235/55R18 235/50R19 235/45R20 255/40R20 255/35R21
cadillac,ct5-v,7,33,2020-2026,245/45R18 255/35R20 245/40R19 275/35R19 305/30R19 285/35R19
gmc,sierra-3500hd,25,33,2001-2026,225/75R16 215/85R16 225/75R17 265/75R16 235/80R17 235/80R18
jaguar,f-type,7,33,2014-2024,255/35R20 295/30R20 275/40R18 245/40R19 275/35R19 265/35R20
mercedes,m-class,16,33,2000-2015,255/65R16 285/50R18 275/55R17 255/60R17 235/65R17 255/50R19
mercedes,s-class-amg,20,33,2001-2021,245/45R18 275/40R18 265/40R18 245/40R19 275/35R19 255/35R20
mercedes-benz,gla,11,33,2015-2026,235/45R19 235/40R20 235/50R19 235/45R20 255/40R20 255/35R21
mercedes-benz,glc,10,33,2016-2026,255/45R20 285/40R20 255/40R21 285/35R21 265/40R21 295/35R21
dodge,grand-caravan,18,32,1996-2013,205/75R14 215/70R15 215/60R17 215/65R15 225/65R16 235/60R16
nissan,pathfinder,22,32,1990-2023,31X10.50R15 235/70R15 245/70R16 245/65R17 265/75R16 245/75R16
porsche,718,8,32,2017-2025,235/35R20 265/35R20 235/45R18 265/45R18
rolls-royce,cullinan,8,32,2019-2026,255/45R22 285/40R22 255/50R21 285/45R21 255/40R23 295/35R23
bmw,4-series,11,31,2014-2026,255/40R18 245/45R18 245/40R19 255/40R19 245/35R20 255/35R20
cadillac,ct4-v,7,31,2020-2026,235/40R18 225/45R17 235/35R19 255/35R18 275/35R18
chevrolet,blazer,14,31,1990-2005,31X10.50R15 225/75R16 265/75R16 245/75R16 235/75R15 205/75R15
chevrolet,s10,10,31,1990-1999,215/65R15 195/75R14 205/75R14 31X10.50R15 235/75R15 235/70R15
chrysler,sebring,15,31,1996-2010,205/65R15 215/55R16 215/50R17 205/55R16 215/65R16 215/55R18
mercedes,cla-class-amg,12,31,2014-2026,235/40R18 235/35R19 245/35R19 255/35R19 245/40R18
ford,f-350,19,30,1990-2026,215/85R16 235/85R16 265/75R16 275/65R20 245/75R17 275/65R18
jaguar,xk,9,30,2007-2015,255/45R18 255/35R20 285/30R20 275/35R19
mercedes,cla,10,30,2014-2025,235/40R18 225/45R18 225/40R19 255/35R19 245/40R18 245/35R19
gmc,canyon,11,29,2004-2019,265/75R15 205/75R15 225/75R15 235/50R17 235/50R18 265/70R17
gmc,yukon,22,29,1992-2026,225/75R16 265/75R16 265/70R16 275/55R20 245/75R16 285/50R20
honda,civic,15,29,1990-2011,175/65R14 165/70R13 185/60R14 175/70R14 175/70R13 185/70R14
volvo,s80,17,29,2000-2016,215/55R16 225/55R16 225/45R17 235/40R18 235/45R17 225/50R17
cadillac,cts,10,28,2003-2019,225/50R17 225/50R18 255/35R19 275/35R18 235/50R18 265/45R18
dodge,ram-1500,15,28,1994-2008,225/75R16 275/60R17 275/70R17 245/70R17 275/55R20 305/40R22
honda,accord,15,28,1990-2017,185/70R14 195/70R14 205/60R16 205/65R15 235/45R18 205/65R16
lincoln,navigator,19,28,1998-2026,245/75R16 255/75R17 275/60R17 255/70R18 275/65R18 275/50R22
lincoln,town-car,22,28,1990-2011,215/70R15 225/70R15 235/60R16 225/70R16 225/60R17
mercedes,cl-class-amg,13,28,2001-2014,245/45R18 275/40R18 265/40R18 245/40R19 275/35R19 255/35R20
mercedes,glc,9,28,2017-2026,285/40R20 265/45R20 295/40R20 265/40R21 295/35R21 235/55R19
mercedes-benz,gls,8,28,2019-2026,285/40R22 275/55R19 285/45R22 325/40R22 275/50R21 315/45R21
mitsubishi,eclipse,16,28,1990-2005,185/70R14 215/55R16 195/70R14 215/50R17 205/55R16 195/65R15
porsche,cayman,9,28,2006-2016,265/35R19 205/55R17 235/50R17 235/35R19 245/35R20 295/30R20
audi,a6,16,27,2000-2026,235/50R16 255/40R17 215/55R16 235/40R18 225/55R17 255/35R21
dodge,dakota,10,27,1990-1999,195/75R15 235/75R15 205/70R15 215/75R15 235/70R15 31X10.50R15
mercedes,cla-class,12,27,2014-2026,235/35R19 225/45R18 225/40R19 255/35R19 245/40R18
mini,clubman,8,27,2016-2024,225/45R17 205/55R16 225/40R18 225/35R19 235/35R19
ram,3500,26,27,1994-2019,215/85R16 235/85R16 235/80R17 285/60R20
volvo,s60,10,27,2001-2013,195/65R15 205/55R16 215/55R16 235/45R17 215/50R17
audi,a7,13,26,2012-2025,255/45R18 265/35R20 255/40R19 245/45R19 255/40R20 255/35R21
chevrolet,s-10,9,26,1991-1999,195/75R14 205/75R14 215/65R15 31X10.50R15 235/70R15 235/55R16
mercedes-benz,glb,7,26,2020-2026,235/50R19 235/45R20 255/35R21 255/40R20
mercedes-benz,m-class,8,26,2008-2015,255/50R19 295/40R20 295/35R21 265/45R20 255/55R18
mercedes-benz,s-class-amg,13,26,2001-2013,245/45R18 275/40R18 265/40R18 245/40R19 275/35R19 255/35R20
mitsubishi,lancer-evolution,12,26,2003-2015,185/65R14 195/60R15 205/50R16 205/60R16 215/45R18
ram,1500,11,26,2000-2018,275/70R17 245/75R16 265/75R16 225/75R16 275/55R20 305/40R22
ram,1500-classic,7,26,2019-2025,275/70R18 275/65R18 285/45R22 325/65R18
rolls-royce,phantom,9,26,2017-2026,255/50R21 285/45R21 285/40R22
subaru,wrx,14,26,2002-2026,195/60R15 215/45R17 205/55R16 205/50R17 225/45R17 195/65R15
audi,r8,12,25,2008-2023,235/35R19 295/30R19 305/30R19 245/30R20
bmw,i4,5,25,2022-2026,225/50R18 245/40R19 255/40R19 255/35R20 285/30R20
bmw,m4,11,25,2015-2026,255/40R18 275/40R18 265/30R20 285/35R19
chevrolet,silverado-3500,14,25,2001-2017,225/75R16 215/85R16 265/75R16 225/75R17 235/80R17 265/70R18
lamborghini,urus,8,24,2019-2026,315/40R21 285/40R22 325/35R22
land rover,range-rover-evoque,14,24,2012-2026,235/55R19 235/50R20 245/45R21
nissan,titan-xd,8,24,2016-2024,275/65R18 265/60R20 245/75R17
audi,tt,19,23,2000-2023,205/55R16 225/40R18 245/45R17 255/35R19 245/35R19
chevrolet,silverado-2500,8,23,2000-2017,225/75R16 245/75R17 265/70R18 265/60R20 275/65R18
jeep,cherokee,14,23,1990-2019,195/75R15 205/75R15 225/70R15 225/60R18 245/65R17
nissan,sentra,18,23,1990-2019,155/80R13 195/55R16 205/60R15 225/45R17 215/45R18
bentley,bentayga,9,22,2017-2026,285/40R22 275/50R20 285/45R21 285/35R23
bmw,8-series,8,22,2019-2026,245/35R20 275/30R20 245/45R18 275/40R18 245/40R19 275/35R19
bmw,x6,11,22,2015-2026,285/35R21 325/30R21 275/35R22 315/30R22
chevrolet,cruze,8,22,2011-2019,225/45R18 215/55R17 195/65R15 205/55R16 225/45R17 225/40R18
chevrolet,malibu,14,22,1997-2015,215/60R15 205/65R15 225/50R18 215/60R16 215/55R17 235/50R18
dodge,charger,11,22,2011-2026,235/55R19 225/60R18 245/55R18 305/35R20 325/35R20
dodge,durango,16,22,1998-2024,31X10.50R15 275/60R17 255/65R16 265/65R17 265/50R20 255/60R18
dodge,ram-2500,14,22,1994-2009,225/75R16 245/75R16 265/75R16 245/70R17 285/70R17
ford,f-250,17,22,1990-2026,235/85R16 215/85R16 265/75R16 275/65R20 245/75R17 275/65R18
ford,flex,10,22,2009-2019,235/60R17 255/45R20 235/55R19 235/60R18
genesis,g80,7,22,2019-2026,275/35R19 245/50R18 245/45R19 275/40R19 245/40R20
gmc,acadia,12,22,2007-2026,255/60R19 255/55R20 245/65R17 255/65R17 265/65R18 275/45R22
lotus,evora,8,22,2010-2021,255/35R19 215/40R18 245/35R19 235/35R19 275/30R20 295/30R20
nissan,titan,17,22,2004-2022,245/75R17 285/70R17 275/70R18 265/60R20
pontiac,grand-am,11,22,1990-2005,205/55R16 195/70R14 185/75R14 195/65R15 205/65R15
rolls-royce,ghost,7,22,2020-2026,255/50R19 255/45R20 285/40R20 285/35R21
toyota,camry,18,22,1990-2024,195/60R15 205/60R16 195/70R14 215/55R17 205/65R16 225/45R18
volkswagen,jetta,17,22,1990-2016,185/55R15 205/50R15 195/60R14 225/40R18 205/50R17
aston martin,vantage,10,21,2008-2023,245/40R19 285/35R19 255/35R21 295/30R21 315/30R21
jaguar,f-pace,5,21,2019-2025,265/40R22 255/60R18 265/45R21 295/40R21 295/35R22
mazda,mx-5-miata,21,21,2000-2026,185/60R14 205/50R16 195/50R16
mercedes,cls-class-amg,15,21,2006-2021,285/30R19 245/35R20 245/40R19 275/35R19
mitsubishi,lancer,14,21,2003-2017,235/45R17 215/45R18 245/40R18
saturn,s-series,12,21,1991-2002,195/60R15 175/70R14 185/65R14 195/65R15 205/65R15
audi,s5,12,20,2013-2025,245/40R18 265/30R20
bentley,flying-spur,6,20,2020-2026,265/40R21 305/35R21 265/45R20 295/40R20
chevrolet,tahoe,16,20,1995-2026,265/75R16 255/70R16 265/60R17 255/70R17 265/70R17 275/55R20
gmc,safari,10,20,1990-1999,215/75R15 245/60R15 235/65R15
gmc,sierra,10,20,1990-1999,275/60R15 225/75R16 265/75R16 255/70R16 245/75R16 235/75R15
isuzu,rodeo,14,20,1991-2004,31X10.50R15 245/70R16 225/70R15 225/75R16 215/70R15 235/75R15
mercedes,gla-class-amg,10,20,2015-2026,235/45R19 235/40R20 235/50R19 255/35R21
nissan,xterra,16,20,2000-2015,265/70R15 255/65R16 265/65R17 265/75R16
ram,1500-trx,5,20,2021-2025,275/65R18 275/55R20 285/45R22 275/70R18
toyota,sequoia,11,20,2001-2022,245/70R16 265/70R16 265/65R17 275/55R20 275/65R18
bmw,m3,14,19,1995-2026,235/40R17 225/45R18 225/40R19 265/30R20 285/35R19
jaguar,xe,3,19,2017-2020,225/50R17 225/40R19 255/35R19 235/35R20 265/30R20 245/40R18
mercedes,glb-class,7,19,2020-2026,235/45R20 255/35R21 255/40R20
mercedes,gle,9,19,2017-2026,285/40R22 325/35R22 315/40R21 285/45R21 325/40R21 275/50R20
mercedes-benz,g-class-amg,14,19,2003-2023,285/55R18 275/55R19 285/45R21 295/40R22
mercedes-benz,slk-class-amg,9,19,2002-2010,225/45R17 245/40R17 225/40R18 245/35R18
volkswagen,beetle,17,19,2001-2019,225/45R17 235/40R19 215/60R16 235/35R20
volvo,xc60,8,19,2019-2026,255/40R21 265/35R22 255/45R20 235/60R18
volvo,xc90,13,19,2003-2026,225/70R16 235/65R17 235/55R19 275/35R22 235/60R18 275/40R21
audi,a5,17,18,2008-2026,255/35R19 265/30R20 235/45R18 245/40R19
bmw,x1,12,18,2013-2026,225/45R18 225/40R19 255/35R19 255/40R18 225/45R19 245/40R20
bmw,x2,8,18,2019-2026,225/45R19 225/40R20 245/45R19 245/35R21 245/40R20
cadillac,ct5,6,18,2020-2026,255/35R20 275/35R19 305/30R19 285/35R19
cadillac,sts-v,4,18,2006-2009,235/50R17 255/45R17 235/50R18 255/45R18 275/40R19
chevrolet,s10-blazer,10,18,1990-1999,31X10.50R15 225/75R16 265/75R16 245/75R16 235/75R15
chrysler,town-country,9,18,2000-2011,215/70R15 215/65R15 215/65R16 235/60R16
jeep,grand-cherokee,14,18,1999-2025,225/75R16 255/45R20 285/40R20 295/45R20 245/70R17
mercury,mountaineer,10,18,1997-2010,225/70R15 235/75R15 255/70R16 245/65R17 255/50R20
pontiac,trans-am,9,18,1991-1999,215/65R15 215/60R16 235/55R16
ford,e-150-econoline,11,17,1990-2007,215/75R15 225/75R15 225/75R16
lexus,gs,17,17,1993-2020,215/60R16 275/35R19
mercedes,slk-class-amg,9,17,2002-2016,225/45R17 245/40R17 235/40R18 255/35R18
ram,2500,15,17,2005-2019,285/70R17 245/70R17 285/60R20
subaru,legacy,12,17,1990-2014,175/70R14 195/60R15 205/60R15 205/60R16 215/50R17 225/50R17
acura,integra,13,16,1990-2026,195/60R14 235/40R18 265/30R19
bentley,continental-gt,6,16,2020-2026,265/40R21 305/35R21 265/45R20 295/40R20
buick,skylark,7,16,1992-1998,195/65R15 205/55R16 195/70R14
chevrolet,c/k-1500,6,16,1990-1995,225/75R15 275/60R15 225/75R16
dodge,caravan,14,16,1990-2007,195/75R15 205/75R14 215/65R15 215/60R17 215/70R15
ford,aerostar,8,16,1990-1997,215/75R14 215/70R14
ford,taurus-sho,10,16,1990-1999,205/70R14 215/70R14 205/65R15 215/60R16
gmc,sonoma,9,16,1991-1999,215/65R15 31X10.50R15 235/70R15 235/55R16 235/75R15
lamborghini,aventador,11,16,2011-2022,335/30R20 255/30R20
maserati,granturismo,11,16,2008-2019,285/40R19 285/35R20
mercedes,g-class-amg,16,16,2003-2025,285/55R18 275/55R19 285/45R21
volkswagen,golf,10,16,1990-2003,195/50R15 175/70R13 205/50R15 195/60R14 225/40R18
volvo,s40,12,16,2000-2011,195/60R15 215/50R16 205/50R17 215/45R18 205/55R16
audi,q7,7,15,2007-2015,275/45R20 265/50R19 235/60R18
cadillac,ats,6,15,2013-2019,225/40R18 255/35R18 275/35R18
chevrolet,astro,10,15,1990-1999,205/75R15 245/60R15 235/65R15
chevrolet,camaro,15,15,1993-2015,215/60R16 245/50R19
chevrolet,caprice,7,15,1990-1996,225/75R15 205/75R15 215/75R15
dodge,journey,11,15,2009-2020,225/70R16 225/55R19
ford,e-150,15,15,2000-2014,235/75R15 235/70R16 225/75R16
ford,edge,15,15,2009-2024,265/40R22 245/60R18 235/60R18
ford,escort,9,15,1990-1999,195/60R15 175/70R14 175/65R14 185/60R14 175/70R13 185/60R15
gmc,c/k-1500,6,15,1990-1995,225/75R15 275/60R15 225/75R16
mazda,mx-5,13,15,2001-2015,205/45R16 205/40R17 205/50R16
mercedes-benz,gle,7,15,2016-2023,265/45R20 285/40R22 325/35R22 325/40R21 295/35R21 275/45R21
mercury,sable,12,15,1990-2009,205/70R14 205/65R15 225/55R16 225/55R18
saturn,vue,9,15,2002-2010,235/65R16 245/50R18 225/60R17
audi,q3,9,14,2016-2026,235/50R18 255/40R19 255/40R20 255/45R19
buick,envision-s,7,14,2020-2026,225/60R18 235/50R19 245/45R20 235/60R18
buick,lacrosse,8,14,2009-2016,235/50R18 245/50R17 245/40R19 245/40R20 225/55R17
mazda,626,7,14,1993-1999,205/55R15 195/65R14 205/60R15 185/70R14
nissan,armada,9,14,2005-2026,285/70R17 265/70R18 275/50R22
pontiac,firebird,12,14,1991-2002,215/60R16 275/40R17
toyota,rav4,12,14,1997-2012,235/60R16 195/80R16 215/70R16
volkswagen,passat,10,14,1990-2013,195/60R14 215/50R15 215/60R16
audi,q5,10,13,2009-2026,235/55R19 255/40R21
audi,rs3,8,13,2017-2026,235/35R19 265/30R19 245/35R19
cadillac,ct4,6,13,2021-2026,235/35R19 255/35R18 275/35R18
chevrolet,corvette,11,13,1993-2016,285/40R17 275/35R18 285/30R19 285/35R19
chevrolet,lumina,10,13,1990-1999,195/75R14 205/65R15 205/70R14 215/65R15
chrysler,town-and-country,12,13,2000-2012,215/70R15 215/65R15 225/65R16 235/60R16
ford,escape,13,13,2001-2019,235/70R16 225/75R15 225/65R17 235/45R19
ford,expedition,10,13,2000-2026,275/60R17 255/70R18 285/45R22 275/60R20 275/50R22 285/40R24
ford,probe,8,13,1990-1997,185/70R14 195/65R14 205/55R15
honda,prelude,8,13,1990-2026,185/70R13 185/70R14 205/55R15 235/40R19
jeep,liberty,7,13,2006-2012,235/65R17 235/70R16 235/60R18 245/50R20
mercedes,g-class,13,13,2003-2025,285/55R18 285/45R21
mercedes-benz,amg-gt,2,13,2018-2020,305/30R20 275/35R19 325/30R20 255/35R19 255/45R19 285/40R19
mercedes-benz,m-class-amg,13,13,2000-2015,285/50R18 295/40R20 265/45R20
toyota,land-cruiser,7,13,1990-2026,235/75R15 31X10.50R15 265/60R20 245/70R18
volvo,xc40,6,13,2020-2026,235/55R18 245/45R20 245/40R21
audi,rs7,8,12,2014-2024,275/30R21 275/35R20 285/30R22 275/35R21
audi,s6,12,12,1995-2020,215/50R15 255/40R18 255/40R19 255/35R20 255/40R20
bmw,i7,4,12,2023-2026,245/50R19 255/40R21 285/35R21
bmw,m6,6,12,2012-2017,265/40R19 295/35R19
bmw,x7,6,12,2019-2025,275/40R22 315/35R22
bmw,z4,8,12,2003-2026,225/50R16 255/40R17 225/45R18 255/40R18 285/30R20
cadillac,xlr-v,4,12,2006-2009,235/50R18 235/45R19 255/40R19
chevrolet,k1500,10,12,1990-1999,245/75R16 265/75R16
chrysler,300,6,12,2005-2010,245/45R20 255/45R20
dodge,ram-3500,10,12,2000-2009,235/85R16 235/80R17 245/70R17
ford,explorer,12,12,1995-2008,225/70R15 255/70R16 235/65R18
geo,prizm,8,12,1990-1997,175/70R13 185/60R14 155/80R13 185/65R14
gmc,suburban,8,12,1992-1999,225/75R16 235/75R15
jeep,patriot,11,12,2007-2017,215/65R17 225/60R17
kia,forte,6,12,2019-2024,195/65R15 225/45R17
kia,sportage,10,12,2005-2016,235/60R16 235/55R17 235/55R18
land rover,discovery,11,12,1996-2017,205/82R16 255/65R16 255/55R18 235/70R17 255/50R20 285/40R22
mercedes,slc-class,3,12,2017-2020,245/40R17 225/40R18 245/35R18 235/40R18
mercedes-benz,cls-class-amg,3,12,2019-2021,245/35R20 275/30R20 245/40R19 275/35R19
mercedes-benz,slc-class,3,12,2017-2020,225/40R18 245/35R18 235/40R18 255/35R18
mitsubishi,3000gt,6,12,1994-1999,225/55R16 245/40R18 225/55R17
toyota,avalon,6,12,2000-2005,205/65R15 205/60R16 215/60R16
toyota,solara,9,12,2000-2008,205/65R15 215/55R17 205/60R16 235/45R18
audi,sq5,11,11,2014-2025,255/40R21
chevrolet,cavalier,10,11,1990-1999,215/60R14 195/60R14 205/60R15 205/55R16
dodge,viper,7,11,1999-2010,275/35R18 335/30R18 295/30R18
ford,taurus,10,11,1990-1999,215/70R14 215/65R15 215/60R16 225/55R16
honda,odyssey,11,11,2008-2019,235/60R17 235/60R18 235/55R19
honda,passport,10,11,1997-2026,225/75R15 235/75R15 215/75R15 225/75R16 265/45R20 275/60R18
hyundai,elantra,11,11,2000-2025,195/60R14 215/45R17 225/40R18 195/65R15
lamborghini,huracan,7,11,2016-2023,305/35R19 235/35R19 295/30R19
mazda,b4000,5,11,1994-1998,225/70R14 215/70R14 215/75R15 225/70R15
mercedes,eqe,3,11,2023-2025,235/50R19 255/40R20 255/35R21 285/30R21 285/35R20
plymouth,voyager,11,11,1990-2000,205/70R15 205/75R14
volkswagen,taos,5,11,2022-2026,225/55R17 225/50R18 225/45R19 215/55R18 235/45R19
bmw,ix,5,10,2022-2026,235/60R20 275/40R22
chevrolet,k2500,10,10,1990-1999,225/75R16
chevrolet,monte-carlo,7,10,1995-2005,215/65R15 205/70R15 235/55R17
chevrolet,suburban-1500,7,10,2000-2006,235/75R15 245/75R16 265/70R16
chrysler,300c,5,10,2006-2010,215/65R17 255/45R20
dodge,colt,4,10,1990-1994,185/70R14 195/60R14 165/80R13 185/70R13 145/80R13 185/65R14
dodge,neon,4,10,1995-1998,165/80R13 185/70R13 175/65R14 185/60R14 175/70R14
dodge,stealth,5,10,1991-1996,225/55R16 205/65R15
gmc,savana-1500,7,10,2000-2006,215/75R15 235/75R15 215/70R15 235/75R16
gmc,terrain,8,10,2010-2026,235/55R18 235/60R17 235/50R20
hyundai,kona,7,10,2020-2026,205/60R16 235/45R19 215/60R17 215/55R18
hyundai,sonata,9,10,2002-2014,205/60R15 215/60R16 225/50R17 225/45R18
infiniti,q60,5,10,2017-2022,255/40R19 265/35R19 255/35R20 275/30R20
lincoln,mkc,4,10,2015-2019,255/40R20 235/50R18 235/45R19
mazda,mpv,9,10,1990-1998,205/75R14 205/70R14 195/75R15 225/70R15
mercedes,m-class-amg,9,10,2000-2011,285/50R18 295/40R20 295/35R21
mercedes-benz,cls,5,10,2019-2023,275/30R20 245/35R20
mercedes-benz,eqe,3,10,2023-2026,235/50R19 255/35R21 285/30R21 265/40R20 295/35R20 265/35R21
suzuki,swift,5,10,1990-1994,155/70R13 175/60R14
tesla,model-x,8,10,2016-2026,275/45R20 255/45R20
toyota,corolla-cross,5,10,2022-2026,215/65R17 225/55R18
toyota,prius-v,10,10,2011-2021,215/45R17
toyota,yaris,9,10,2011-2020,175/65R14 195/50R16 185/60R15 185/65R15
volkswagen,touareg,9,10,2004-2017,255/60R17 275/45R19 275/40R21
audi,rs5,9,9,2013-2025,265/35R19
cadillac,ats-v,3,9,2016-2019,255/35R18 275/35R18 225/40R18
cadillac,ct6,4,9,2016-2020,235/50R18 245/40R20 265/45R18
chevrolet,express-2500,9,9,2000-2008,225/75R16
chrysler,200,6,9,2011-2017,225/50R18 235/45R18 235/40R19
gmc,savana-2500,9,9,2000-2008,225/75R16
lexus,gx,6,9,2020-2026,265/55R19 265/50R22 265/55R20
lincoln,continental,6,9,2000-2020,225/60R16 235/50R18 255/45R19
lincoln,mkt,9,9,2010-2019,235/55R19
plymouth,neon,4,9,1995-1998,165/80R13 185/70R13 175/65R14 175/70R14 185/60R14
saab,9-5,9,9,1999-2011,205/65R16 225/45R17 245/40R19
suzuki,sidekick,9,9,1990-1998,195/75R15
tesla,model-s,3,9,2024-2026,255/45R19 285/40R19 295/30R21
toyota,mirai,9,9,2016-2025,215/55R17 245/45R20
toyota,venza,9,9,2009-2024,245/50R20 225/60R18
acura,nsx,5,8,1997-2001,215/45R16 245/40R17
acura,tl,6,8,1996-2008,205/65R15 205/60R15 235/40R18
alfa romeo,stelvio,4,8,2021-2024,255/40R21 285/35R21
audi,s3,8,8,2015-2024,235/35R19 225/40R18
bmw,xm,4,8,2023-2026,275/40R22 315/35R22
cadillac,escalade-esv,7,8,2005-2026,275/55R20 265/70R17 285/45R22 285/40R24
chevrolet,trailblazer,6,8,2005-2021,235/75R16 255/50R20 215/65R16
dodge,dart,4,8,2013-2016,225/40R18 225/45R17
ford,fiesta,6,8,2011-2019,195/60R15 195/50R16
ford,focus,8,8,2002-2017,215/45R17 235/35R19
gmc,yukon-xl,4,8,2021-2024,265/65R18 275/50R22
honda,hr-v,8,8,2019-2026,225/50R18 225/55R18
hummer,h3,5,8,2006-2010,285/75R16 265/65R18
jeep,compass,8,8,2007-2017,215/65R17 215/65R16
lexus,es,8,8,1990-2017,195/60R15 205/60R16 225/45R18
mazda,mazda6,8,8,2006-2013,215/45R18 205/65R16
mercedes,eqs,5,8,2022-2026,255/45R20 265/35R22
nissan,frontier,5,8,1998-2025,195/75R14 265/70R15 265/70R16 265/65R17 265/70R17
nissan,maxima,4,8,2000-2003,205/65R15 225/50R17 215/55R17
nissan,pickup,8,8,1990-1997,31X10.50R15 215/70R14
nissan,versa,8,8,2009-2017,185/65R14 195/55R16
saab,9-3,5,8,2000-2005,195/60R15 205/50R16 205/65R15 215/55R16
saab,9000,8,8,1990-1998,205/55R15 205/50R16 205/60R15
saturn,ion,5,8,2003-2007,185/70R14 195/60R15
toyota,4runner,8,8,1990-2009,225/75R15 265/60R18
toyota,gr-supra,4,8,2021-2024,255/40R18 275/40R18
toyota,prius-plug-in,4,8,2023-2026,195/60R17 195/50R19
volvo,c40,3,8,2022-2024,235/45R20 255/40R20 255/45R19
volvo,ex90,2,8,2025-2026,255/50R20 265/40R22 285/45R20 295/40R21
audi,allroad,7,7,2003-2016,245/45R18 245/40R19
audi,s8,7,7,2001-2024,245/45R18 265/40R20
bmw,m-coupe,4,7,2000-2003,225/50R16 225/45R17 225/40R18 255/35R18
bmw,m-roadster,4,7,2000-2003,225/50R16 225/45R17 225/40R18 255/35R18
bmw,x3,2,7,2025-2026,255/45R20 285/40R20 285/35R21 255/40R21
bmw,z3,4,7,1996-2002,225/45R17 245/40R17 225/50R16
cadillac,xts,6,7,2013-2019,245/45R19 245/40R20
chevrolet,impala,7,7,2004-2019,235/55R17 235/50R18
chevrolet,trax,6,7,2016-2026,215/55R18 225/60R17 245/45R19
dodge,magnum,4,7,2005-2008,225/60R18 255/45R20
dodge,ram-van-b1500,5,7,1995-1999,205/75R15 235/75R15
fiat,500,7,7,2012-2019,185/55R15
honda,del-sol,4,7,1994-1997,195/60R14 175/70R13
isuzu,amigo,7,7,1990-1999,31X10.50R15 245/70R16 235/75R15
jaguar,x-type,4,7,2002-2008,225/45R17 225/40R18
jaguar,xj,5,7,2000-2004,225/60R16 255/40R18 235/55R17
jaguar,xjs,6,7,1990-1996,235/60R15 225/55R16
jeep,wagoneer,4,7,2022-2025,275/65R18 285/45R22
jeep,wrangler,6,7,2000-2024,205/75R15 225/70R15 315/70R17 255/60R20
land rover,range-rover-velar,3,7,2024-2026,265/40R22 265/45R21 255/50R20
lexus,ls,7,7,1990-2025,205/65R15 225/60R16 275/40R20
lexus,lx,7,7,1998-2026,275/70R16 275/50R21 265/70R18
mazda,3,7,7,2007-2013,215/45R18 225/40R18
mazda,mazda3,7,7,2007-2013,215/45R18 225/40R18
mercury,cougar,3,7,1990-2002,205/70R15 215/70R15 225/60R16 205/60R15 215/50R16
nissan,quest,7,7,1998-2005,225/60R16 215/70R15 215/65R16 225/60R17
oldsmobile,alero,6,7,1999-2004,225/50R16 205/65R15
pontiac,g6,5,7,2006-2010,225/50R18 215/55R17
saturn,l-series,5,7,2001-2005,205/65R15 215/55R16 195/65R15
scion,tc,7,7,2007-2016,205/55R16 215/50R17 235/35R19
scion,xb,7,7,2009-2015,225/45R17
suzuki,grand-vitara,7,7,1999-2005,235/60R16
toyota,tercel,7,7,1990-1998,145/80R13 175/65R14
volvo,850,4,7,1994-1997,205/50R16 205/45R17
audi,e-tron,4,6,2020-2023,265/45R21 265/40R22
audi,q6-e-tron,1,6,2025-2025,235/60R19 255/55R19 255/50R20 285/45R20 235/65R18 255/60R18
audi,sq8,6,6,2020-2025,285/45R21 285/35R23
bmw,i5,3,6,2024-2026,245/40R20 275/35R20
buick,lucerne,3,6,2006-2008,235/55R17 245/50R18
cadillac,ct6-v,2,6,2019-2020,235/50R18 245/45R19 245/40R20
chrysler,lebaron,5,6,1990-1994,205/60R15 205/55R16
chrysler,town-&-country,6,6,1991-2011,195/75R15 205/70R15 215/70R15 235/60R16
dodge,monaco,3,6,1990-1992,205/70R14 195/70R14
fiat,124-spider,3,6,2017-2020,205/45R17 195/50R16
honda,cr-v,6,6,2002-2022,205/70R15 235/55R19
honda,ridgeline,6,6,2009-2014,245/60R18
hummer,h1,6,6,1992-2001,37X12.50R16.5
hyundai,ioniq-5,3,6,2021-2026,205/60R16 195/65R15 225/45R17 205/55R16 235/60R18
hyundai,tucson,6,6,2005-2024,235/60R16 235/55R19
kia,optima,5,6,2006-2010,205/60R16 215/50R17
kia,soul,4,6,2010-2013,195/65R15 205/55R16
lincoln,ls,6,6,2000-2005,215/60R16 225/55R16
lincoln,mkx,6,6,2010-2017,265/40R22 265/40R21
mazda,cx-50,3,6,2024-2026,245/45R20 225/60R18
mercedes,glk-class,6,6,2010-2015,235/45R20
mercedes-benz,glc-class,1,6,2021-2021,255/40R21 285/35R21 265/45R20 295/40R20 265/40R21 295/35R21
mercury,milan,6,6,2006-2011,225/50R17
mitsubishi,eclipse-cross,6,6,2019-2026,215/70R16
mitsubishi,eclipse-spider,3,6,2004-2006,215/50R17 205/55R16 225/50R17 235/45R18
nissan,altima,6,6,2002-2019,205/65R16 225/45R18 235/40R19
nissan,rogue,5,6,2021-2026,235/65R17 255/45R20
plymouth,grand-voyager,5,6,1990-1999,195/75R14 215/70R15 205/75R14
porsche,taycan,3,6,2022-2024,255/40R20 295/35R20
subaru,ascent,6,6,2019-2026,245/50R20
suzuki,sx4,6,6,2008-2013,195/65R15
toyota,celica,4,6,1990-1993,185/70R13 215/50R15
toyota,mr2-spyder,6,6,2000-2005,205/50R15 215/45R16
volkswagen,gli,2,6,2008-2009,205/55R16 225/45R17 225/40R18
volvo,ex40,2,6,2025-2026,235/45R20 255/45R19 255/40R20
volvo,v50,5,6,2005-2011,205/55R16 215/45R18
volvo,v60,5,6,2015-2020,245/35R20 235/45R18 225/50R17
acura,mdx,5,5,2008-2023,275/45R19 245/55R19 255/50R20
acura,rl,5,5,2000-2004,215/60R16 225/55R16
acura,tsx,5,5,2010-2014,235/45R18
aston martin,dbx,5,5,2022-2026,285/35R23
audi,80,3,5,1990-1992,175/70R14 195/60R14
audi,e-tron-s,2,5,2022-2023,255/50R20 285/40R21 285/35R22
audi,rs6,5,5,2003-2024,255/40R18 275/35R21
audi,tt-rs,3,5,2009-2013,225/50R17 245/40R18 255/35R19
buick,encore,5,5,2017-2022,215/55R18
buick,lesabre,5,5,1990-2003,225/75R15 215/70R15
cadillac,fleetwood,5,5,1992-1996,215/75R15 235/75R15
chrysler,cirrus,5,5,1995-1999,195/65R15
ferrari,roma,5,5,2021-2025,245/35R20
ford,e-250-econoline,5,5,1990-2001,215/85R16 245/75R16
ford,escort-zx2,4,5,2000-2003,185/60R15 205/55R15
genesis,g90,5,5,2017-2022,275/40R19
infiniti,q70,5,5,2014-2019,245/40R20
jaguar,xj6,4,5,1990-1993,205/70R15 225/65R15
kia,k5,5,5,2021-2025,205/65R16
lexus,nx,4,5,2015-2021,235/55R18 235/50R19
lincoln,aviator,4,5,2003-2024,245/65R17 255/60R19 275/40R22
lincoln,nautilus,3,5,2021-2025,245/60R18 245/50R20 255/45R22
mazda,cx-9,5,5,2007-2011,245/50R20
mercury,grand-marquis,5,5,1993-2011,225/70R15 225/60R17
oldsmobile,bravada,5,5,2000-2004,235/70R15 255/60R17
plymouth,laser,5,5,1990-1994,185/70R14
pontiac,bonneville,3,5,1990-2005,205/75R14 215/65R15 215/60R16 235/50R18
ram,c/v,3,5,2013-2015,225/65R16 225/65R17
subaru,outback,5,5,2001-2009,205/60R15 225/60R16
volkswagen,cabrio,5,5,1995-1999,195/60R14
audi,90,3,4,1990-1992,195/60R14 175/70R14 205/50R15
audi,a6-e-tron,1,4,2025-2025,225/55R19 245/50R19 235/45R20 265/40R20
audi,q8-sportback-e-tron,1,4,2024-2024,255/50R20 255/55R19 265/45R21 265/40R22
bmw,i8,4,4,2016-2020,215/45R20
cadillac,escalade,4,4,2005-2008,275/55R20 285/45R22
chevrolet,beretta,4,4,1991-1994,185/75R14
chevrolet,c1500,4,4,1990-1993,275/60R15
chrysler,imperial,4,4,1990-1993,195/75R14
chrysler,new-yorker,4,4,1990-1993,195/75R14
chrysler,pacifica,4,4,2005-2008,235/55R19
dodge,challenger,4,4,2017-2023,235/55R19
dodge,dynasty,4,4,1990-1993,195/75R14
ford,bronco-sport,4,4,2021-2024,235/65R17
ford,crown-victoria,4,4,1990-2001,225/70R15 235/55R17
ford,maverick,2,4,2025-2026,225/55R19 235/65R17
ford,thunderbird,2,4,1996-1997,205/70R15 215/70R15
ford,windstar,4,4,1995-1999,215/70R15 205/70R15
genesis,gv80,4,4,2021-2026,265/55R19
geo,metro,4,4,1991-1994,165/65R13
honda,crosstour,4,4,2012-2015,225/60R18
honda,element,4,4,2007-2010,225/55R18
hyundai,santa-fe-sport,4,4,2013-2016,235/65R17
isuzu,trooper,2,4,1990-1991,235/75R15 31X10.50R15
jaguar,e-pace,3,4,2020-2024,235/50R20 245/45R21
jaguar,xf,2,4,2011-2012,245/40R19 245/45R18
land rover,defender,2,4,2025-2026,275/50R22 275/60R20 255/65R19
land rover,defender-90,4,4,1994-1997,265/75R16
land rover,discovery-sport,2,4,2025-2026,235/50R20 245/45R21
lexus,lc,2,4,2022-2023,245/45R20 275/40R20
mercedes,a-class-amg,2,4,2020-2021,235/40R18 235/35R19
mercedes-benz,190e,4,4,1990-1993,185/65R15
mercury,mariner,4,4,2008-2011,225/65R17
mitsubishi,montero,3,4,1990-2000,225/75R15 235/75R15 265/70R15
nissan,240sx,4,4,1995-1998,205/55R16
plymouth,sundance,3,4,1992-1994,195/60R15 205/60R14
subaru,impreza-wrx-sti,1,4,2014-2014,205/50R17 205/55R16 195/65R15 235/45R17
toyota,prius,4,4,2003-2009,175/65R14 195/55R16
toyota,sienna,4,4,2000-2003,215/65R15
toyota,supra,2,4,1997-1998,225/50R16 245/45R16
acura,cl-type-s,3,3,2001-2003,205/60R16
audi,q8,3,3,2019-2026,275/50R20 285/35R23
audi,s4,3,3,1992-1994,215/60R15
buick,envision,3,3,2017-2020,225/60R18
buick,envista,3,3,2024-2026,245/45R19
chevrolet,equinox,3,3,2008-2026,235/50R18 235/50R20
chevrolet,lumina-apv,2,3,1990-1991,205/70R14 195/75R15
dodge,avenger,3,3,1997-1999,215/50R17
dodge,ram-van-b150,1,3,1990-1990,195/75R15 205/75R15 235/75R15
dodge,spirit,3,3,1990-1992,205/60R15
ford,contour,2,3,1998-1999,195/65R14 215/50R16
ford,mustang-mach-e,3,3,2024-2026,235/55R19
geo,storm,3,3,1991-1993,205/50R15
gmc,envoy,3,3,2006-2009,235/75R16 255/50R20
honda,fit,3,3,2007-2013,175/65R14 185/65R15
honda,pilot,3,3,2012-2015,235/60R18
hyundai,santa-fe,3,3,2007-2009,235/70R16
infiniti,qx50,3,3,2014-2017,245/45R19
infiniti,qx60,3,3,2023-2025,255/60R18
jaguar,s-type,3,3,2006-2008,275/35R18
lincoln,corsair,3,3,2020-2023,225/55R19
lincoln,mkz,3,3,2010-2012,225/45R18
mini,countryman,3,3,2011-2015,205/55R17
oldsmobile,silhouette,3,3,1990-1992,195/70R15 205/65R15 205/75R15
plymouth,acclaim,3,3,1990-1994,205/60R15
saab,900,3,3,1990-1994,195/50R16 205/50R16
suzuki,kizashi,3,3,2010-2012,215/60R16
suzuki,samurai,3,3,1991-1993,195/75R15
toyota,86,3,3,2019-2022,215/40R18
toyota,t100,3,3,1994-1996,31X10.50R15
volvo,940,3,3,1991-1995,185/65R15 195/65R15
aston martin,db11,1,2,2023-2023,255/35R21 295/30R21
audi,q8-e-tron,1,2,2024-2024,255/50R20 265/45R21
audi,sq6-e-tron,1,2,2025-2025,255/50R20 285/45R20
bmw,z8,1,2,2003-2003,255/35R20 285/30R20
buick,enclave,2,2,2025-2026,275/45R22
buick,regal-sportback,2,2,2019-2020,225/55R17
cadillac,seville,2,2,1990-1991,215/60R16
chevrolet,express-1500,2,2,1999-2001,215/75R15 215/70R15
chevrolet,express-3500,2,2,1999-2007,245/75R16 225/75R16
chevrolet,g20-van,2,2,1992-1993,225/75R16
dodge,hornet,1,2,2023-2023,225/55R18 215/60R17
dodge,ram-van-b350,1,2,1990-1990,225/75R16 245/75R16
ford,e-350-econoline,2,2,1990-1991,235/85R16
gmc,jimmy,2,2,1990-1991,31X10.50R15
gmc,sierra-3500,2,2,2005-2006,215/85R16
honda,s2000,2,2,2008-2009,255/40R17
hyundai,palisade,1,2,2026-2026,265/45R21 255/50R20
hyundai,tiburon,1,2,2000-2000,195/60R14 195/55R16
hyundai,tiburon-turbulence,1,2,2000-2000,195/60R14 195/55R16
infiniti,i30,2,2,1996-1997,215/60R15
infiniti,q45,2,2,1997-1999,215/65R15 225/50R17
land rover,range-rover-sport,2,2,2025-2026,305/40R22
lexus,rx,2,2,2023-2026,235/60R19
mercedes-benz,cls-class,1,2,2023-2023,245/35R20 275/30R20
nissan,kicks,2,2,2025-2026,225/45R19
nissan,murano,2,2,2025-2026,255/50R21
oldsmobile,88,1,2,1990-1990,215/65R15 205/70R15
oldsmobile,cutlass-supreme,2,2,1991-1995,225/60R16 205/60R15
plymouth,prowler,2,2,1997-1999,295/40R20
pontiac,gto,2,2,2005-2006,245/45R17
subaru,forester,2,2,2025-2026,235/50R19
suzuki,vitara,1,2,1999-1999,195/75R15 205/75R15
suzuki,x-90,2,2,1996-1997,195/65R15
toyota,fj-cruiser,1,2,2007-2007,285/50R20 285/60R18
toyota,grand-highlander,2,2,2024-2025,255/65R18
toyota,mr2,1,2,2000-2000,185/55R15 205/50R15
toyota,prius-prime,2,2,2023-2024,195/50R19
toyota,rav4-hybrid,1,2,2025-2025,225/65R17 225/60R18
volkswagen,arteon-sr,1,2,2023-2023,245/45R18 245/35R20
volkswagen,atlas-cross-sport,1,2,2026-2026,245/60R18 265/45R21
volkswagen,id.4,1,2,2024-2024,235/50R20 255/45R20
volkswagen,tiguan,2,2,2021-2023,235/50R19
volvo,s70,1,2,2000-2000,195/60R15 195/65R15
volvo,v90,2,2,2019-2021,255/35R20
acura,rsx,1,1,2006-2006,225/45R17
acura,zdx,1,1,2024-2024,265/50R20
audi,s6-e-tron,1,1,2025-2025,245/40R21
bmw,x5,1,1,2024-2024,295/35R21
buick,rainier,1,1,2004-2004,255/60R17
cadillac,allante,1,1,1993-1993,225/60R16
cadillac,catera,1,1,1999-1999,235/45R17
cadillac,deville,1,1,1993-1993,205/70R15
chevrolet,suburban-2500,1,1,2007-2007,275/55R20
ford,excursion,1,1,2005-2005,275/65R18
genesis,gv70,1,1,2023-2023,235/60R18
honda,prologue,1,1,2026-2026,255/60R19
hyundai,xg300,1,1,2001-2001,205/65R15
infiniti,qx70,1,1,2014-2014,265/60R18
jeep,wrangler-jk,1,1,2018-2018,285/70R17
kia,sorento,1,1,2014-2014,235/55R19
lincoln,mark-vii,1,1,1990-1990,215/70R15
mazda,b3000,1,1,1998-1998,215/75R15
mitsubishi,mirage,1,1,2000-2000,175/70R13
subaru,svx,1,1,1997-1997,215/55R16
subaru,wrx-sti,1,1,2019-2019,265/35R19
tesla,cybertruck,1,1,2026-2026,285/70R18
tesla,model-y,1,1,2026-2026,235/55R18
volvo,s90,1,1,2023-2023,245/40R20
