make,model,rows,match,partial,mismatch,our_empty,usaf_missing_ymm,bad,bad_pct
porsche,911,246,25,213,8,0,0,221,89.8
ram,3500,332,134,74,124,0,0,198,59.6
nissan,titan,257,38,164,31,0,24,195,75.9
ford,expedition,211,43,160,8,0,0,168,79.6
mercedes,c-class,190,24,95,71,0,0,166,87.4
jeep,grand-cherokee,413,259,68,86,0,0,154,37.3
mercedes,e-class,177,21,60,92,0,4,152,85.9
bmw,3-series,186,35,100,51,0,0,151,81.2
mercedes-benz,e-class,230,75,47,104,0,4,151,65.7
bmw,5-series,179,29,84,64,0,2,148,82.7
mercedes-benz,s-class,213,69,46,96,0,2,142,66.7
chevrolet,express-3500,139,0,138,1,0,0,139,100
gmc,savana-3500,135,0,135,0,0,0,135,100
gmc,sierra-2500hd,154,20,85,49,0,0,134,87
subaru,forester,203,69,134,0,0,0,134,66
subaru,outback,236,70,131,0,0,35,131,55.5
lexus,es,180,46,109,20,0,5,129,71.7
subaru,impreza,141,16,123,2,0,0,125,88.7
porsche,boxster,145,15,85,40,0,5,125,86.2
kia,sportage,155,32,120,1,0,2,121,78.1
gmc,sierra-3500hd,130,12,106,12,0,0,118,90.8
chevrolet,silverado-2500hd,145,29,75,41,0,0,116,80
mitsubishi,eclipse,115,0,115,0,0,0,115,100
chevrolet,express-2500,112,0,96,16,0,0,112,100
mitsubishi,lancer,112,0,112,0,0,0,112,100
porsche,panamera,128,16,112,0,0,0,112,87.5
hyundai,tucson,136,23,112,0,0,1,112,82.4
chevrolet,colorado,138,14,96,16,0,12,112,81.2
volvo,s60,120,10,110,0,0,0,110,91.7
gmc,savana-2500,108,0,88,20,0,0,108,100
dodge,grand-caravan,107,0,107,0,0,0,107,100
hyundai,sonata,183,77,106,0,0,0,106,57.9
lincoln,town-car,104,0,34,70,0,0,104,100
chevrolet,silverado-3500hd,120,16,93,11,0,0,104,86.7
ford,ranger,153,38,96,8,0,11,104,68
volkswagen,jetta,171,67,103,1,0,0,104,60.8
lexus,rx,162,59,103,0,0,0,103,63.6
audi,q5,106,3,102,0,0,1,102,96.2
lexus,gx,139,36,102,0,0,1,102,73.4
nissan,armada,109,4,100,0,0,5,100,91.7
lincoln,navigator,124,24,64,36,0,0,100,80.6
porsche,cayenne,170,64,77,21,0,8,98,57.6
dodge,charger,134,36,97,0,0,1,97,72.4
hyundai,santa-fe,154,56,97,0,0,1,97,63
subaru,legacy,160,63,97,0,0,0,97,60.6
volvo,xc90,115,19,96,0,0,0,96,83.5
mercedes,s-class,138,37,63,32,0,6,95,68.8
bmw,x5,110,16,94,0,0,0,94,85.5
gmc,acadia,119,24,94,0,0,1,94,79
ram,2500,312,219,59,34,0,0,93,29.8
bmw,x3,96,4,92,0,0,0,92,95.8
nissan,pathfinder,140,43,92,0,0,5,92,65.7
chevrolet,malibu,151,56,75,15,0,5,90,59.6
mini,cooper,152,62,90,0,0,0,90,59.2
dodge,challenger,157,60,84,4,0,9,88,56.1
mercedes-benz,c-class,240,153,15,72,0,0,87,36.3
gmc,yukon,217,131,67,19,0,0,86,39.6
audi,q7,100,10,85,0,0,5,85,85
subaru,wrx,203,118,65,20,0,0,85,41.9
gmc,canyon,106,22,60,24,0,0,84,79.2
jeep,compass,130,46,84,0,0,0,84,64.6
land rover,range-rover,154,70,24,60,0,0,84,54.5
mitsubishi,galant,95,14,81,0,0,0,81,85.3
lexus,lx,110,25,70,10,0,5,80,72.7
lexus,is,135,45,65,15,0,10,80,59.3
buick,lacrosse,139,52,56,24,0,7,80,57.6
ram,1500,210,131,60,19,0,0,79,37.6
land rover,discovery,116,40,70,6,0,0,76,65.5
jaguar,xf,90,8,75,0,0,7,75,83.3
audi,a6,106,31,32,43,0,0,75,70.8
jaguar,xj,154,67,30,45,0,12,75,48.7
jeep,wrangler,155,80,73,1,0,1,74,47.7
ford,explorer,285,214,59,12,0,0,71,24.9
mercedes-benz,gle,106,31,16,54,0,5,70,66
cadillac,escalade,166,84,62,8,6,6,70,42.2
nissan,altima,166,96,69,1,0,0,70,42.2
cadillac,cts,102,33,54,15,0,0,69,67.6
volkswagen,passat,120,51,60,8,0,1,68,56.7
toyota,land-cruiser,77,5,56,11,0,5,67,87
audi,a4,101,30,41,26,0,4,67,66.3
honda,pilot,177,110,29,38,0,0,67,37.9
land rover,range-rover-evoque,75,8,66,0,0,1,66,88
volvo,xc60,85,19,66,0,0,0,66,77.6
volkswagen,tiguan,114,48,66,0,0,0,66,57.9
nissan,versa,80,12,64,0,0,4,64,80
gmc,sierra-1500,181,117,63,1,0,0,64,35.4
ford,e-150,60,0,0,60,0,0,60,100
gmc,savana-1500,60,0,36,24,0,0,60,100
lincoln,mkz,78,13,60,0,0,5,60,76.9
nissan,xterra,96,36,60,0,0,0,60,62.5
cadillac,escalade-esv,142,82,51,9,0,0,60,42.3
dodge,ram-2500,59,0,32,27,0,0,59,100
dodge,ram-3500,59,0,32,27,0,0,59,100
mercedes,glc,58,0,58,0,0,0,58,100
chevrolet,express-1500,102,44,4,54,0,0,58,56.9
ford,f-250,164,103,36,21,0,4,57,34.8
toyota,rav4,285,228,24,33,0,0,57,20
nissan,sentra,115,59,56,0,0,0,56,48.7
mercedes,gle,55,0,54,1,0,0,55,100
lincoln,mkx,60,4,55,0,0,1,55,91.7
toyota,tacoma,315,261,8,46,0,0,54,17.1
ford,escape,178,124,44,9,0,1,53,29.8
lincoln,aviator,50,0,35,15,0,0,50,100
gmc,terrain,103,52,44,6,0,1,50,48.5
mercedes,amg-gt,78,21,14,35,0,8,49,62.8
ford,f-350,159,110,29,20,0,0,49,30.8
alfa romeo,giulia,52,4,48,0,0,0,48,92.3
chevrolet,impala,95,47,48,0,0,0,48,50.5
mini,clubman,106,0,0,48,0,58,48,45.3
buick,enclave,125,76,32,16,0,1,48,38.4
bmw,7-series,89,42,31,16,0,0,47,52.8
ford,f-150,252,205,9,38,0,0,47,18.7
honda,civic,275,228,24,23,0,0,47,17.1
gmc,safari,49,3,26,20,0,0,46,93.9
bmw,m3,80,17,45,1,0,17,46,57.5
volkswagen,golf,115,37,44,2,0,32,46,40
genesis,g80,48,3,45,0,0,0,45,93.8
infiniti,qx60,66,11,45,0,0,10,45,68.2
mitsubishi,outlander,120,70,45,0,0,5,45,37.5
nissan,rogue,99,55,36,8,0,0,44,44.4
lexus,gs,120,72,19,25,0,4,44,36.7
subaru,ascent,48,5,43,0,0,0,43,89.6
alfa romeo,stelvio,47,5,42,0,0,0,42,89.4
jaguar,f-pace,65,21,42,0,0,2,42,64.6
infiniti,qx50,108,24,42,0,0,42,42,38.9
honda,accord,197,155,22,20,0,0,42,21.3
kia,forte,83,33,40,0,0,10,40,48.2
volkswagen,gti,116,43,40,0,0,33,40,34.5
mercedes,cla,39,0,39,0,0,0,39,100
mercury,grand-marquis,55,16,29,10,0,0,39,70.9
mercedes-benz,gla,78,39,0,39,0,0,39,50
ford,mustang,134,95,19,20,0,0,39,29.1
lexus,ls,144,101,17,22,0,4,39,27.1
bmw,x6,67,29,38,0,0,0,38,56.7
mercedes,gls,36,0,36,0,0,0,36,100
volkswagen,id.4,36,0,36,0,0,0,36,100
genesis,g90,38,2,36,0,0,0,36,94.7
mini,countryman,90,42,36,0,0,12,36,40
infiniti,q60,44,6,35,0,0,3,35,79.5
porsche,macan,60,24,25,10,0,1,35,58.3
infiniti,q50,69,24,35,0,0,10,35,50.7
mercedes-benz,cla,86,51,0,35,0,0,35,40.7
nissan,murano,116,80,35,0,0,1,35,30.2
kia,sorento,134,91,35,0,0,8,35,26.1
bmw,m5,76,24,0,34,0,18,34,44.7
acura,tl,83,50,31,2,0,0,33,39.8
toyota,tundra,174,141,0,33,0,0,33,19
nissan,titan-xd,37,5,0,32,0,0,32,86.5
toyota,sequoia,124,92,10,22,0,0,32,25.8
pontiac,grand-prix,31,0,30,1,0,0,31,100
audi,s4,80,39,28,3,0,10,31,38.8
acura,rdx,97,65,5,26,0,1,31,32
lincoln,continental,42,12,15,15,0,0,30,71.4
kia,soul,99,63,30,0,0,6,30,30.3
acura,mdx,159,123,20,10,0,6,30,18.9
honda,cr-v,177,147,12,18,0,0,30,16.9
audi,a8,37,8,6,23,0,0,29,78.4
buick,regal,63,22,11,18,0,12,29,46
lincoln,nautilus,28,0,28,0,0,0,28,100
chevrolet,corvette,161,133,28,0,0,0,28,17.4
chevrolet,suburban-2500,28,1,15,12,0,0,27,96.4
honda,passport,46,19,24,3,0,0,27,58.7
mazda,cx-5,89,60,27,0,0,2,27,30.3
chevrolet,tahoe,248,200,22,5,0,21,27,10.9
chevrolet,astro,29,3,26,0,0,0,26,89.7
chrysler,town-and-country,35,9,18,8,0,0,26,74.3
honda,hr-v,54,28,22,4,0,0,26,48.1
jeep,renegade,69,28,26,0,0,15,26,37.7
mercedes-benz,glc,74,48,8,18,0,0,26,35.1
chevrolet,silverado-2500,25,0,18,7,0,0,25,100
genesis,gv70,25,0,25,0,0,0,25,100
mazda,mazda3,53,27,25,0,0,1,25,47.2
mazda,3,59,33,25,0,0,1,25,42.4
ford,edge,67,42,25,0,0,0,25,37.3
chevrolet,silverado-1500,173,148,11,14,0,0,25,14.5
scion,xb,33,9,24,0,0,0,24,72.7
dodge,caravan,34,10,21,3,0,0,24,70.6
scion,tc,36,12,24,0,0,0,24,66.7
bmw,x6-m,40,16,0,24,0,0,24,60
acura,tsx,45,20,24,0,0,1,24,53.3
acura,ilx,49,24,3,21,0,1,24,49
chrysler,town-&-country,72,48,11,13,0,0,24,33.3
infiniti,qx80,89,25,24,0,0,40,24,27
toyota,camry,202,178,0,24,0,0,24,11.9
mercedes,g-class,25,0,23,0,0,2,23,92
dodge,durango,35,11,23,0,0,1,23,65.7
mercedes-benz,sl-class,73,49,18,5,0,1,23,31.5
bmw,z4,88,63,20,3,0,2,23,26.1
chevrolet,silverado-3500,24,0,12,10,0,2,22,91.7
lexus,nx,66,44,22,0,0,0,22,33.3
chevrolet,suburban,69,39,17,5,8,0,22,31.9
hyundai,elantra,116,94,20,2,0,0,22,19
mercedes,e-class-amg,23,0,20,1,0,2,21,91.3
mercedes-benz,e-class-amg,23,0,0,21,0,2,21,91.3
ford,e-150-econoline,25,4,20,1,0,0,21,84
mercedes,g-class-amg,25,0,12,9,0,4,21,84
bmw,x5-m,31,10,0,21,0,0,21,67.7
buick,encore-gx,37,16,17,4,0,0,21,56.8
toyota,corolla,172,151,0,21,0,0,21,12.2
mercedes,s-class-amg,24,0,7,13,0,4,20,83.3
chevrolet,suburban-1500,54,34,18,2,0,0,20,37
chevrolet,trailblazer,59,31,17,3,0,8,20,33.9
nissan,leaf,63,39,20,0,0,4,20,31.7
chevrolet,blazer,77,57,17,3,0,0,20,26
land rover,range-rover-sport,146,125,3,17,0,1,20,13.7
mercedes,sl-class,20,0,15,4,0,1,19,95
aston martin,vantage,21,0,15,4,0,2,19,90.5
mercedes,sl-class-amg,22,0,11,8,0,3,19,86.4
volkswagen,beetle,25,5,19,0,0,1,19,76
tesla,model-s,39,20,19,0,0,0,19,48.7
kia,telluride,43,16,19,0,0,8,19,44.2
chevrolet,traverse,109,90,19,0,0,0,19,17.4
genesis,gv80,18,0,18,0,0,0,18,100
mercury,sable,18,0,8,10,0,0,18,100
buick,lesabre,21,3,18,0,0,0,18,85.7
mercedes,c-class-amg,25,7,6,12,0,0,18,72
audi,a3,40,6,18,0,0,16,18,45
hyundai,kona,45,26,10,8,0,1,18,40
dodge,ram-1500,83,65,2,16,0,0,18,21.7
mercedes,slk-class,17,0,16,1,0,0,17,100
mercedes,cls-class,20,0,17,0,0,3,17,85
audi,tt,23,5,17,0,0,1,17,73.9
ford,e-250-econoline,25,8,14,3,0,0,17,68
tesla,model-3,26,9,17,0,0,0,17,65.4
jaguar,e-pace,31,12,17,0,0,2,17,54.8
land rover,defender,67,32,17,0,0,18,17,25.4
chevrolet,equinox,110,93,16,1,0,0,17,15.5
nissan,z,16,0,16,0,0,0,16,100
toyota,celica,16,0,16,0,0,0,16,100
toyota,prius-v,16,0,10,6,0,0,16,100
ford,explorer-sport-trac,18,2,7,9,0,0,16,88.9
nissan,quest,24,7,16,0,0,1,16,66.7
genesis,g70,32,16,16,0,0,0,16,50
chevrolet,camaro,164,148,1,15,0,0,16,9.8
chrysler,300,166,134,14,2,0,16,16,9.6
mercedes,m-class,16,1,8,7,0,0,15,93.8
mercedes,cls-class-amg,20,0,15,0,0,5,15,75
audi,s8,25,4,12,3,0,6,15,60
mazda,mazda5,30,12,15,0,0,3,15,50
bmw,6-series,32,13,0,15,0,4,15,46.9
audi,q3,37,22,7,8,0,0,15,40.5
subaru,brz,57,37,8,7,0,5,15,26.3
jaguar,xe,72,22,15,0,0,35,15,20.8
mazda,mx-5-miata,84,69,5,10,0,0,15,17.9
isuzu,rodeo,14,0,11,3,0,0,14,100
mercedes,e-class-cabriolet,14,0,8,6,0,0,14,100
mercedes,e-class-coupe,14,0,8,6,0,0,14,100
mercury,mountaineer,14,0,9,5,0,0,14,100
mercedes-benz,eqe,16,2,5,9,0,0,14,87.5
mercedes,slk-class-amg,17,0,6,8,0,3,14,82.4
toyota,prius-prime,17,3,7,7,0,0,14,82.4
maserati,granturismo,27,2,14,0,0,11,14,51.9
mercedes-benz,cls,33,19,0,14,0,0,14,42.4
buick,envision,53,37,1,13,0,2,14,26.4
volkswagen,atlas,64,50,14,0,0,0,14,21.9
acura,tlx,76,50,8,6,0,12,14,18.4
ram,1500-classic,13,0,7,6,0,0,13,100
bmw,4-series,14,0,13,0,0,1,13,92.9
chevrolet,caprice,14,0,13,0,0,1,13,92.9
mercedes,cl-class-amg,14,0,7,6,0,1,13,92.9
saab,9-3,15,0,13,0,0,2,13,86.7
saab,9-5,15,0,13,0,0,2,13,86.7
suzuki,grand-vitara,15,2,6,7,0,0,13,86.7
mercedes,m-class-amg,16,0,6,7,0,3,13,81.3
pontiac,firebird,16,3,13,0,0,0,13,81.3
chrysler,town-country,17,4,5,8,0,0,13,76.5
pontiac,grand-am,18,5,13,0,0,0,13,72.2
mercedes-benz,s-class-amg,24,7,0,13,0,4,13,54.2
mazda,mx-5,27,14,10,3,0,0,13,48.1
kia,optima,46,33,8,5,0,0,13,28.3
mercedes,cla-class-amg,13,0,0,12,0,1,12,92.3
ram,promaster-1500,13,0,12,0,0,1,12,92.3
audi,r8,16,0,5,7,0,4,12,75
gmc,envoy,24,12,12,0,0,0,12,50
audi,s6,29,9,12,0,0,8,12,41.4
chevrolet,cruze,38,26,0,12,0,0,12,31.6
volvo,s90,38,25,12,0,0,1,12,31.6
mercedes-benz,g-class,59,37,0,12,0,10,12,20.3
mazda,mazda6,84,72,1,11,0,0,12,14.3
toyota,4runner,163,151,9,3,0,0,12,7.4
mercedes,gla-class,13,0,5,6,0,2,11,84.6
volvo,s40,13,1,8,3,0,1,11,84.6
bmw,4-series-gran-coupe,16,2,0,11,0,3,11,68.8
acura,rl,18,6,6,5,0,1,11,61.1
volvo,v90,21,4,11,0,0,6,11,52.4
toyota,yaris,23,5,11,0,0,7,11,47.8
ford,crown-victoria,26,15,3,8,0,0,11,42.3
mazda,cx-9,64,37,11,0,0,16,11,17.2
chevrolet,avalanche-2500,10,0,5,5,0,0,10,100
chevrolet,c2500,10,0,10,0,0,0,10,100
chevrolet,k2500,10,0,10,0,0,0,10,100
chevrolet,s10-blazer,10,0,7,3,0,0,10,100
ford,transit,10,0,10,0,0,0,10,100
mazda,626,10,0,3,7,0,0,10,100
mercedes,gle-class-coupe,10,0,1,9,0,0,10,100
suzuki,swift,10,0,5,5,0,0,10,100
chevrolet,s10,11,1,10,0,0,0,10,90.9
toyota,mirai,11,1,6,4,0,0,10,90.9
mercedes,gla-class-amg,12,0,6,4,0,2,10,83.3
maserati,quattroporte,13,3,10,0,0,0,10,76.9
chrysler,sebring,16,6,10,0,0,0,10,62.5
volvo,s80,18,8,10,0,0,0,10,55.6
lexus,rc-f,21,11,10,0,0,0,10,47.6
chrysler,300c,23,13,4,6,0,0,10,43.5
jaguar,f-type,24,5,10,0,0,9,10,41.7
toyota,fj-cruiser,26,8,10,0,0,8,10,38.5
mercedes-benz,gls,34,24,0,10,0,0,10,29.4
honda,insight,39,28,2,8,0,1,10,25.6
kia,niro,52,42,10,0,0,0,10,19.2
honda,element,9,0,9,0,0,0,9,100
jaguar,xk,9,0,9,0,0,0,9,100
saab,900,9,0,9,0,0,0,9,100
saab,9000,9,0,9,0,0,0,9,100
saturn,sl,9,0,9,0,0,0,9,100
lamborghini,huracan,10,0,9,0,0,1,9,90
plymouth,grand-voyager,10,1,9,0,0,0,9,90
toyota,tercel,10,0,5,4,0,1,9,90
rolls-royce,phantom,11,2,8,1,0,0,9,81.8
lincoln,mkt,12,2,9,0,0,1,9,75
bmw,2-series,13,3,9,0,0,1,9,69.2
cadillac,xt5,13,4,9,0,0,0,9,69.2
maserati,ghibli,13,3,9,0,0,1,9,69.2
audi,a7,15,4,0,9,0,2,9,60
mercedes-benz,slk-class-amg,15,5,0,9,0,1,9,60
bentley,bentayga,16,6,0,9,0,1,9,56.3
bmw,8-series,16,7,0,9,0,0,9,56.3
pontiac,trans-am,17,8,9,0,0,0,9,52.9
mercedes-benz,g-class-amg,21,10,0,9,0,2,9,42.9
mitsubishi,montero,23,0,7,2,0,14,9,39.1
bmw,x4,32,21,9,0,0,2,9,28.1
hyundai,palisade,42,33,6,3,0,0,9,21.4
toyota,supra,62,52,3,6,0,1,9,14.5
honda,odyssey,72,63,9,0,0,0,9,12.5
jeep,gladiator,75,65,9,0,0,1,9,12
bmw,x7,8,0,8,0,0,0,8,100
ford,aerostar,8,0,0,8,0,0,8,100
mercedes-benz,m-class,8,0,0,8,0,0,8,100
rolls-royce,cullinan,8,0,0,8,0,0,8,100
ford,club-wagon-e-150,10,2,8,0,0,0,8,80
gmc,suburban,10,0,8,0,0,2,8,80
chevrolet,volt,11,2,8,0,0,1,8,72.7
geo,metro,12,0,8,0,0,4,8,66.7
geo,prizm,13,0,5,3,0,5,8,61.5
mercedes,cla-class,13,4,8,0,0,1,8,61.5
mercedes-benz,e-class-coupe,13,5,1,7,0,0,8,61.5
ford,flex,14,5,8,0,0,1,8,57.1
honda,prelude,14,5,2,6,0,1,8,57.1
lotus,evora,14,2,6,2,0,4,8,57.1
volkswagen,jetta-gli,14,6,0,8,0,0,8,57.1
volkswagen,touareg,14,6,8,0,0,0,8,57.1
mercedes,cl-class,15,7,1,7,0,0,8,53.3
mercedes-benz,eqs,20,12,8,0,0,0,8,40
land rover,range-rover-velar,22,12,8,0,0,2,8,36.4
chevrolet,trax,25,14,3,5,0,3,8,32
ford,mustang-shelby-gt500,27,19,4,4,0,0,8,29.6
land rover,discovery-sport,27,18,8,0,0,1,8,29.6
bmw,x1,46,38,0,8,0,0,8,17.4
mitsubishi,lancer-evolution,48,40,4,4,0,0,8,16.7
jeep,cherokee,80,60,8,0,0,12,8,10
buick,envision-s,7,0,0,7,0,0,7,100
buick,skylark,7,0,3,4,0,0,7,100
cadillac,ct4-v,7,0,0,7,0,0,7,100
cadillac,ct5-v,7,0,0,7,0,0,7,100
chevrolet,beretta,7,0,7,0,0,0,7,100
chevrolet,corsica,7,0,7,0,0,0,7,100
chevrolet,lumina-apv,7,0,6,1,0,0,7,100
chrysler,new-yorker,7,0,3,4,0,0,7,100
hummer,h2,7,0,7,0,0,0,7,100
jaguar,xjs,7,0,2,5,0,0,7,100
lincoln,ls,7,0,7,0,0,0,7,100
mercury,mariner,7,0,7,0,0,0,7,100
pontiac,bonneville,7,0,6,1,0,0,7,100
bentley,continental-gt,8,0,7,0,0,1,7,87.5
volvo,v50,9,0,7,0,0,2,7,77.8
rolls-royce,ghost,11,4,7,0,0,0,7,63.6
bentley,flying-spur,12,4,7,0,0,1,7,58.3
mercedes-benz,e-class-cabriolet,12,5,1,6,0,0,7,58.3
mitsubishi,eclipse-cross,13,4,7,0,0,2,7,53.8
volvo,v60,14,6,7,0,0,1,7,50
fiat,500x,17,8,7,0,0,2,7,41.2
nissan,frontier,20,13,7,0,0,0,7,35
mercedes-benz,glb,21,14,0,7,0,0,7,33.3
acura,nsx,23,14,4,3,0,2,7,30.4
ford,taurus,39,26,7,0,0,6,7,17.9
jeep,liberty,55,48,4,3,0,0,7,12.7
buick,lucerne,6,0,6,0,0,0,6,100
buick,rendezvous,6,0,6,0,0,0,6,100
cadillac,xt6,6,0,6,0,0,0,6,100
chevrolet,g10-van,6,0,6,0,0,0,6,100
chevrolet,g30-van,6,0,5,1,0,0,6,100
chrysler,lebaron,6,0,6,0,0,0,6,100
gmc,sierra-3500,6,0,6,0,0,0,6,100
mercedes,s-class-coupe,6,0,6,0,0,0,6,100
mercedes-benz,s-class-coupe,6,0,1,5,0,0,6,100
mercury,milan,6,0,6,0,0,0,6,100
oldsmobile,alero,6,0,6,0,0,0,6,100
pontiac,g6,6,0,6,0,0,0,6,100
toyota,echo,6,0,6,0,0,0,6,100
aston martin,dbx,7,0,6,0,0,1,6,85.7
dodge,caliber,7,0,6,0,0,1,6,85.7
lincoln,corsair,7,0,6,0,0,1,6,85.7
mercedes,glk-class,8,0,6,0,0,2,6,75
aston martin,db11,9,1,6,0,0,2,6,66.7
jaguar,s-type,9,3,6,0,0,0,6,66.7
lucid,air,9,3,6,0,0,0,6,66.7
suzuki,sidekick,9,3,6,0,0,0,6,66.7
audi,rs3,11,4,1,5,0,1,6,54.5
cadillac,xts,11,5,5,1,0,0,6,54.5
lamborghini,aventador,11,5,6,0,0,0,6,54.5
toyota,venza,12,5,6,0,0,1,6,50
bmw,x4-m,13,6,5,1,0,1,6,46.2
hyundai,santa-fe-sport,13,7,1,5,0,0,6,46.2
toyota,mr2-spyder,13,6,0,6,0,1,6,46.2
audi,q8,14,8,6,0,0,0,6,42.9
mercedes-benz,m-class-amg,16,7,0,6,0,3,6,37.5
chevrolet,monte-carlo,18,12,6,0,0,0,6,33.3
buick,encore,20,9,1,5,0,5,6,30
mercedes-benz,sl-class-amg,20,13,0,6,0,1,6,30
ford,e-350-econoline,25,19,4,2,0,0,6,24
kia,ev6,30,24,6,0,0,0,6,20
toyota,avalon,56,47,0,6,0,3,6,10.7
subaru,crosstrek,81,57,6,0,0,18,6,7.4
honda,ridgeline,126,108,0,6,0,12,6,4.8
audi,100,5,0,5,0,0,0,5,100
audi,v8,5,0,5,0,0,0,5,100
bmw,ix,5,0,5,0,0,0,5,100
chrysler,cirrus,5,0,0,5,0,0,5,100
hummer,h3,5,0,5,0,0,0,5,100
mitsubishi,diamante,5,0,5,0,0,0,5,100
oldsmobile,intrigue,5,0,5,0,0,0,5,100
plymouth,laser,5,0,5,0,0,0,5,100
plymouth,sundance,5,0,5,0,0,0,5,100
saturn,ion,5,0,5,0,0,0,5,100
volkswagen,cabrio,5,0,0,5,0,0,5,100
audi,cabriolet,6,0,5,0,0,1,5,83.3
bmw,i4,6,0,0,5,0,1,5,83.3
dodge,nitro,6,0,5,0,0,1,5,83.3
dodge,ram-van-b1500,6,0,2,3,0,1,5,83.3
ferrari,portofino,6,1,5,0,0,0,5,83.3
mercedes,eqs,6,0,5,0,0,1,5,83.3
oldsmobile,bravada,6,0,3,2,0,1,5,83.3
saturn,l-series,6,0,2,3,0,1,5,83.3
toyota,grand-highlander,6,1,3,2,0,0,5,83.3
ferrari,roma,7,0,5,0,0,2,5,71.4
jaguar,i-pace,7,0,5,0,0,2,5,71.4
toyota,corolla-cross,7,0,0,5,0,2,5,71.4
ford,escort-zx2,8,3,3,2,0,0,5,62.5
hyundai,accent,8,3,5,0,0,0,5,62.5
jaguar,xj6,8,3,1,4,0,0,5,62.5
mazda,mpv,9,4,4,1,0,0,5,55.6
mitsubishi,3000gt,9,4,4,1,0,0,5,55.6
ford,escort,10,5,5,0,0,0,5,50
kia,k5,10,5,5,0,0,0,5,50
bmw,x3-m,11,6,5,0,0,0,5,45.5
infiniti,q70,11,3,5,0,0,3,5,45.5
plymouth,voyager,11,6,5,0,0,0,5,45.5
saturn,s-series,12,7,5,0,0,0,5,41.7
audi,tt-rs,13,2,2,3,0,6,5,38.5
isuzu,trooper,13,8,3,2,0,0,5,38.5
audi,rs7,14,7,1,4,0,2,5,35.7
ford,mustang-mach-1,15,10,3,2,0,0,5,33.3
ford,mustang-shelby-gt350,15,10,3,2,0,0,5,33.3
honda,fit,19,14,5,0,0,0,5,26.3
dodge,viper,73,68,1,4,0,0,5,6.8
toyota,prius,139,129,0,5,0,5,5,3.6
nissan,maxima,155,131,5,0,0,19,5,3.2
acura,integra-type-r,4,0,2,2,0,0,4,100
bmw,xm,4,0,0,4,0,0,4,100
buick,rainier,4,0,4,0,0,0,4,100
cadillac,sts-v,4,0,0,4,0,0,4,100
cadillac,xlr-v,4,0,0,4,0,0,4,100
chrysler,imperial,4,0,0,4,0,0,4,100
dodge,dynasty,4,0,0,4,0,0,4,100
dodge,magnum,4,0,4,0,0,0,4,100
geo,storm,4,0,4,0,0,0,4,100
jeep,wagoneer,4,0,4,0,0,0,4,100
mercedes-benz,190e,4,0,0,4,0,0,4,100
mercury,cougar,4,0,3,1,0,0,4,100
dodge,colt,5,1,4,0,0,0,4,80
land rover,defender-90,5,0,0,4,0,1,4,80
mazda,cx-50,5,0,4,0,0,1,4,80
plymouth,neon,5,1,4,0,0,0,4,80
volkswagen,eurovan,5,0,4,0,0,1,4,80
audi,90,6,2,1,3,0,0,4,66.7
buick,roadmaster,6,2,4,0,0,0,4,66.7
honda,crosstour,6,0,4,0,0,2,4,66.7
toyota,t100,6,2,4,0,0,0,4,66.7
bmw,i8,7,2,4,0,0,1,4,57.1
bmw,m-coupe,7,3,0,4,0,0,4,57.1
bmw,m-roadster,7,3,0,4,0,0,4,57.1
gmc,yukon-xl,7,3,4,0,0,0,4,57.1
chevrolet,avalanche-1500,8,4,4,0,0,0,4,50
ford,mustang-mach-e,8,3,4,0,0,1,4,50
jeep,grand-wagoneer,8,4,3,1,0,0,4,50
toyota,solara,9,5,4,0,0,0,4,44.4
chevrolet,c1500,10,6,4,0,0,0,4,40
chevrolet,k1500,10,6,4,0,0,0,4,40
lincoln,mkc,10,4,4,0,0,2,4,40
mercedes,glc-class-coupe,10,6,4,0,0,0,4,40
hyundai,tiburon,11,7,3,1,0,0,4,36.4
acura,integra,14,10,0,4,0,0,4,28.6
cadillac,ct6,14,5,4,0,0,5,4,28.6
buick,regal-sportback,15,11,0,4,0,0,4,26.7
hummer,h1,15,10,0,4,0,1,4,26.7
cadillac,xt4,16,12,4,0,0,0,4,25
mercedes,a-class-amg,16,0,0,4,0,12,4,25
toyota,prius-plug-in,18,14,0,4,0,0,4,22.2
cadillac,ct4,19,15,4,0,0,0,4,21.1
mitsubishi,mirage,19,10,4,0,0,5,4,21.1
jeep,wrangler-jk,20,16,2,2,0,0,4,20
bmw,m4,44,36,3,1,0,4,4,9.1
ford,focus,76,65,0,4,0,7,4,5.3
dodge,monaco,3,0,3,0,0,0,3,100
isuzu,axiom,3,0,3,0,0,0,3,100
jaguar,xk8,3,0,3,0,0,0,3,100
lincoln,mark-vii,3,0,3,0,0,0,3,100
plymouth,breeze,3,0,3,0,0,0,3,100
daewoo,leganza,4,1,3,0,0,0,3,75
ford,maverick,4,0,3,0,0,1,3,75
hyundai,tiburon-turbulence,4,1,0,3,0,0,3,75
mazda,cx-90,4,0,3,0,0,1,3,75
mercedes,slc-class,4,0,3,0,0,1,3,75
acura,rsx,5,2,3,0,0,0,3,60
dodge,hornet,5,0,3,0,0,2,3,60
honda,del-sol,5,2,3,0,0,0,3,60
mercedes,eqe,5,0,2,1,0,2,3,60
ram,c/v,5,0,0,3,0,2,3,60
rivian,r1s,5,2,3,0,0,0,3,60
toyota,bz4x,5,0,3,0,0,2,3,60
acura,cl-type-s,6,3,0,3,0,0,3,50
buick,cascada,6,3,3,0,0,0,3,50
dodge,spirit,6,3,3,0,0,0,3,50
mazda,b4000,6,3,2,1,0,0,3,50
audi,80,7,0,0,3,0,4,3,42.9
fiat,124-spider,8,4,0,3,0,1,3,37.5
ford,probe,8,5,3,0,0,0,3,37.5
hyundai,ioniq-5,8,5,2,1,0,0,3,37.5
nissan,pickup,8,5,3,0,0,0,3,37.5
volvo,xc40,8,5,3,0,0,0,3,37.5
audi,rs6,9,4,2,1,0,2,3,33.3
saturn,vue,9,6,3,0,0,0,3,33.3
toyota,gr-corolla,9,6,3,0,0,0,3,33.3
bmw,x2,10,7,0,3,0,0,3,30
dodge,dakota,10,7,3,0,0,0,3,30
gmc,jimmy,10,7,3,0,0,0,3,30
gmc,sierra,10,7,3,0,0,0,3,30
hyundai,veloster,10,6,3,0,0,1,3,30
lexus,gs300,10,7,3,0,0,0,3,30
oldsmobile,88,10,7,3,0,0,0,3,30
buick,verano,11,3,3,0,0,5,3,27.3
chevrolet,bolt-ev,11,8,3,0,0,0,3,27.3
maserati,levante,13,9,3,0,0,1,3,23.1
lexus,ux,14,11,3,0,0,0,3,21.4
audi,rs5,17,8,3,0,0,6,3,17.6
mercedes-benz,cls-class-amg,17,12,0,3,0,2,3,17.6
chrysler,pt-cruiser,21,17,3,0,0,1,3,14.3
tesla,model-x,28,23,3,0,0,2,3,10.7
ford,fiesta,65,46,0,3,0,16,3,4.6
audi,200,2,0,2,0,0,0,2,100
cadillac,ct6-v,2,0,0,2,0,0,2,100
cadillac,srx,2,0,2,0,0,0,2,100
chevrolet,tracker,2,0,2,0,0,0,2,100
jaguar,xj8,2,0,2,0,0,0,2,100
mazda,cx-70,2,0,2,0,0,0,2,100
porsche,944,2,0,2,0,0,0,2,100
suzuki,x-90,2,0,0,2,0,0,2,100
volkswagen,gli,2,0,0,2,0,0,2,100
mitsubishi,eclipse-spider,3,1,0,2,0,0,2,66.7
pontiac,gto,3,1,2,0,0,0,2,66.7
volvo,s70,3,1,2,0,0,0,2,66.7
audi,a6-e-tron,4,0,0,2,0,2,2,50
audi,e-tron-s,4,0,0,2,0,2,2,50
suzuki,kizashi,4,2,2,0,0,0,2,50
toyota,rav4-hybrid,4,2,0,2,0,0,2,50
volkswagen,rabbit,4,2,2,0,0,0,2,50
volvo,ex30,4,0,2,0,0,2,2,50
audi,s6-e-tron,5,0,2,0,0,3,2,40
audi,sq6-e-tron,5,0,1,1,0,3,2,40
volvo,850,5,3,2,0,0,0,2,40
acura,legend,6,4,2,0,0,0,2,33.3
porsche,928,6,3,2,0,0,1,2,33.3
rivian,r1t,6,3,2,0,0,1,2,33.3
audi,coupe,7,0,2,0,0,5,2,28.6
bmw,z3,7,5,2,0,0,0,2,28.6
chevrolet,avalanche,7,5,2,0,0,0,2,28.6
chrysler,concorde,7,5,2,0,0,0,2,28.6
infiniti,g20,7,5,2,0,0,0,2,28.6
ford,gt,8,6,2,0,0,0,2,25
oldsmobile,cutlass-supreme,8,6,2,0,0,0,2,25
gmc,sonoma,10,7,2,0,0,1,2,20
lexus,ls400,10,8,2,0,0,0,2,20
mazda,protege,10,8,2,0,0,0,2,20
kia,seltos,11,9,1,1,0,0,2,18.2
nissan,kicks,11,9,2,0,0,0,2,18.2
porsche,cayman,12,8,2,0,0,2,2,16.7
audi,s3,13,10,2,0,0,1,2,15.4
audi,a5,19,16,1,1,0,1,2,10.5
fiat,500,23,17,2,0,0,4,2,8.7
ford,fusion,61,54,0,2,0,5,2,3.3
toyota,sienna,169,167,2,0,0,0,2,1.2
cadillac,lyriq,1,0,1,0,0,0,1,100
daewoo,lanos,1,0,1,0,0,0,1,100
daewoo,nubira,1,0,1,0,0,0,1,100
dodge,ram-van-b150,1,0,1,0,0,0,1,100
dodge,ram-van-b350,1,0,0,1,0,0,1,100
honda,prologue,1,0,1,0,0,0,1,100
hyundai,xg300,1,0,0,1,0,0,1,100
mercedes-benz,cla-class,1,0,1,0,0,0,1,100
mercedes-benz,glc-class,1,0,1,0,0,0,1,100
mercedes-benz,gle-class,1,0,1,0,0,0,1,100
scion,ia,1,0,1,0,0,0,1,100
toyota,mr2,1,0,0,1,0,0,1,100
volkswagen,r32,1,0,1,0,0,0,1,100
cadillac,allante,2,1,0,1,0,0,1,50
cadillac,vistiq,2,0,1,0,0,1,1,50
mercedes-benz,amg-gt,2,1,1,0,0,0,1,50
audi,q6-e-tron,3,0,0,1,0,2,1,33.3
audi,q8-e-tron,3,0,0,1,0,2,1,33.3
audi,q8-sportback-e-tron,3,0,0,1,0,2,1,33.3
cadillac,ats-v,3,2,0,1,0,0,1,33.3
volkswagen,arteon-sr,3,0,0,1,0,2,1,33.3
volvo,ec40,3,0,1,0,0,2,1,33.3
audi,e-tron,5,4,1,0,0,0,1,20
ford,contour,5,4,1,0,0,0,1,20
volvo,940,5,4,1,0,0,0,1,20
volvo,c40,5,2,0,1,0,2,1,20
mazda,b3000,6,4,1,0,0,1,1,16.7
subaru,svx,6,5,0,1,0,0,1,16.7
audi,sq7,7,6,1,0,0,0,1,14.3
audi,sq8,7,6,1,0,0,0,1,14.3
isuzu,amigo,7,6,0,1,0,0,1,14.3
suzuki,sx4,7,6,1,0,0,0,1,14.3
acura,zdx,8,4,1,0,0,3,1,12.5
volkswagen,arteon,8,4,1,0,0,3,1,12.5
cadillac,deville,10,9,1,0,0,0,1,10
chevrolet,c3500,10,9,1,0,0,0,1,10
ford,taurus-sho,10,9,0,1,0,0,1,10
infiniti,q45,10,9,0,1,0,0,1,10
mazda,miata,10,8,1,0,0,1,1,10
oldsmobile,silhouette,10,9,1,0,0,0,1,10
toyota,c-hr,11,5,1,0,0,5,1,9.1
chevrolet,lumina,12,11,1,0,0,0,1,8.3
cadillac,ats,15,14,0,1,0,0,1,6.7
mercedes-benz,slk-class,17,16,0,1,0,0,1,5.9
kia,stinger,18,15,1,0,0,2,1,5.6
audi,s5,23,21,1,0,0,1,1,4.3
ford,bronco,44,43,1,0,0,0,1,2.3
