year,make,model,n_rows,our_union,tried,other_years_matched
2012,acura,ilx,1,205/55R16 215/45R17,ILX,true
2021,acura,mdx,6,255/55R19 275/45R20 275/40R21,MDX | MDX A-Spec | MDX Advance | MDX Technology | MDX Type S | MDX Type,true
2016,acura,nsx,1,245/35R19 305/30R20,NSX,true
2023,acura,nsx,1,245/40R19 265/35R19 305/30R19 305/35R20,NSX,true
2006,acura,rdx,1,235/60R18,RDX,true
2013,acura,rl,1,245/45R18,RL,true
2014,acura,tlx,6,225/55R17 245/45R18 225/50R18,TLX | TLX A-Spec | TLX Advance | TLX Technology | TLX Type S | TLX Type | TLX 2.4i,true
2026,acura,tlx,6,255/40R19 235/50R18 255/35R20,TLX | TLX A-Spec | TLX Advance | TLX Technology | TLX Type S | TLX Type,true
2003,acura,tsx,1,215/55R17,TSX,true
2009,acura,zdx,1,255/50R19,ZDX,true
2023,acura,zdx,1,265/45R21 275/40R22,ZDX,true
2025,acura,zdx,1,265/45R21 275/40R22,ZDX,true
2014,alfa romeo,4c,3,205/45R17 235/40R18 205/40R18 235/35R19,4C | 4C Spider,true
2016,aston martin,db11,1,255/40R20 295/35R20 265/35R20 305/30R20,Db11 | DB11 DB11 V8/V12 | DB11 DB11,true
2024,aston martin,db11,1,255/40R20 295/35R20 265/35R20 305/30R20,Db11 | DB11 DB11 V8/V12 | DB11 DB11,true
2020,aston martin,dbx,1,285/40R22 325/35R22 295/35R23 325/30R23,DBX | DBX707 | DBX DBX/DBX707,true
2005,aston martin,vantage,1,235/45R18 275/40R18 235/40R19 275/35R19 255/35R19 305/30R19,V8 Vantage | Vantage | V12 Vantage | V 8 Vantage | V 12 Vantage | Vantage V8/V12 Vantage (2nd Gen) | Vantage V8/V12,true
2024,aston martin,vantage,1,255/40R20 295/35R20 265/35R20 305/30R20 275/35R21 325/30R21,Vantage | V8 Vantage | V12 Vantage | V 8 Vantage | V 12 Vantage | Vantage Vantage (3rd Gen) | Vantage Vantage,true
1993,audi,80,1,185/65R14 195/60R15 195/65R15,80 | 80 Quattro | 80 B4,true
1994,audi,80,1,185/65R14 195/60R15 195/65R15,80 | 80 Quattro | 80 B4,true
1995,audi,80,1,185/65R14 195/60R15 195/65R15,80 | 80 Quattro | 80 B4,true
1996,audi,80,1,185/65R14 195/60R15 195/65R15,80 | 80 Quattro | 80 B4,true
1996,audi,a3,1,195/65R15 205/55R16 225/45R17,A3 | A3 Quattro | A3 Sportback,true
1997,audi,a3,1,195/65R15 205/55R16 225/45R17,A3 | A3 Quattro | A3 Sportback,true
1998,audi,a3,1,195/65R15 205/55R16 225/45R17,A3 | A3 Quattro | A3 Sportback,true
1999,audi,a3,1,195/65R15 205/55R16 225/45R17,A3 | A3 Quattro | A3 Sportback,true
2000,audi,a3,1,195/65R15 205/55R16 225/45R17,A3 | A3 Quattro | A3 Sportback,true
2001,audi,a3,1,195/65R15 205/55R16 225/45R17,A3 | A3 Quattro | A3 Sportback,true
2002,audi,a3,1,195/65R15 205/55R16 225/45R17,A3 | A3 Quattro | A3 Sportback,true
2003,audi,a3,1,195/65R15 205/55R16 225/45R17,A3 | A3 Quattro | A3 Sportback,true
2004,audi,a3,3,225/45R17 225/40R18,A3 | A3 Quattro | A3 Sportback | A3 2.0T | A3 3.2 Quattro | A3 3.2,true
2005,audi,a3,3,225/45R17 225/40R18,A3 | A3 Quattro | A3 Sportback | A3 2.0T | A3 3.2 Quattro | A3 3.2,true
2014,audi,a3,1,205/55R16 225/45R17 225/40R18 235/35R19,A3 | A3 Quattro | A3 Sportback,true
2021,audi,a3,1,225/45R17 225/40R18 235/35R19,A3 | A3 Quattro | A3 Sportback,true
2026,audi,a4,4,225/50R17 245/40R18 245/35R19 255/35R19,A4 | A4 Quattro | A4 allroad | A4 Avant | A4 40 TFSI | A4 40 | A4 45 TFSI | A4 45 | A4 45 TFSI quattro,true
2007,audi,a5,1,245/45R17 245/40R18 255/35R19,A5 Quattro | A5 | A5 Sportback | A5 Cabriolet | A5 Coupe,true
2024,audi,a6-e-tron,1,245/45R19 255/40R20 265/35R21,A6 e-tron | A6 Sportback e-tron | A6 E Tron,true
2026,audi,a6-e-tron,1,225/55R18 245/45R19 255/40R20 265/35R21,A6 e-tron | A6 Sportback e-tron | A6 E Tron,true
2011,audi,a7,1,245/45R18 255/40R19 255/35R20,A7 Sportback | A7 Quattro | A7 | A7 Premium Plus,true
2026,audi,a7,1,255/40R19 255/35R20,A7 Sportback | A7 Quattro | A7 | A7 Premium Plus,true
2000,audi,cabriolet,1,195/65R15,Cabriolet | 80 Cabriolet | 90 Cabriolet,true
1992,audi,coupe,1,195/60R15 205/60R15,Coupe Quattro | Coupe | Coupequattro | 80 Coupe | Coupe Quattro B4,true
1993,audi,coupe,1,195/60R15 205/60R15,Coupe Quattro | Coupe | Coupequattro | 80 Coupe | Coupe Quattro B4,true
1994,audi,coupe,1,195/60R15 205/60R15,Coupe Quattro | Coupe | Coupequattro | 80 Coupe | Coupe Quattro B4,true
1995,audi,coupe,1,195/60R15 205/60R15,Coupe Quattro | Coupe | Coupequattro | 80 Coupe | Coupe Quattro B4,true
1996,audi,coupe,1,195/60R15 205/60R15,Coupe Quattro | Coupe | Coupequattro | 80 Coupe | Coupe Quattro B4,true
2020,audi,e-tron-s,1,245/45R20,e-tron S | e-tron S Sportback | E Tron S | Etron,true
2021,audi,e-tron-s,1,245/45R20,e-tron S | e-tron S Sportback | E Tron S | Etron,true
2008,audi,q5,1,235/55R19 255/45R20,Q5 | Q5 Sportback | Q5 Quattro,true
2024,audi,q6-e-tron,1,235/55R19 255/50R19 255/45R20 285/40R21,Q6 e-tron | Q6 e-tron Quattro | Q6 E Tron,true
2026,audi,q6-e-tron,1,235/55R19 255/50R19 255/45R20 285/40R21,Q6 e-tron | Q6 e-tron Quattro | Q6 E Tron,true
2025,audi,q6l-sportback-e-tron,1,235/40R19,Q6L Sportback e-tron | Q6L Sportback E Tron | Q 6 Etron,false
2016,audi,q7,5,255/60R18 255/55R19 285/45R20 285/40R21 285/35R22,Q7 | Q7 Quattro | Q7 Premium | Q7 Premium Plus | Q7 Prestige | Q7 SQ7,true
2023,audi,q8-e-tron,1,245/45R20,Q8 e-tron | Q8 e-tron Quattro | Q8 E Tron | Etron,true
2025,audi,q8-e-tron,1,245/45R20,Q8 e-tron | Q8 e-tron Quattro | Q8 E Tron | Etron,true
2023,audi,q8-sportback-e-tron,1,245/45R20,Q8 e-tron Sportback | Q8 Sportback e-tron | Q8 Sportback E Tron | Q 8 Etron,true
2025,audi,q8-sportback-e-tron,1,245/45R20,Q8 e-tron Sportback | Q8 Sportback e-tron | Q8 Sportback E Tron | Q 8 Etron,true
2007,audi,r8,1,245/35R19 295/35R19 295/30R20 305/30R20,R8,true
2013,audi,r8,1,245/35R19 295/35R19 295/30R20 305/30R20,R8,true
2016,audi,r8,1,245/35R19 295/35R19 295/30R20 305/30R20,R8,true
2019,audi,r8,1,245/35R19 295/35R19 295/30R20 305/30R20,R8,true
2017,audi,rs-models,1,255/35R19 275/30R20 255/30R21 285/30R21,RS Models | RSMODELS | RS 3 | RS 5,false
2019,audi,rs-models,1,275/30R19 275/30R20,RS Models | RSMODELS | RS 3 | RS 5,false
2020,audi,rs-models,1,255/35R19 275/30R20 255/30R21 285/30R21,RS Models | RSMODELS | RS 3 | RS 5,false
2021,audi,rs-models,1,255/35R19 275/30R20 255/30R21 285/30R21,RS Models | RSMODELS | RS 3 | RS 5,false
2022,audi,rs-models,1,255/35R19 275/30R20 255/30R21 285/30R21,RS Models | RSMODELS | RS 3 | RS 5,false
2023,audi,rs-models,1,255/35R19 275/30R20 255/30R21 285/30R21,RS Models | RSMODELS | RS 3 | RS 5,false
2024,audi,rs-models,1,255/35R19 275/30R20 255/30R21 285/30R21,RS Models | RSMODELS | RS 3 | RS 5,false
2025,audi,rs-models,1,255/35R19 275/30R20 255/30R21 285/30R21,RS Models | RSMODELS | RS 3 | RS 5,false
2026,audi,rs-models,1,255/35R19 275/30R20 255/30R21 285/30R21,RS Models | RSMODELS | RS 3 | RS 5,false
2021,audi,rs3,1,255/30R19,RS3 | RS 3,true
2010,audi,rs5,1,255/35R19 275/30R20,RS5 | RS5 Sportback | RS 5,true
2011,audi,rs5,1,255/35R19 275/30R20,RS5 | RS5 Sportback | RS 5,true
2012,audi,rs5,1,255/35R19 275/30R20,RS5 | RS5 Sportback | RS 5,true
2016,audi,rs5,1,255/35R19 275/30R20,RS5 | RS5 Sportback | RS 5,true
2017,audi,rs5,1,255/35R19 275/30R20,RS5 | RS5 Sportback | RS 5,true
2020,audi,rs5,1,275/30R20,RS5 | RS5 Sportback | RS 5,true
2002,audi,rs6,1,225/45R18,RS6 Avant | RS6,true
2020,audi,rs6,1,285/30R22,RS6 Avant | RS6,true
2019,audi,rs7,1,275/35R21 285/30R22,RS7 Sportback | RS7,true
2020,audi,rs7,1,275/35R21 285/30R22,RS7 | RS7 Sportback,true
2021,audi,s3,1,225/45R17 225/40R18 235/35R19,S3 | S3 Quattro,true
2003,audi,s4,3,245/40R18,S4 | S4 Quattro | S4 Avant | S4 Sedan,true
2017,audi,s4,3,245/40R18 255/35R19,S4 | S4 Quattro | S4 Avant | S4 Premium Plus | S4 Premium | S4 Prestige,true
2026,audi,s4,4,245/40R18 255/35R19 265/30R20,S4 | S4 Quattro | S4 Avant | S4 S4 | S4 S4 Premium Plus | S4 S4 Prestige,true
2007,audi,s5,1,255/35R19,S5 | S5 Sportback | S5 Cabriolet | S5 Coupe,true
1996,audi,s6,1,225/50R16 225/45R17,S6 | S6 Quattro | S6 C4,true
1997,audi,s6,1,225/50R16 225/45R17,S6 | S6 Quattro | S6 C4,true
1999,audi,s6,1,225/45R17 245/40R18,S6 | S6 Quattro | S6 C5,true
2000,audi,s6,1,235/45R17,S6 | S6 Quattro,true
2001,audi,s6,1,235/45R17,S6 | S6 Quattro,true
2006,audi,s6,1,245/45R18 255/40R19 275/30R21,S6 | S6 Quattro,true
2012,audi,s6,1,245/45R18 255/40R19 275/30R21,S6 | S6 Quattro,true
2019,audi,s6,1,265/30R21,S6 | S6 Quattro,true
2024,audi,s6-e-tron,1,265/40R20 275/35R21,S6 e-tron | S6 E Tron,true
2026,audi,s6-e-tron,2,245/40R21 275/35R21 245/45R19 265/40R20,S6 e-tron | S6 E Tron,true
2000,audi,s8,1,215/60R16,S8 | S8 Quattro,true
2006,audi,s8,1,265/45R19,S8 | S8 Quattro,true
2010,audi,s8,1,265/35R20,S8 | S8 Quattro,true
2011,audi,s8,1,265/45R19 275/35R21 285/30R22,S8 | S8 Quattro,true
2012,audi,s8,1,265/45R19 275/35R21 285/30R22,S8 | S8 Quattro,true
2019,audi,s8,1,265/45R19 275/35R21 285/30R22,S8 | S8 Quattro,true
2021,audi,s8l,1,245/45R20,S8L,false
2022,audi,s8l,1,245/45R20,S8L,false
2023,audi,s8l,1,245/45R20,S8L,false
2024,audi,s8l,1,245/45R20,S8L,false
2025,audi,s8l,1,245/45R20,S8L,false
2026,audi,s8l,1,245/45R20,S8L,false
2024,audi,sq6-e-tron,1,245/45R20,SQ6 e-tron | SQ6 E Tron | SQ 6,true
2026,audi,sq6-e-tron,2,255/45R20 285/40R21 245/45R20,SQ6 e-tron | SQ6 E Tron | SQ 6,true
2007,audi,tt,1,225/50R17 245/40R18 255/30R20,TT Quattro | TT | TT Roadster,true
2010,audi,tt-rs,1,245/35R19 255/30R20,TT RS Quattro | TT | TT RS | TT-RS | TTRS,true
2011,audi,tt-rs,1,245/35R19 255/30R20,TT RS Quattro | TT | TT RS | TT-RS | TTRS,true
2014,audi,tt-rs,1,245/35R19 255/30R20,TT RS Quattro | TT | TT RS | TT-RS | TTRS,true
2016,audi,tt-rs,1,245/35R19 255/30R20,TT RS Quattro | TT | TT RS | TT-RS | TTRS,true
2017,audi,tt-rs,1,245/35R19 255/30R20,TT RS Quattro | TT | TT RS | TT-RS | TTRS,true
2023,audi,tt-rs,1,245/35R19 255/30R20,TT | TT RS | TT RS Quattro | TT-RS | TTRS,true
2008,audi,tt-s,1,245/40R18 255/35R19 255/30R20,TT-S | TT S | TTS,false
2009,audi,tt-s,1,245/40R18 255/35R19 255/30R20,TT-S | TT S | TTS,false
2010,audi,tt-s,1,245/40R18 255/35R19 255/30R20,TT-S | TT S | TTS,false
2011,audi,tt-s,1,245/40R18 255/35R19 255/30R20,TT-S | TT S | TTS,false
2012,audi,tt-s,1,245/40R18 255/35R19 255/30R20,TT-S | TT S | TTS,false
2013,audi,tt-s,1,245/40R18 255/35R19 255/30R20,TT-S | TT S | TTS,false
2014,audi,tt-s,1,245/40R18 255/35R19 255/30R20,TT-S | TT S | TTS,false
2015,audi,tt-s,1,245/40R18 255/35R19 255/30R20,TT-S | TT S | TTS,false
2016,audi,tt-s,1,245/40R18 255/35R19 255/30R20,TT-S | TT S | TTS,false
2017,audi,tt-s,1,245/40R18 255/35R19 255/30R20,TT-S | TT S | TTS,false
2019,audi,tt-s,1,245/40R18 255/35R19 255/30R20,TT-S | TT S | TTS,false
2020,audi,tt-s,1,245/40R18 255/35R19 255/30R20,TT-S | TT S | TTS,false
2021,audi,tt-s,1,245/40R18 255/35R19 255/30R20,TT-S | TT S | TTS,false
2022,audi,tt-s,1,245/40R18 255/35R19 255/30R20,TT-S | TT S | TTS,false
2023,audi,tt-s,1,245/40R18 255/35R19 255/30R20,TT-S | TT S | TTS,false
2016,bentley,bentayga,1,285/45R20 285/40R21 285/35R22 325/30R22 295/35R23 325/30R23,Bentayga | Bentayga 1st Gen (2020 Facelift) | Bentayga 1st,true
2019,bentley,continental-gt,1,275/35R21 315/30R21 275/35R22 315/30R22,Continental | Continental GT | Continentalgtc | Continental GT 3rd Gen | Continental GT 3rd,true
2019,bentley,flying-spur,1,275/40R20 315/35R20 275/35R21 315/30R21 275/35R22 315/30R22,Flying Spur | Continentalflyingspur | Flying Spur 3rd Gen | Flying Spur 3rd,true
2013,bmw,2-series,1,225/45R17 225/40R18,230i | M240i xDrive | 230i xDrive | M240i | 228i xDrive Gran Coupe | M235i xDrive Gran Coupe | 228i Gran Coupe | 228 xDrive Gran Coupe | M235 xDrive Gran Coupe | 228i | 228i xDrive | M235i | M235i xDrive | 228 Gran Coupe,true
2013,bmw,4-series,1,225/45R18 255/35R19,430i xDrive | 430i | 430i Gran Coupe | 430i xDrive Gran Coupe | M440i | M440i xDrive | M440i xDrive Gran Coupe | M440i Gran Coupe | 440i | 440i xDrive | 440i Gran Coupe | 440i xDrive Gran Coupe | 428i | 428i xDrive | 435i | 435i xDrive | 428i Gran Coupe | 428i xDrive Gran Coupe | 435i Gran Coupe | 435i xDrive Gran Coupe,true
2013,bmw,4-series-gran-coupe,1,215/55R17,430i Gran Coupe | 428i Gran Coupe | 430i xDrive Gran Coupe | M440i Gran Coupe | M440i xDrive Gran Coupe | 428i xDrive Gran Coupe | 435i Gran Coupe | 435i xDrive Gran Coupe | 4 Series Gran Coupe | 4 Series,true
2014,bmw,4-series-gran-coupe,1,215/55R17,430i Gran Coupe | 428i Gran Coupe | 430i xDrive Gran Coupe | M440i Gran Coupe | M440i xDrive Gran Coupe | 428i xDrive Gran Coupe | 435i Gran Coupe | 435i xDrive Gran Coupe | 4 Series Gran Coupe | 4 Series,true
2021,bmw,4-series-gran-coupe,1,215/55R17,430i Gran Coupe | 430i xDrive Gran Coupe | M440i Gran Coupe | M440i xDrive Gran Coupe | 4 Series Gran Coupe | 4 Series,true
1996,bmw,5-series,2,225/55R16 235/45R17 245/40R18 275/35R18 205/65R15 225/60R16,M5 | 530i | 540i | 528i | 535i | 550i | 525i | 530i xDrive | 540i xDrive | 535i xDrive | 528i xDrive | 550i xDrive | 535i GT | 550i GT xDrive | 535i GT xDrive | 550i GT | ActiveHybrid 5 | 535d | 535d xDrive | 525xi | 530xi | 545i | 528xi | 535xi,true
2003,bmw,6-series,2,245/45R18 215/55R17,650i | 640i Gran Coupe | 650i Gran Coupe | 650i xDrive Gran Coupe | 650i xDrive | 640i | 640i xDrive Gran Coupe | 640i xDrive | 640i xDrive Gran Turismo | 645Ci,true
2011,bmw,6-series,2,225/45R18,640i Gran Coupe | 650i Gran Coupe | 650i xDrive Gran Coupe | 640i xDrive Gran Coupe | 650i | 650i xDrive | 640i | 640i xDrive | 640i xDrive Gran Turismo,true
2021,bmw,i4,1,245/45R18 255/40R19 275/35R20,I4,true
2023,bmw,i5,1,245/45R19 255/40R20 275/35R21,I5,true
2022,bmw,i7,1,255/45R20 275/40R21,I7,true
2013,bmw,i8,1,245/45R20,I8,true
1992,bmw,m3,1,225/45R17 245/40R17,M3,true
1993,bmw,m3,1,225/45R17 245/40R17,M3,true
1994,bmw,m3,1,225/45R17 245/40R17,M3,true
2000,bmw,m3,1,275/35R19 285/30R20,M3,true
2007,bmw,m3,3,275/35R19 285/30R20,M3 | M3 Competition,true
2014,bmw,m3,3,275/35R19 285/30R20,M3 | M3 Competition,true
2019,bmw,m3,4,255/40R18 275/40R18 255/35R19 275/35R19 275/30R20 285/30R20,M3 | M3 M3 | M3 M3 CS | M3 M3 Competition | M3 CS,true
2020,bmw,m3,3,275/35R19 285/30R20,M3 | M3 Competition,true
2014,bmw,m4,4,255/35R19 275/35R19 265/35R19 285/30R20,M4 | M4 CS | M4 Competition | M4 GTS | CS | GTS,true
1990,bmw,m5,1,235/45R17,M5,true
1994,bmw,m5,1,235/45R17,M5,true
1995,bmw,m5,1,235/45R17 245/40R18,M5,true
1999,bmw,m5,1,215/70R16,M5,true
2004,bmw,m5,1,275/40R19 285/40R19,M5,true
2005,bmw,m5,2,275/40R19 285/40R19 285/35R20 275/35R20,M5 | M5 M5,true
2011,bmw,m5,1,275/35R20 285/30R21,M5,true
2012,bmw,m5,3,275/40R19 285/35R20 275/35R20 285/40R19,M5 | M5 M5 | M5 M5 Competition,true
2017,bmw,m5,3,275/40R19 285/40R19 285/35R20 275/35R20,M5 | M5 M5 | M5 M5 Competition,true
2024,bmw,m5,4,275/35R20 285/35R20 275/40R19 285/40R19,M5 | M5 M5 | M5 M5 CS | M5 M5 Competition | M5 CS,true
2005,bmw,m6,1,255/40R19 285/35R19,M6,true
2019,bmw,m8,1,275/35R20 285/35R20,M8,true
2021,bmw,m8,1,275/35R20 285/35R20,M8,true
2026,bmw,m8,1,275/35R20 285/35R20,M8,true
2014,bmw,x4,1,245/50R18 245/45R19 225/60R17 245/55R17 245/40R20 275/35R20 275/40R19 245/35R21 275/30R21 205/65R17,X4 | X4 xDrive20d | xDrive20d,true
2026,bmw,x4,1,245/45R19,X4,true
2026,bmw,x4-m,1,265/40R21,X4 | X4 M | X4M,true
2002,bmw,z4,1,205/55R16,Z4,true
2017,bmw,z4,1,215/55R17,Z4,true
2023,buick,electra-e5,1,235/40R19,Electra E5 | Electra,false
2024,buick,electra-e5,1,235/40R19,Electra E5 | Electra,false
2025,buick,electra-e5,1,235/40R19,Electra E5 | Electra,false
2026,buick,electra-e5,1,235/40R19,Electra E5 | Electra,false
2007,buick,enclave,1,255/65R18 255/55R20,Enclave,true
2012,buick,encore,1,205/65R16 215/55R18,Encore,true
2023,buick,encore,1,205/65R16 215/55R18,Encore,true
2024,buick,encore,1,205/65R16 215/55R18,Encore,true
2025,buick,encore,1,205/65R16 215/55R18,Encore,true
2026,buick,encore,1,205/65R16 215/55R18,Encore,true
2014,buick,envision,1,225/65R17 235/55R19 245/45R20,Envision,true
2015,buick,envision,1,225/65R17 235/55R19 245/45R20,Envision,true
2020,buick,lacrosse,1,235/50R18 245/40R19,Lacrosse,true
2021,buick,lacrosse,1,235/50R18 245/40R19,Lacrosse,true
2022,buick,lacrosse,1,235/50R18 245/40R19,Lacrosse,true
2023,buick,lacrosse,1,235/50R18 245/40R19,Lacrosse,true
2024,buick,lacrosse,1,235/50R18 245/40R19,Lacrosse,true
2025,buick,lacrosse,1,235/50R18 245/40R19,Lacrosse,true
2026,buick,lacrosse,1,235/50R18 245/40R19,Lacrosse,true
2005,buick,regal,1,225/55R17 245/45R18 245/40R19,Regal | Regal Sportback | Regal TourX | Regalsportback | Regaltourx,true
2006,buick,regal,1,225/55R17 245/45R18 245/40R19,Regal | Regal Sportback | Regal TourX | Regalsportback | Regaltourx,true
2007,buick,regal,1,225/55R17 245/45R18 245/40R19,Regal | Regal Sportback | Regal TourX | Regalsportback | Regaltourx,true
2008,buick,regal,1,225/55R17 245/45R18 245/40R19,Regal | Regal Sportback | Regal TourX | Regalsportback | Regaltourx,true
2009,buick,regal,1,225/55R17 245/45R18 245/40R19,Regal | Regal Sportback | Regal TourX | Regalsportback | Regaltourx,true
2010,buick,regal,1,225/55R17 245/45R18 245/40R19,Regal | Regal Sportback | Regal TourX | Regalsportback | Regaltourx,true
2021,buick,regal,1,225/55R17 245/45R18 245/40R19,Regal | Regal Sportback | Regal TourX | Regalsportback | Regaltourx,true
2022,buick,regal,1,225/55R17 245/45R18 245/40R19,Regal | Regal Sportback | Regal TourX | Regalsportback | Regaltourx,true
2023,buick,regal,1,225/55R17 245/45R18 245/40R19,Regal | Regal Sportback | Regal TourX | Regalsportback | Regaltourx,true
2024,buick,regal,1,225/55R17 245/45R18 245/40R19,Regal | Regal Sportback | Regal TourX | Regalsportback | Regaltourx,true
2025,buick,regal,1,225/55R17 245/45R18 245/40R19,Regal | Regal Sportback | Regal TourX | Regalsportback | Regaltourx,true
2026,buick,regal,1,225/55R17 245/45R18 245/40R19,Regal | Regal Sportback | Regal TourX | Regalsportback | Regaltourx,true
2011,buick,verano,1,215/60R16 225/50R17 235/45R18,Verano,true
2019,buick,verano,1,215/60R16 225/50R17 235/45R18,Verano,true
2020,buick,verano,1,215/60R16 225/50R17 235/45R18,Verano,true
2021,buick,verano,1,215/60R16 225/50R17 235/45R18,Verano,true
2022,buick,verano,1,215/60R16 225/50R17 235/45R18,Verano,true
2024,cadillac,celestiq,1,275/35R23,Celestiq,false
2025,cadillac,celestiq,1,275/35R23,Celestiq,false
2026,cadillac,celestiq,1,275/35R23,Celestiq,false
2021,cadillac,ct6,1,235/55R18 245/45R19 265/35R20,CT6,true
2022,cadillac,ct6,1,235/55R18 245/45R19 265/35R20,CT6,true
2023,cadillac,ct6,1,235/55R18 245/45R19 265/35R20,CT6,true
2024,cadillac,ct6,1,235/55R18 245/45R19 265/35R20,CT6,true
2025,cadillac,ct6,1,235/55R18 245/45R19 265/35R20,CT6,true
2001,cadillac,escalade,6,265/70R17 255/70R17,Escalade | Escalade Luxury,true
2025,cadillac,vistiq,1,265/40R21,Vistiq,true
2021,chevrolet,bolt-euv,2,215/50R17,Bolt EUV | Bolt,true
2017,chevrolet,caprice,1,235/50R18 245/45R19,Caprice | Capriceppv,true
2013,chevrolet,colorado,6,235/75R16 265/70R17,Colorado | Colorado LT | Colorado Trail Boss | Colorado Trail | Colorado WT | Colorado Z71 | Colorado ZR2 | Colorado 2.4i,true
2014,chevrolet,colorado,6,235/75R16 265/70R17,Colorado | Colorado LT | Colorado Trail Boss | Colorado Trail | Colorado WT | Colorado Z71 | Colorado ZR2 | Colorado 2.4i,true
2026,chevrolet,malibu,5,205/65R16 225/55R17 245/45R18 245/40R19,Malibu | Malibuclassic | Malibumaxx | Malibu LS | Malibu LT | Malibu Premier | Malibu RS,true
2015,chevrolet,silverado-3500,1,245/75R16 265/70R17 275/70R18,Silverado 3500 HD | Silverado 3500 | C3500 | K3500 | Silverado,true
2016,chevrolet,silverado-3500,1,245/75R16 265/70R17 275/70R18,Silverado 3500 HD | Silverado 3500 | C3500 | K3500 | Silverado,true
2005,chevrolet,spark,1,185/55R15 195/50R16,Spark | Sparkev,true
2006,chevrolet,spark,1,185/55R15 195/50R16,Spark | Sparkev,true
2007,chevrolet,spark,1,185/55R15 195/50R16,Spark | Sparkev,true
2008,chevrolet,spark,1,185/55R15 195/50R16,Spark | Sparkev,true
2009,chevrolet,spark,1,185/55R15 195/50R16,Spark | Sparkev,true
2010,chevrolet,spark,1,185/55R15 195/50R16,Spark | Sparkev,true
2011,chevrolet,spark,1,185/55R15 195/50R16,Spark | Sparkev,true
2012,chevrolet,spark,1,185/55R15 195/50R16,Spark | Sparkev,true
2023,chevrolet,spark,1,185/55R15 195/50R16,Spark | Sparkev,true
1992,chevrolet,tahoe,7,235/75R15 245/75R16 265/70R16,Tahoe | Tahoehybrid | Tahoe 1500 | Tahoe High Country | Tahoe High | Tahoe LS | Tahoe LT | Tahoe Premier | Tahoe RST | Tahoe Z71,true
1993,chevrolet,tahoe,7,235/75R15 245/75R16 265/70R16,Tahoe | Tahoehybrid | Tahoe 1500 | Tahoe High Country | Tahoe High | Tahoe LS | Tahoe LT | Tahoe Premier | Tahoe RST | Tahoe Z71,true
1994,chevrolet,tahoe,7,235/75R15 245/75R16 265/70R16,Tahoe | Tahoehybrid | Tahoe 1500 | Tahoe High Country | Tahoe High | Tahoe LS | Tahoe LT | Tahoe Premier | Tahoe RST | Tahoe Z71,true
2001,chevrolet,trailblazer,1,245/70R16 245/65R17 245/60R18,Trailblazer | Trailblazerext,true
2013,chevrolet,trailblazer,1,215/55R17 225/55R18 235/45R19,Trailblazer | Trailblazerext,true
2014,chevrolet,trailblazer,1,245/70R16 265/60R18,Trailblazer | Trailblazerext | Trailblazer 2.8 D | Trailblazer 2.8,true
2015,chevrolet,trailblazer,1,215/55R17 225/55R18 235/45R19,Trailblazer | Trailblazerext,true
2016,chevrolet,trailblazer,1,215/55R17 225/55R18 235/45R19,Trailblazer | Trailblazerext,true
2017,chevrolet,trailblazer,1,215/55R17 225/55R18 235/45R19,Trailblazer | Trailblazerext,true
2019,chevrolet,trailblazer,1,215/55R17 225/55R18 235/45R19,Trailblazer | Trailblazerext,true
2020,chevrolet,trailblazer,1,225/60R17 215/65R16 225/55R18,Trailblazer | Trailblazerext | Trailblazer 1.2T,true
2013,chevrolet,trax,1,205/70R16 215/55R18,Trax,true
2014,chevrolet,trax,1,205/70R16 215/55R18,Trax,true
2023,chevrolet,trax,1,205/70R16 205/65R17 215/55R18,Trax,true
2010,chevrolet,volt,1,215/55R17 215/50R17,Volt,true
2010,chrysler,200,1,215/55R17 235/45R18 235/40R19,200,true
2004,chrysler,300,1,215/65R17 235/55R18 245/45R19 245/45R20,300 | 300 C | 300 S,true
2024,chrysler,300,5,235/55R19 225/60R18 215/65R17 245/45R20,300 | 300 C | 300 S | 300 300C | 300 300S | 300 Touring | 300 Touring L | 300 L,true
2025,chrysler,300,5,245/45R20 225/60R18 215/65R17 235/55R19,300 | 300 C | 300 S | 300 300C | 300 300S | 300 Touring | 300 Touring L | 300 L,true
2026,chrysler,300,5,215/65R17 225/60R18 235/55R19 245/45R20,300 | 300 C | 300 S | 300 300C | 300 300S | 300 Touring | 300 Touring L | 300 L,true
2003,chrysler,crossfire,1,225/40R18 255/35R19,Crossfire,true
1990,chrysler,dynasty,1,195/70R14 205/70R14,Dynasty,false
1991,chrysler,dynasty,1,195/70R14 205/70R14,Dynasty,false
1992,chrysler,dynasty,1,195/70R14 205/70R14 205/65R15,Dynasty,false
1993,chrysler,dynasty,1,195/70R14 205/70R14 205/65R15,Dynasty,false
1990,chrysler,fifth-avenue,1,195/70R14 205/70R14,Fifth Avenue | Newyorkerfifthavenue,false
1991,chrysler,fifth-avenue,1,195/70R14 205/70R14 205/65R15,Fifth Avenue | Newyorkerfifthavenue,false
1992,chrysler,fifth-avenue,1,195/70R14 205/70R14 205/65R15,Fifth Avenue | Newyorkerfifthavenue,false
1993,chrysler,fifth-avenue,1,195/70R14 205/70R14 205/65R15,Fifth Avenue | Newyorkerfifthavenue,false
1990,chrysler,grand-voyager,1,195/75R14 205/70R14 205/70R15,Grand Voyager | Voyager,false
1996,chrysler,grand-voyager,1,205/70R15 215/65R16,Grand Voyager | Voyager,false
1997,chrysler,grand-voyager,1,205/70R15 215/65R16,Grand Voyager | Voyager,false
1998,chrysler,grand-voyager,1,205/70R15 215/65R16,Grand Voyager | Voyager,false
1999,chrysler,grand-voyager,1,215/70R15 215/65R16,Grand Voyager | Voyager,false
2016,chrysler,pacifica,1,235/60R18 235/55R19 245/50R20,Pacifica | Pacificahybrid,true
2017,chrysler,pacifica,2,235/55R18 235/50R20 235/65R17,Pacifica | Pacificahybrid | Pacifica LX/Touring | Pacifica LX/ | Pacifica Limited/Pinnacle,true
2019,chrysler,pacifica,2,235/55R18 235/50R20 235/65R17,Pacifica | Pacificahybrid | Pacifica LX/Touring | Pacifica LX/ | Pacifica Limited/Pinnacle,true
2020,chrysler,pacifica,3,235/65R17 235/60R18 245/55R19 245/50R20 245/60R18 235/55R18 235/50R20,Pacifica | Pacificahybrid | Pacifica 3.6H | Pacifica LX/Touring | Pacifica LX/ | Pacifica Limited/Pinnacle,true
2021,chrysler,pacifica,2,235/65R17 235/55R18 235/50R20,Pacifica | Pacificahybrid | Pacifica LX/Touring | Pacifica LX/ | Pacifica Limited/Pinnacle,true
2022,chrysler,pacifica,2,235/65R17 235/55R18 235/50R20,Pacifica | Pacificahybrid | Pacifica LX/Touring | Pacifica LX/ | Pacifica Limited/Pinnacle,true
2023,chrysler,pacifica,2,235/65R17 235/55R18 235/50R20,Pacifica | Pacificahybrid | Pacifica LX/Touring | Pacifica LX/ | Pacifica Limited/Pinnacle,true
2024,chrysler,pacifica,2,235/55R18 235/50R20 235/65R17,Pacifica | Pacificahybrid | Pacifica LX/Touring | Pacifica LX/ | Pacifica Limited/Pinnacle,true
2025,chrysler,pacifica,2,235/55R18 235/50R20 235/65R17,Pacifica | Pacificahybrid | Pacifica LX/Touring | Pacifica LX/ | Pacifica Limited/Pinnacle,true
2026,chrysler,pacifica,2,235/65R17 235/55R18 235/50R20,Pacifica | Pacificahybrid | Pacifica LX/Touring | Pacifica LX/ | Pacifica Limited/Pinnacle,true
2000,chrysler,pt-cruiser,1,195/65R15 205/55R16 205/50R17,PT Cruiser | PTCRUISER,true
1990,chrysler,voyager,1,195/75R14 205/70R14 205/70R15,Voyager | Grandvoyager,false
1991,chrysler,voyager,1,195/75R14 205/70R14 205/70R15,Voyager | Grandvoyager,false
1992,chrysler,voyager,1,195/75R14 205/70R14 205/70R15,Voyager | Grandvoyager,false
1993,chrysler,voyager,1,195/75R14 205/70R14 205/70R15,Voyager | Grandvoyager,false
1994,chrysler,voyager,1,195/75R14 205/70R14 205/70R15,Voyager | Grandvoyager,false
1995,chrysler,voyager,1,195/75R14 205/70R14 205/70R15,Voyager | Grandvoyager,false
1996,chrysler,voyager,1,205/70R15 215/65R16,Voyager | Grandvoyager,false
1997,chrysler,voyager,1,205/70R15 215/65R16,Voyager | Grandvoyager,false
1998,chrysler,voyager,1,205/70R15 215/65R16,Voyager | Grandvoyager,false
1999,chrysler,voyager,1,205/70R15 215/65R16,Voyager | Grandvoyager,false
2006,dodge,caliber,1,205/65R15 215/60R17 225/50R18,Caliber,true
2024,dodge,challenger,9,245/45R20 275/40R20 305/35R20 215/65R17 235/55R18 245/45R18,Challenger | Challengersrt | Challenger GT | Challenger R/T | Challenger R/T Scat Pack | Challenger R/T Scat Pack Widebody | Challenger SRT Demon 170 | Challenger SRT | Challenger SRT Hellcat | Challenger SRT Hellcat Widebody | Challenger SXT,true
2005,dodge,charger,1,215/65R17 225/60R18,Charger | Chargersrt | Charger Daytona,true
2012,dodge,dart,1,195/65R15 225/45R17 225/40R18,Dart,true
2010,dodge,durango,1,265/60R18 265/50R20,Durango | Durango SXT/Crew/R/T,true
2022,dodge,hornet,1,215/60R17 235/50R18 235/45R19 225/55R18 235/40R20,Hornet | Hornet 2.0 Turbo | Hornet 2.0,true
2026,dodge,hornet,1,225/55R17 235/50R18 235/40R20,Hornet,true
2012,dodge,nitro,1,225/75R16 235/65R16 235/65R17 245/50R20,Nitro,true
1994,dodge,ram-van-b1500,1,215/75R15 225/75R15,B1500 | Ram 1500 Van | RAM VAN B1500 | Ramvan | B 1500,true
1994,dodge,ram-van-b2500,1,225/75R15 235/75R15,B2500 | Ram 2500 Van | RAM VAN B2500 | Ramvan | B 2500,true
1994,dodge,ram-van-b3500,1,225/75R16 245/75R16,B3500 | Ram 3500 Van | RAM VAN B3500 | Ramvan | B 3500,true
2015,ferrari,488,1,245/35R20 305/30R20,488 GTB | 488 | 488 Spider | 488 488 GTB/Spider | 488 488,true
2019,ferrari,f8,1,245/35R20 305/30R20,F8 Tributo | F8 Spider | F8 | F 8 Tributo | F 8 Spider | F8 Tributo F8 Tributo/Spider | F8 Tributo F8,true
2020,ferrari,roma,1,255/35R20 285/35R20,Roma | Roma Roma,true
2026,ferrari,roma,1,255/35R20 285/35R20,Roma | Roma Roma,true
2020,ferrari,sf90,1,255/35R20 315/30R20,SF90 Stradale | SF90 Spider | Sf90 | SF 90 Stradale | SF 90 Spider | SF90 Stradale SF90 Stradale/Spider | SF90 Stradale SF90,true
2025,ferrari,sf90,1,255/35R20 315/30R20,SF90 Stradale | SF90 Spider | Sf90 | SF 90 Stradale | SF 90 Spider | SF90 Stradale SF90 Stradale/Spider | SF90 Stradale SF90,true
2026,ferrari,sf90,1,255/35R20 315/30R20,SF90 Stradale | SF90 Spider | Sf90 | SF 90 Stradale | SF 90 Spider | SF90 Stradale SF90 Stradale/Spider | SF90 Stradale SF90,true
2016,fiat,124-spider,1,205/45R17 195/50R16,124 Spider | 124SPIDER | 124,true
2020,fiat,500,1,195/45R16 205/40R17,500 | 500e | 500c | 500 C | 500 E | 500 1.4 MultiAir | 500 1.4,true
2021,fiat,500,1,195/55R16 205/45R17,500 | 500e | 500c | 500 C | 500 E,true
2022,fiat,500,1,195/55R16 205/45R17,500 | 500e | 500c | 500 C | 500 E,true
2023,fiat,500,1,195/55R16 205/45R17,500 | 500e | 500c | 500 C | 500 E,true
2024,fiat,500x,1,215/60R16 215/55R17 215/60R17 215/55R18 225/45R18 225/45R19,500X,true
2025,fiat,500x,1,215/60R16 215/55R17 215/60R17 215/55R18 225/45R18 225/45R19,500X,true
2000,ford,escape,1,225/70R15,Escape | Escapehybrid | Escape XLS/XLT,true
1991,ford,f-250,1,215/85R16 235/85R16,F-250 Super Duty | F-250 | F 250 | F250 | F 250 Superduty | F-250 Super Duty King Ranch | F-250 Super Duty Lariat | F-250 Super Duty XL | F-250 Super Duty XLT | F-250 Super Duty F-250 / F-250 HD 4x2 & 4x4 | F-250 Super Duty F-250 / F-250 HD & | F-250 Super Duty F-250,true
1992,ford,f-250,1,215/85R16 235/85R16,F-250 Super Duty | F-250 | F 250 | F250 | F 250 Superduty | F-250 Super Duty King Ranch | F-250 Super Duty Lariat | F-250 Super Duty XL | F-250 Super Duty XLT | F-250 Super Duty F-250 / F-250 HD 4x2 & 4x4 | F-250 Super Duty F-250 / F-250 HD & | F-250 Super Duty F-250,true
1993,ford,f-250,1,215/85R16 235/85R16,F-250 Super Duty | F-250 | F 250 | F250 | F 250 Superduty | F-250 Super Duty King Ranch | F-250 Super Duty Lariat | F-250 Super Duty XL | F-250 Super Duty XLT | F-250 Super Duty F-250 / F-250 HD 4x2 & 4x4 | F-250 Super Duty F-250 / F-250 HD & | F-250 Super Duty F-250,true
1994,ford,f-250,1,215/85R16 235/85R16,F-250 Super Duty | F-250 | F 250 | F250 | F 250 Superduty | F-250 Super Duty King Ranch | F-250 Super Duty Lariat | F-250 Super Duty XL | F-250 Super Duty XLT | F-250 Super Duty F-250 / F-250 HD 4x2 & 4x4 | F-250 Super Duty F-250 / F-250 HD & | F-250 Super Duty F-250,true
2000,ford,f-450-super-duty,2,225/70R19.5 265/70R17 235/80R17,F-450 Super Duty | F 450 Super Duty | F450 Super Duty | F 450,false
2001,ford,f-450-super-duty,2,235/80R17 225/70R19.5 265/70R17,F-450 Super Duty | F 450 Super Duty | F450 Super Duty | F 450,false
2002,ford,f-450-super-duty,2,225/70R19.5 265/70R17 235/80R17,F-450 Super Duty | F 450 Super Duty | F450 Super Duty | F 450,false
2003,ford,f-450-super-duty,2,225/70R19.5 265/70R17 235/80R17,F-450 Super Duty | F 450 Super Duty | F450 Super Duty | F 450,false
2004,ford,f-450-super-duty,2,225/70R19.5 265/70R17 235/80R17,F-450 Super Duty | F 450 Super Duty | F450 Super Duty | F 450,false
2005,ford,f-450-super-duty,2,235/80R17 225/70R19.5 265/70R17,F-450 Super Duty | F 450 Super Duty | F450 Super Duty | F 450,false
2006,ford,f-450-super-duty,2,235/80R17 225/70R19.5 265/70R17,F-450 Super Duty | F 450 Super Duty | F450 Super Duty | F 450,false
2007,ford,f-450-super-duty,2,225/70R19.5 265/70R17 235/80R17,F-450 Super Duty | F 450 Super Duty | F450 Super Duty | F 450,false
2008,ford,f-450-super-duty,3,225/70R19.5 265/70R17 245/75R17,F-450 Super Duty | F 450 Super Duty | F450 Super Duty | F 450 | F-450 Super Duty DRW,false
2009,ford,f-450-super-duty,3,245/75R17 225/70R19.5 265/70R17,F-450 Super Duty | F 450 Super Duty | F450 Super Duty | F 450 | F-450 Super Duty DRW,false
2010,ford,f-450-super-duty,3,245/75R17 225/70R19.5 265/70R17,F-450 Super Duty | F 450 Super Duty | F450 Super Duty | F 450 | F-450 Super Duty DRW,false
2011,ford,f-450-super-duty,3,245/75R17 225/70R19.5 265/70R17,F-450 Super Duty | F 450 Super Duty | F450 Super Duty | F 450 | F-450 Super Duty DRW,false
2012,ford,f-450-super-duty,3,245/75R17 225/70R19.5 265/70R17,F-450 Super Duty | F 450 Super Duty | F450 Super Duty | F 450 | F-450 Super Duty DRW,false
2013,ford,f-450-super-duty,3,225/70R19.5 265/70R17 245/75R17,F-450 Super Duty | F 450 Super Duty | F450 Super Duty | F 450 | F-450 Super Duty DRW,false
2014,ford,f-450-super-duty,3,245/75R17 225/70R19.5 265/70R17,F-450 Super Duty | F 450 Super Duty | F450 Super Duty | F 450 | F-450 Super Duty DRW,false
2015,ford,f-450-super-duty,3,225/70R19.5 245/75R17 265/70R17,F-450 Super Duty | F 450 Super Duty | F450 Super Duty | F 450 | F-450 Super Duty DRW,false
2016,ford,f-450-super-duty,3,225/70R19.5 265/70R17 245/75R17,F-450 Super Duty | F 450 Super Duty | F450 Super Duty | F 450 | F-450 Super Duty DRW,false
2017,ford,f-450-super-duty,3,225/70R19.5 265/70R17 245/75R17,F-450 Super Duty | F 450 Super Duty | F450 Super Duty | F 450 | F-450 Super Duty DRW,false
2019,ford,f-450-super-duty,3,225/70R19.5 265/70R17 245/75R17,F-450 Super Duty | F 450 Super Duty | F450 Super Duty | F 450 | F-450 Super Duty DRW,false
2020,ford,f-450-super-duty,3,245/75R17 225/70R19.5 265/70R17,F-450 Super Duty | F 450 Super Duty | F450 Super Duty | F 450 | F-450 Super Duty DRW,false
2021,ford,f-450-super-duty,3,225/70R19.5 265/70R17 245/75R17,F-450 Super Duty | F 450 Super Duty | F450 Super Duty | F 450 | F-450 Super Duty DRW,false
2022,ford,f-450-super-duty,3,225/70R19.5 245/75R17 265/70R17,F-450 Super Duty | F 450 Super Duty | F450 Super Duty | F 450 | F-450 Super Duty DRW,false
2023,ford,f-450-super-duty,3,245/75R17 225/70R19.5 265/70R17,F-450 Super Duty | F 450 Super Duty | F450 Super Duty | F 450 | F-450 Super Duty DRW,false
2024,ford,f-450-super-duty,3,225/70R19.5 265/70R17 245/75R17,F-450 Super Duty | F 450 Super Duty | F450 Super Duty | F 450 | F-450 Super Duty DRW,false
2025,ford,f-450-super-duty,3,245/75R17 225/70R19.5 265/70R17,F-450 Super Duty | F 450 Super Duty | F450 Super Duty | F 450 | F-450 Super Duty DRW,false
2026,ford,f-450-super-duty,3,225/70R19.5 265/70R17 245/75R17,F-450 Super Duty | F 450 Super Duty | F450 Super Duty | F 450 | F-450 Super Duty DRW,false
2000,ford,fiesta,1,185/60R15 195/50R16 205/45R17,Fiesta,true
2001,ford,fiesta,1,185/60R15 195/50R16 205/45R17,Fiesta,true
2002,ford,fiesta,1,185/60R15 195/50R16 205/45R17,Fiesta,true
2003,ford,fiesta,1,185/60R15 195/50R16 205/45R17,Fiesta,true
2004,ford,fiesta,1,185/60R15 195/50R16 205/45R17,Fiesta,true
2005,ford,fiesta,1,185/60R15 195/50R16 205/45R17,Fiesta,true
2006,ford,fiesta,1,185/60R15 195/50R16 205/45R17,Fiesta,true
2007,ford,fiesta,1,185/60R15 195/50R16 205/45R17,Fiesta,true
2008,ford,fiesta,1,185/60R15 195/50R16 205/45R17,Fiesta,true
2009,ford,fiesta,1,185/60R15 195/50R16 205/45R17,Fiesta,true
2010,ford,fiesta,1,185/60R15 195/50R16 205/45R17,Fiesta,true
2020,ford,fiesta,1,185/60R15 195/50R16 205/45R17,Fiesta,true
2021,ford,fiesta,1,185/60R15 195/50R16 205/45R17,Fiesta,true
2022,ford,fiesta,1,185/60R15 195/50R16 205/45R17,Fiesta,true
2023,ford,fiesta,1,185/60R15 195/50R16 205/45R17,Fiesta,true
2024,ford,fiesta,1,185/60R15 195/50R16 205/45R17,Fiesta,true
2008,ford,flex,1,235/60R18 255/50R19 265/45R20,Flex,true
2019,ford,focus,1,205/55R16 215/50R17 235/40R18,Focus | Focuselectric,true
2020,ford,focus,1,205/60R16 195/65R16 215/50R17 235/45R17,Focus | Focuselectric | Focus 1.0 EcoBoost | Focus 1.0,true
2021,ford,focus,1,205/55R16 215/50R17 235/40R18,Focus | Focuselectric,true
2022,ford,focus,1,205/55R16 215/50R17 235/40R18,Focus | Focuselectric,true
2023,ford,focus,1,205/60R16 215/50R17 235/40R18 235/45R17,Focus | Focuselectric | Focus 1.0 EcoBoost | Focus 1.0,true
2024,ford,focus,1,205/55R16 215/50R17 235/40R18,Focus | Focuselectric,true
2025,ford,focus,1,205/55R16 215/50R17 235/40R18,Focus | Focuselectric,true
2002,ford,fusion,1,225/50R17 235/45R18 245/40R19,Fusion | Fusionhybrid | Fusionenergi,true
2003,ford,fusion,1,225/50R17 235/45R18 245/40R19,Fusion | Fusionhybrid | Fusionenergi,true
2004,ford,fusion,1,225/50R17 235/45R18 245/40R19,Fusion | Fusionhybrid | Fusionenergi,true
2005,ford,fusion,1,225/50R17 235/45R18 245/40R19,Fusion | Fusionhybrid | Fusionenergi,true
2021,ford,fusion,1,215/60R16 235/50R17 235/45R18 235/40R19,Fusion | Fusionhybrid | Fusionenergi | Fusion 1.5 EcoBoost | Fusion 1.5,true
2021,ford,maverick,1,225/65R17 225/60R18 235/65R17 235/60R18 235/55R19 225/55R19 245/50R19,Maverick | Maverick 2.0 EcoBoost | Maverick 2.0,true
2020,ford,mustang-mach-e,1,245/45R20 245/40R21,Mustang Mach-E | Mustang Mach E | Mache | Mustang Mach-E Extended Range | Mustang Mach-E Extended,true
2012,ford,ranger,6,225/70R15 235/70R15 235/65R15,Ranger | Ranger Lariat | Ranger Raptor | Ranger Tremor | Ranger XL | Ranger XLT | Ranger 2.3i,true
2013,ford,ranger,1,255/70R16 215/70R16 265/65R17 265/60R18,Ranger | Ranger 2.2 TDCi | Ranger 2.2,true
2014,ford,ranger,1,255/70R16 215/70R16 265/65R17 265/60R18,Ranger | Ranger 2.2 TDCi | Ranger 2.2,true
2015,ford,ranger,1,255/70R16 265/65R17 265/60R18,Ranger | Ranger 2.2 TDCi | Ranger 2.2,true
2016,ford,ranger,1,255/70R16 265/65R17 265/60R18,Ranger | Ranger 2.2 TDCi | Ranger 2.2,true
2017,ford,ranger,1,265/65R17 265/60R18 255/70R16,Ranger | Ranger 2.0 TDCi | Ranger 2.0,true
2003,ford,sportka,1,205/55R16,Sportka,false
2004,ford,sportka,1,205/55R16,Sportka,false
2005,ford,sportka,1,205/55R16,Sportka,false
2006,ford,sportka,1,205/55R16,Sportka,false
2007,ford,sportka,1,205/55R16,Sportka,false
2008,ford,sportka,1,205/55R16,Sportka,false
2003,ford,streetka,1,205/55R16,Streetka,false
2004,ford,streetka,1,205/55R16,Streetka,false
2005,ford,streetka,1,205/55R16,Streetka,false
2006,ford,streetka,1,205/55R16,Streetka,false
2020,ford,taurus,1,235/55R17 245/45R19 255/40R20,Taurus | Taurussho | Taurusx,true
2021,ford,taurus,1,235/55R17 245/45R19 255/40R20,Taurus | Taurussho | Taurusx,true
2022,ford,taurus,1,235/55R17 245/45R19 255/40R20,Taurus | Taurussho | Taurusx,true
2023,ford,taurus,1,235/55R17 245/45R19 255/40R20,Taurus | Taurussho | Taurusx,true
2024,ford,taurus,1,235/55R17 245/45R19 255/40R20,Taurus | Taurussho | Taurusx,true
2025,ford,taurus,1,235/55R17 245/45R19 255/40R20,Taurus | Taurussho | Taurusx,true
2018,ford vans,transit-350-hd,3,195/75R16,Transit 350 HD | Transit | Transit 350 | Transit 350 HD (DRW)(C-Type Tires) | Transit 350 HD (DRW)(C-Type | Transit 350 HD XL (DRW)(C-Type Tires) | Transit 350 HD XL | Transit 350 HD XLT (DRW)(C-Type Tires) | Transit 350 HD XLT,false
1998,geo,metro,1,155/80R13 175/70R14,Metro | Geometro,true
1999,geo,metro,1,155/80R13 175/70R14,Metro | Geometro,true
2000,geo,metro,1,155/80R13 175/70R14,Metro | Geometro,true
2001,geo,metro,1,155/80R13 175/70R14,Metro | Geometro,true
1998,geo,prizm,1,185/65R14 185/65R15,Prizm | Geoprizm,true
1999,geo,prizm,1,185/65R14 185/65R15,Prizm | Geoprizm,true
2000,geo,prizm,1,185/65R14 185/65R15,Prizm | Geoprizm,true
2001,geo,prizm,1,185/65R14 185/65R15,Prizm | Geoprizm,true
2002,geo,prizm,1,185/65R14 185/65R15,Prizm | Geoprizm,true
2006,gmc,acadia,1,235/65R17 255/55R20 275/45R21,Acadia | Acadialimited,true
2022,gmc,hummer-ev-suv,1,305/70R18 305/55R22,Hummer EV SUV | Hummerev | Hummerevpickup | Hummer EV SUV Edition 1 | Hummer EV SUV Edition,true
2023,gmc,hummer-ev-suv,3,305/70R18 305/55R22,Hummer EV SUV | Hummerev | Hummerevpickup | Hummer EV SUV EV2X | Hummer EV SUV EV3X | Hummer EV SUV Edition 1 | Hummer EV SUV Edition,true
1990,gmc,sonoma,1,195/75R14 205/75R14 205/75R15 235/75R15,Sonoma | S 15,true
1990,gmc,suburban,1,235/75R15 245/75R15,K1500 Suburban | C1500 Suburban | K2500 Suburban | C2500 Suburban | Suburban | Suburban 1500 | Yukonxl,true
1991,gmc,suburban,1,235/75R15 245/75R15,K1500 Suburban | C1500 Suburban | K2500 Suburban | C2500 Suburban | Suburban | Suburban 1500 | Yukonxl,true
2009,gmc,terrain,1,225/65R17 235/55R19 235/50R20,Terrain,true
2016,honda,clarity,1,235/45R18,Clarity,true
2011,honda,crosstour,1,225/65R17 235/60R18,Crosstour | Accordcrosstour,true
2016,honda,crosstour,1,225/65R17 235/60R18,Crosstour | Accordcrosstour,true
2009,honda,insight,1,175/65R15 195/55R16,Insight,true
2025,honda,prelude,1,195/60R15 205/50R16 215/45R17,Prelude,true
2015,honda,ridgeline,6,245/60R18 275/45R20,Ridgeline | Ridgeline Black Edition | Ridgeline Black | Ridgeline RTL | Ridgeline RTL-E | Ridgeline Sport | Ridgeline TrailSport,true
2016,honda,ridgeline,6,245/60R18 275/45R20,Ridgeline | Ridgeline Black Edition | Ridgeline Black | Ridgeline RTL | Ridgeline RTL-E | Ridgeline Sport | Ridgeline TrailSport,true
2005,hummer,h1,1,37X12.50R17,H1 | AM General|Hummer | AM General|H1 | H 1 Alpha,true
2017,hyundai,kona,1,215/55R17 235/45R18,Kona,true
2000,hyundai,santa-fe,1,215/70R15 225/70R16,Santa FE | Santafesport | Santafexl,true
2007,hyundai,santa-fe-classic,2,195/65R15 235/70R16,Santa FE Classic | Santafe,false
2008,hyundai,santa-fe-classic,2,195/65R15 235/70R16,Santa FE Classic | Santafe,false
2009,hyundai,santa-fe-classic,2,235/70R16 195/65R15,Santa FE Classic | Santafe,false
2010,hyundai,santa-fe-classic,2,235/70R16 195/65R15,Santa FE Classic | Santafe,false
2011,hyundai,santa-fe-classic,2,195/65R15 235/70R16,Santa FE Classic | Santafe,false
2012,hyundai,santa-fe-classic,2,195/65R15 235/70R16,Santa FE Classic | Santafe,false
2004,hyundai,tucson,1,215/65R16 235/55R17,Tucson,true
2011,hyundai,veloster,1,215/45R17 225/40R18,Veloster,true
2006,hyundai,veracruz,1,235/65R17 245/60R18 265/50R20,Veracruz,true
2013,hyundai,veracruz,1,235/65R17 245/60R18 265/50R20,Veracruz,true
2014,hyundai,veracruz,1,235/65R17 245/60R18 265/50R20,Veracruz,true
2015,hyundai,veracruz,1,235/65R17 245/60R18 265/50R20,Veracruz,true
2025,infiniti,q50,5,225/55R17 225/50R18 245/40R19 265/35R19,Q50 | Q50 Luxe | Q50 Pure | Q50 Red Sport 400 | Q50 Red | Q50 Sensory,true
2026,infiniti,q50,5,225/55R17 225/50R18 245/40R19 265/35R19,Q50 | Q50 Luxe | Q50 Pure | Q50 Red Sport 400 | Q50 Red | Q50 Sensory,true
2013,infiniti,q60,1,225/50R18 245/40R19 265/35R19,Q60,true
2016,infiniti,q60,1,245/40R19 255/40R19 255/35R20 275/35R20,Q60 | Q60 2.0t,true
2023,infiniti,q60,1,225/50R18 245/40R19 265/35R19,Q60,true
2013,infiniti,q70,1,245/50R18 265/40R20,Q70,true
2020,infiniti,q70,1,245/50R18 265/40R20,Q70,true
2021,infiniti,q70,1,245/50R18 265/40R20,Q70,true
2008,infiniti,qx50,6,225/60R17 225/55R18,Qx50 | Qx50 Autograph | Qx50 Essential | Qx50 Luxe | Qx50 Pure | Qx50 Sensory,true
2009,infiniti,qx50,6,225/60R17 225/55R18,Qx50 | Qx50 Autograph | Qx50 Essential | Qx50 Luxe | Qx50 Pure | Qx50 Sensory,true
2010,infiniti,qx50,6,225/60R17 225/55R18,Qx50 | Qx50 Autograph | Qx50 Essential | Qx50 Luxe | Qx50 Pure | Qx50 Sensory,true
2011,infiniti,qx50,6,225/60R17 225/55R18,Qx50 | Qx50 Autograph | Qx50 Essential | Qx50 Luxe | Qx50 Pure | Qx50 Sensory,true
2012,infiniti,qx50,6,225/60R17 225/55R18,Qx50 | Qx50 Autograph | Qx50 Essential | Qx50 Luxe | Qx50 Pure | Qx50 Sensory,true
2013,infiniti,qx50,6,225/60R17 225/55R18 245/45R19 255/40R20 285/30R21,Qx50 | Qx50 Autograph | Qx50 Essential | Qx50 Luxe | Qx50 Pure | Qx50 Sensory,true
2026,infiniti,qx50,6,235/55R19 255/45R20,Qx50 | Qx50 Autograph | Qx50 Essential | Qx50 Luxe | Qx50 Pure | Qx50 Sensory,true
2013,infiniti,qx60,5,235/65R18 235/55R20,Qx60 | Qx60 Autograph | Qx60 Luxe | Qx60 Pure | Qx60 Sensory,true
2021,infiniti,qx60,5,235/65R18 235/55R20 255/50R20 255/45R21,Qx60 | Qx60 Autograph | Qx60 Luxe | Qx60 Pure | Qx60 Sensory | Qx60 3.5i,true
2013,infiniti,qx70,1,265/50R20 265/45R21,Qx70,true
2004,infiniti,qx80,4,265/70R18 275/60R20,Qx80 | Qx80 Luxe | Qx80 Premium Select | Qx80 Premium | Qx80 Sensory,true
2005,infiniti,qx80,4,265/70R18 275/60R20,Qx80 | Qx80 Luxe | Qx80 Premium Select | Qx80 Premium | Qx80 Sensory,true
2006,infiniti,qx80,4,265/70R18 275/60R20,Qx80 | Qx80 Luxe | Qx80 Premium Select | Qx80 Premium | Qx80 Sensory,true
2007,infiniti,qx80,4,265/70R18 275/60R20,Qx80 | Qx80 Luxe | Qx80 Premium Select | Qx80 Premium | Qx80 Sensory,true
2008,infiniti,qx80,4,265/70R18 275/60R20,Qx80 | Qx80 Luxe | Qx80 Premium Select | Qx80 Premium | Qx80 Sensory,true
2009,infiniti,qx80,4,265/70R18 275/60R20,Qx80 | Qx80 Luxe | Qx80 Premium Select | Qx80 Premium | Qx80 Sensory,true
2010,infiniti,qx80,4,265/70R18 275/60R20,Qx80 | Qx80 Luxe | Qx80 Premium Select | Qx80 Premium | Qx80 Sensory,true
2011,infiniti,qx80,4,275/60R20 275/50R22,Qx80 | Qx80 Luxe | Qx80 Premium Select | Qx80 Premium | Qx80 Sensory,true
2012,infiniti,qx80,4,275/60R20 275/50R22,Qx80 | Qx80 Luxe | Qx80 Premium Select | Qx80 Premium | Qx80 Sensory,true
2013,infiniti,qx80,4,275/60R20 275/50R22 305/45R22,Qx80 | Qx80 Luxe | Qx80 Premium Select | Qx80 Premium | Qx80 Sensory,true
2017,jaguar,e-pace,1,225/65R17 235/60R18 245/45R20 235/55R19 245/45R21 235/65R17,E-PACE | E Pace | EPACE | E-PACE P250,true
2025,jaguar,e-pace,1,235/60R18 235/55R19 245/45R20 225/65R17 245/45R21 235/65R17,E-PACE | E Pace | EPACE,true
2015,jaguar,f-pace,1,255/55R18 255/50R19 265/45R20,F-PACE | F Pace | FPACE,true
2016,jaguar,f-pace,1,255/55R18 255/50R19 265/45R20,F-PACE | F Pace | FPACE,true
2012,jaguar,f-type,4,245/45R18 275/40R18 245/40R19 275/35R19 255/35R20 295/30R20,F-TYPE | F Type | FTYPE | F-TYPE S | F-TYPE V8 S | F-TYPE V8 | F-TYPE 3.0,true
2013,jaguar,f-type,4,245/45R18 275/40R18 245/40R19 275/35R19 255/35R20 295/30R20,F-TYPE | F Type | FTYPE | F-TYPE S | F-TYPE V8 S | F-TYPE V8,true
2025,jaguar,f-type,1,255/40R19 255/35R20,F-TYPE | F Type | FTYPE,true
2021,jaguar,i-pace,1,235/65R18 245/50R20 255/40R22 235/60R19,I-PACE | I Pace | IPACE | I-PACE EV400,true
2025,jaguar,i-pace,1,245/50R20 265/40R22,I-PACE | I Pace | IPACE,true
2001,jaguar,x-type,1,205/55R16,X-TYPE | X Type | XTYPE,true
2009,jaguar,x-type,1,205/55R16,X-TYPE | X Type | XTYPE,true
2015,jaguar,xe,5,225/45R18 235/40R19,XE | XE Premium | XE Prestige | XE R-Dynamic | XE S,true
2016,jaguar,xe,5,225/45R18 235/40R19,XE | XE Premium | XE Prestige | XE R-Dynamic | XE S,true
2021,jaguar,xe,5,245/40R18 255/35R19 265/30R20,XE | XE Premium | XE Prestige | XE R-Dynamic | XE S,true
2022,jaguar,xe,5,245/40R18 255/35R19 265/30R20,XE | XE Premium | XE Prestige | XE R-Dynamic | XE S,true
2023,jaguar,xe,5,245/40R18 255/35R19,XE | XE Premium | XE Prestige | XE R-Dynamic | XE S,true
2024,jaguar,xe,5,245/40R18 255/35R19 265/30R20,XE | XE Premium | XE Prestige | XE R-Dynamic | XE S,true
2025,jaguar,xe,5,245/40R18 255/35R19 265/30R20,XE | XE Premium | XE Prestige | XE R-Dynamic | XE S,true
2007,jaguar,xf,1,225/55R17 255/45R18 275/35R20,XF,true
2008,jaguar,xf,1,225/55R17 255/45R18 275/35R20,XF,true
2025,jaguar,xf,5,225/55R17 245/45R18 255/40R19 275/35R20 245/40R19 255/35R20 285/30R20,XF | XF Premium | XF Prestige | XF R-Dynamic | XF S,true
2010,jaguar,xj,9,245/40R20 275/35R20 245/45R19 275/40R19 245/50R18,XJ8 | XJ | XJR | XJ6 | XJ 6 | XJ 8 | XJ AWD | XJ Portfolio | XJ Supercharged | XJ Supersport | XJ XJ | XJ XJL | XJ XJR,true
2020,jaguar,xj,1,245/45R18 275/35R20 275/30R21,XJ8 | XJ | XJR | XJ6 | XJ 6 | XJ 8,true
2021,jaguar,xj,1,245/45R18 275/35R20 275/30R21,XJ8 | XJ | XJR | XJ6 | XJ 6 | XJ 8,true
2022,jaguar,xj,1,245/45R18 275/35R20 275/30R21,XJ8 | XJ | XJR | XJ6 | XJ 6 | XJ 8,true
1992,jaguar,xj220,1,255/45R17,Xj220,false
1993,jaguar,xj220,1,255/45R17,Xj220,false
1994,jaguar,xj220,1,255/45R17,Xj220,false
2002,jeep,cherokee,1,215/75R16 225/75R16 235/65R17,Cherokee,true
2003,jeep,cherokee,1,215/75R16 225/75R16 235/65R17,Cherokee,true
2004,jeep,cherokee,1,215/75R16 225/75R16 235/65R17,Cherokee,true
2005,jeep,cherokee,1,215/75R16 225/75R16 235/65R17,Cherokee,true
2006,jeep,cherokee,1,215/75R16 225/75R16 235/65R17,Cherokee,true
2007,jeep,cherokee,1,215/75R16 225/75R16 235/65R17,Cherokee,true
2008,jeep,cherokee,1,225/75R16 235/65R17,Cherokee,true
2009,jeep,cherokee,1,225/75R16 235/65R17,Cherokee,true
2010,jeep,cherokee,1,225/75R16 235/65R17 235/60R18 235/70R16 245/50R20,Cherokee,true
2011,jeep,cherokee,1,225/75R16 235/65R17 235/60R18 235/70R16 245/50R20,Cherokee,true
2012,jeep,cherokee,1,225/75R16 235/65R17 235/60R18 235/70R16 245/50R20,Cherokee,true
2013,jeep,cherokee,1,235/65R17 235/60R18 235/70R16 245/50R20,Cherokee | Cherokee Classic/Limited | Cherokee 3.7i,true
2019,jeep,gladiator,1,245/75R17 255/70R18 285/70R17 255/75R17 275/55R20,Gladiator | Gladiator 3.6 Pentastar | Gladiator 3.6,true
2024,jeep,renegade,5,215/65R16 215/60R17 225/55R17 225/55R18 235/45R19 215/65R17,Renegade | Renegade Latitude | Renegade Limited | Renegade Sport | Renegade Trailhawk,true
2025,jeep,renegade,5,215/65R17 215/65R16 215/60R17 225/55R18 235/45R19 225/55R17,Renegade | Renegade Latitude | Renegade Limited | Renegade Sport | Renegade Trailhawk,true
2026,jeep,renegade,5,215/65R16 215/60R17 225/55R17 225/55R18 235/45R19 215/65R17,Renegade | Renegade Latitude | Renegade Limited | Renegade Sport | Renegade Trailhawk,true
1996,jeep,wrangler,1,205/75R15 215/75R15 225/75R15,Wrangler | Wranglerunlimited | Wrangler 4 XE,true
2025,kia,forte,5,205/55R16 215/45R17 225/40R18,Forte | Forte FE | Forte GT | Forte GT-Line | Forte LXS,true
2026,kia,forte,5,225/40R18 225/45R17 195/65R15 205/55R16 215/45R17,Forte | Forte FE | Forte GT | Forte GT-Line | Forte LXS,true
2013,kia,sedona,2,225/70R16 235/60R17,Sedona | Carnival | Sedona EX/SX | Sedona LX,true
2002,kia,sorento,1,245/70R16,Sorento,true
2010,kia,sorento,7,235/65R17 235/60R18,Sorento | Sorento EX | Sorento LX | Sorento S | Sorento SX | Sorento SX Prestige | Sorento X-Line,true
2026,kia,soul,6,205/60R16 215/55R17 235/45R18,Soul | Soul EX | Soul GT-Line | Soul LX | Soul S | Soul Turbo,true
2003,kia,sportage,1,205/75R15,Sportage,true
2004,kia,sportage,1,205/75R15,Sportage,true
2017,kia,stinger,1,225/45R18 225/40R19 255/35R19,Stinger,true
2024,kia,stinger,1,225/45R18 225/40R19 255/35R19,Stinger,true
2026,kia,telluride,8,245/50R20 235/65R18 245/60R18,Telluride | Telluride EX | Telluride LX | Telluride S | Telluride SX | Telluride SX Prestige | Telluride X-Line | Telluride X-Pro,true
2014,lamborghini,huracan,1,245/35R19 305/30R19 245/30R20 305/30R20 235/40R19 285/40R19,Huracan | Huracan Huracan (All Variants) | Huracan Huracan,true
2000,land rover,defender,1,255/65R18,Defender 110 | Defender 90 | Defender 130 | Defender,true
2001,land rover,defender,1,255/65R18,Defender 110 | Defender 90 | Defender 130 | Defender,true
2002,land rover,defender,1,255/65R18,Defender 110 | Defender 90 | Defender 130 | Defender,true
2003,land rover,defender,1,255/65R18,Defender 110 | Defender 90 | Defender 130 | Defender,true
2004,land rover,defender,1,255/65R18,Defender 110 | Defender 90 | Defender 130 | Defender,true
2005,land rover,defender,1,255/65R18 255/60R20,Defender 110 | Defender 90 | Defender 130 | Defender,true
2006,land rover,defender,1,255/65R18 255/60R20,Defender 110 | Defender 90 | Defender 130 | Defender,true
2007,land rover,defender,1,255/65R18 255/60R20,Defender 110 | Defender 90 | Defender 130 | Defender,true
2008,land rover,defender,1,255/65R18 255/60R20,Defender 110 | Defender 90 | Defender 130 | Defender,true
2009,land rover,defender,1,255/65R18 255/60R20,Defender 110 | Defender 90 | Defender 130 | Defender,true
2010,land rover,defender,1,255/65R18 255/60R20 275/50R22,Defender 110 | Defender 90 | Defender 130 | Defender,true
2011,land rover,defender,1,255/65R18 255/60R20 275/50R22,Defender 110 | Defender 90 | Defender 130 | Defender,true
2012,land rover,defender,1,255/65R18 255/60R20 275/50R22,Defender 110 | Defender 90 | Defender 130 | Defender,true
2013,land rover,defender,1,255/65R18 255/60R20 275/50R22,Defender 110 | Defender 90 | Defender 130 | Defender,true
2014,land rover,defender,1,255/65R18 255/60R20 275/50R22,Defender 110 | Defender 90 | Defender 130 | Defender,true
2015,land rover,defender,1,255/65R18 255/60R20 275/50R22,Defender 110 | Defender 90 | Defender 130 | Defender,true
2016,land rover,defender,1,255/65R18 255/60R20 275/50R22,Defender 110 | Defender 90 | Defender 130 | Defender,true
2019,land rover,defender,1,255/65R18 255/60R20 275/50R22,Defender 110 | Defender 90 | Defender 130 | Defender,true
1993,land rover,defender-90,1,235/85R16 255/85R16,Defender 90 | Defender,true
2014,land rover,discovery-sport,1,235/60R18 235/55R19 245/45R20,Discovery Sport,true
2011,land rover,range-rover-evoque,1,235/60R18 245/45R20 255/40R21,Range Rover Evoque | Evoque,true
2005,land rover,range-rover-sport,1,255/55R19,Range Rover Sport,true
2017,land rover,range-rover-velar,2,255/55R19 275/45R20 275/40R21 285/35R22 255/50R20,Range Rover Velar | Velar,true
2026,lexus,es,5,215/55R17 235/45R18 235/40R19,ES350 | ES300h | ES250 | ES300 | ES330 | ES 250 | ES 300h | ES 350,true
2012,lexus,gs,4,225/50R17 235/45R18 235/40R19 265/35R19 245/40R18 255/35R19,GS350 | GS300 | GS F | GS450h | GS200t | GS 300 | GS 350 | GS 350 / (all trims) | GS 350 Sport Package,true
2002,lexus,gx,1,265/60R18 265/55R19,GX460 | GX550 | GX470,true
1999,lexus,is,5,205/55R16 215/45R17,IS350 | IS300 | IS250 | IS500 | IS F | IS200t | IS 300 | IS 350 | IS 500,true
2000,lexus,is,5,205/55R16 215/45R17,IS350 | IS300 | IS250 | IS500 | IS F | IS200t | IS 300 | IS 350 | IS 500,true
2017,lexus,lc,1,245/45R20 275/40R20 245/40R21 275/35R21,LC500 | LC500h | LC 500,true
2026,lexus,ls,4,245/50R19 245/45R20,LS460 | LS400 | LS500 | LS500h | LS430 | LS 500 | LS 500h,true
2012,lexus,lx,5,285/60R18 285/50R20 285/45R21 285/55R19 285/45R22 275/50R21,LX570 | LX600 | LX470 | LX450 | LX700h | LX 570,true
2019,lincoln,corsair,1,225/60R18 225/55R19 245/45R20 245/50R19,Corsair | Corsair 2.0 Turbo | Corsair 2.0,true
2014,lincoln,mkc,1,235/55R18 235/50R19,MKC,true
2020,lincoln,mkc,1,235/55R18 235/50R19,MKC,true
2009,lincoln,mkt,1,235/60R18 255/45R20,MKT,true
2006,lincoln,mkx,1,235/60R18 255/50R20 265/40R21,MKX,true
2006,lincoln,mkz,5,235/50R17,MKZ | MKZ Black Label | MKZ Black | MKZ Premiere | MKZ Reserve | MKZ Select,true
2012,lotus,elise,1,175/55R16 195/50R16 225/45R17,Elise | Elise Series 3 | Elise Series,true
2013,lotus,elise,1,175/55R16 195/50R16 225/45R17,Elise | Elise Series 3 | Elise Series,true
2014,lotus,elise,1,175/55R16 195/50R16 225/45R17,Elise | Elise Series 3 | Elise Series,true
2015,lotus,elise,1,175/55R16 195/50R16 225/45R17,Elise | Elise Series 3 | Elise Series,true
2016,lotus,elise,1,175/55R16 195/50R16 225/45R17,Elise | Elise Series 3 | Elise Series,true
2017,lotus,elise,1,175/55R16 195/50R16 225/45R17,Elise | Elise Series 3 | Elise Series,true
2019,lotus,elise,1,175/55R16 195/50R16 225/45R17,Elise | Elise Series 3 | Elise Series,true
2020,lotus,elise,1,175/55R16 195/50R16 225/45R17,Elise | Elise Series 3 | Elise Series,true
2021,lotus,elise,1,175/55R16 195/50R16 225/45R17,Elise | Elise Series 3 | Elise Series,true
2022,lotus,emira,1,245/35R20 295/30R20,Emira | Emira Emira,true
2009,lotus,evora,1,225/40R18 285/30R20,Evora | Evora GT | Evora 400 | Evoragt | Evora GT Evora/Evora S/Evora 400/Evora GT | Evora GT Evora/Evora,true
2015,lotus,evora,1,225/40R18 285/30R20,Evora | Evora GT | Evora 400 | Evoragt | Evora GT Evora/Evora S/Evora 400/Evora GT | Evora GT Evora/Evora,true
2016,lotus,evora,1,225/40R18 285/30R20,Evora | Evora GT | Evora 400 | Evoragt | Evora GT Evora/Evora S/Evora 400/Evora GT | Evora GT Evora/Evora,true
2019,lotus,evora,1,225/40R18 285/30R20,Evora | Evora GT | Evora 400 | Evoragt | Evora GT Evora/Evora S/Evora 400/Evora GT | Evora GT Evora/Evora,true
2024,lucid,gravity,2,265/45R21 275/40R22,Gravity | Gravity Grand Touring | Gravity Grand | Gravity Touring,false
2013,maserati,ghibli,1,245/45R18 275/45R18 245/35R21 285/30R21,Ghibli | Ghibli M157 (3rd Gen) | Ghibli M157,true
2007,maserati,granturismo,1,245/40R19 285/35R19 245/35R20 295/30R20,Granturismo | Granturismoconvertible | Granturismo M145 (1st Gen Modern) | Granturismo M145,true
2020,maserati,granturismo,3,255/35R20 295/30R20,Granturismo | Granturismoconvertible | Granturismo MC | Granturismo Sport,true
2021,maserati,granturismo,3,255/35R20 295/30R20,Granturismo | Granturismoconvertible | Granturismo MC | Granturismo Sport,true
2022,maserati,granturismo,3,255/35R20 295/30R20,Granturismo | Granturismoconvertible | Granturismo MC | Granturismo Sport,true
2023,maserati,granturismo,1,255/35R20 295/30R20 295/30R21,Granturismo | Granturismoconvertible | Granturismo M175 (2nd Gen) | Granturismo M175,true
2016,maserati,levante,1,265/50R19 295/45R19 265/45R20 295/40R20 265/40R21 295/35R21 265/35R22 295/30R22,Levante | Levante M161,true
2003,mazda,3,1,195/65R15 205/55R16,3 | Mazda 3,true
1998,mazda,b2300,1,225/70R15,B2300 | Bseries | B 2300 Pickup,true
1999,mazda,b2300,1,225/70R15,B2300 | Bseries | B 2300 Pickup,true
1997,mazda,b3000,1,195/70R14 215/70R14 225/70R15,B3000 | Bseries,true
2019,mazda,cx-30,1,215/65R16 215/55R18,CX-30 | CX 30 | CX30,true
2011,mazda,cx-5,1,225/65R17 225/55R19,CX-5 | CX 5 | CX5,true
2012,mazda,cx-5,1,225/65R17 225/55R19,CX-5 | CX 5 | CX5,true
2022,mazda,cx-50,1,225/65R17 225/55R19,CX-50 | CX 50 | CX50,true
2006,mazda,cx-9,1,245/60R18 255/50R20,CX-9 | CX 9 | CX9,true
2024,mazda,cx-9,5,255/60R18 255/50R20,CX-9 | CX 9 | CX9 | CX-9 Carbon Edition | CX-9 Carbon | CX-9 Grand Touring | CX-9 Grand | CX-9 Signature | CX-9 Sport | CX-9 Touring,true
2025,mazda,cx-9,5,255/60R18 255/50R20,CX-9 | CX 9 | CX9 | CX-9 Carbon Edition | CX-9 Carbon | CX-9 Grand Touring | CX-9 Grand | CX-9 Signature | CX-9 Sport | CX-9 Touring,true
2026,mazda,cx-9,5,255/60R18 255/50R20,CX-9 | CX 9 | CX9 | CX-9 Carbon Edition | CX-9 Carbon | CX-9 Grand Touring | CX-9 Grand | CX-9 Signature | CX-9 Sport | CX-9 Touring,true
2023,mazda,cx-90,1,255/55R19 275/40R21,CX-90 | CX 90 | CX90,true
2003,mazda,mazda3,1,195/65R15 205/55R16,3 | Mazda3,true
2011,mazda,mazda5,3,205/55R16 205/50R17,5 | Mazda5 | 5 Grand Touring | 5 Grand | 5 Sport | 5 Touring,true
1998,mazda,miata,1,185/60R14 195/50R15,Miata | MX-5 Miata | MX 5 | MX 5 Miata,true
2020,mazda,mx-30,1,215/55R18,MX-30 | MX 30 | MX30,false
2021,mazda,mx-30,1,215/55R18,MX-30 | MX 30 | MX30,false
2022,mazda,mx-30,1,215/55R18,MX-30 | MX 30 | MX30,false
2023,mazda,mx-30,1,215/55R18,MX-30 | MX 30 | MX30,false
2024,mazda,mx-30,1,215/55R18,MX-30 | MX 30 | MX30,false
2025,mazda,mx-30,1,215/55R18,MX-30 | MX 30 | MX30,false
1992,mazda,rx-7,1,205/60R15 205/55R16,RX-7 | RX 7 | RX7,true
2015,mclaren,570s,1,225/35R19 285/35R20,570S | 570 | 570S 570S/570GT/570S Spider | 570S 570S/570GT/570S,true
2021,mclaren,570s,1,225/35R19 285/35R20,570S | 570 | 570S 570S/570GT/570S Spider | 570S 570S/570GT/570S,true
2017,mclaren,720s,1,245/35R19 305/30R20,720S | 720 | 720S 720S Coupe/Spider | 720S 720S /Spider | 720S 720S,true
2022,mclaren,artura,1,235/35R19 295/35R20,Artura | Artura Artura/Artura Spider | Artura Artura/Artura,true
2019,mclaren,gt,1,225/35R20 295/30R21,GT | GT GT,true
2024,mclaren,gt,1,225/35R20 295/30R21,GT | GT GT,true
2025,mclaren,gt,1,225/35R20 295/30R21,GT | GT GT,true
2026,mclaren,gt,1,225/35R20 295/30R21,GT | GT GT,true
2013,mercedes,a-class-amg,1,225/45R18 235/40R19,A35 AMG,true
2014,mercedes,a-class-amg,1,225/45R18 235/40R19,A35 AMG,true
2015,mercedes,a-class-amg,1,225/45R18 235/40R19,A35 AMG,true
2016,mercedes,a-class-amg,1,225/45R18 235/40R19,A35 AMG,true
2017,mercedes,a-class-amg,1,225/45R18 235/40R19,A35 AMG,true
2019,mercedes,a-class-amg,2,225/45R18 235/40R19 235/45R18,A35 AMG,true
2022,mercedes,a-class-amg,1,225/45R18 235/40R19,A35 AMG,true
2023,mercedes,a-class-amg,1,225/45R18 235/40R19,,true
2024,mercedes,a-class-amg,1,225/45R18 235/40R19,,true
2025,mercedes,a-class-amg,1,225/45R18 235/40R19,,true
2026,mercedes,a-class-amg,1,225/45R18 235/40R19,,true
2014,mercedes,amg-gt,1,265/35R19 295/30R20 325/30R21,AMG GT 53 | AMG GT | AMG GT 63 | AMG GT 43 | AMG GT 63 S | AMG GT S | AMG GT 55 | AMG GT C | AMG GT R | Amggts | Amggtc,true
2015,mercedes,amg-gt,7,255/35R19 295/30R20 265/35R19 305/30R20,AMG GT 53 | AMG GT | AMG GT 63 | AMG GT 43 | AMG GT 63 S | AMG GT 55 | AMG GT C | AMG GT S | AMG GT R | Amggts | Amggtc | AMG GT AMG GT | AMG GT AMG | AMG GT AMG GT Black Series | AMG GT AMG GT C | AMG GT AMG GT R | AMG GT AMG GT R Pro | AMG GT AMG GT S | AMG GT Black Series | AMG GT R Pro,true
2007,mercedes,cl-class-amg,1,255/40R19 275/35R20 275/30R21,CL63 AMG | CL65 AMG,true
2013,mercedes,cla-class,1,205/55R16 225/45R18 235/40R19,CLA250 | CLA45 AMG | CLA35 AMG,true
2013,mercedes,cla-class-amg,1,225/45R18 235/40R19 255/30R20,CLA45 AMG | CLA35 AMG,true
2004,mercedes,cls-class,1,245/40R18 255/35R19 275/30R20,CLS550 | CLS63 AMG | CLS450 | CLS63 AMG S | CLS53 AMG | CLS400 | CLS500 | CLS55 AMG,true
2005,mercedes,cls-class,1,245/40R18 255/35R19 275/30R20,CLS550 | CLS63 AMG | CLS450 | CLS63 AMG S | CLS53 AMG | CLS400,true
2024,mercedes,cls-class,1,245/40R18 255/35R19 275/30R20,,true
2004,mercedes,cls-class-amg,1,255/35R19,CLS63 AMG | CLS63 AMG S | CLS53 AMG | CLS55 AMG,true
2005,mercedes,cls-class-amg,1,255/35R19 275/30R20 285/30R21,CLS63 AMG | CLS63 AMG S | CLS53 AMG | CLS55 AMG,true
2022,mercedes,cls-class-amg,1,255/35R19 275/30R20 285/30R21,CLS53 AMG,true
2023,mercedes,cls-class-amg,1,255/35R19 275/30R20 285/30R21,CLS53 AMG,true
2024,mercedes,cls-class-amg,1,255/35R19 275/30R20 285/30R21,,true
1990,mercedes,e-class,1,195/65R15 205/65R15 205/55R16 225/55R16,E350 | E320 | E550 | E63 AMG | E450 | E55 AMG | E53 AMG | E63 AMG S | E300 | E400 | E430 | E500 | E420 | E250,true
1991,mercedes,e-class,1,195/65R15 205/65R15 205/55R16 225/55R16,E350 | E320 | E550 | E63 AMG | E450 | E55 AMG | E53 AMG | E63 AMG S | E300 | E400 | E430 | E500 | E420 | E250,true
1992,mercedes,e-class,1,195/65R15 205/65R15 205/55R16 225/55R16,E350 | E320 | E550 | E63 AMG | E450 | E55 AMG | E53 AMG | E63 AMG S | E300 | E400 | E430 | E500 | E420 | E250,true
1993,mercedes,e-class,1,195/65R15 205/65R15 205/55R16 225/55R16,E350 | E320 | E550 | E63 AMG | E450 | E55 AMG | E53 AMG | E63 AMG S | E300 | E400 | E430 | E500 | E250 | E420,true
2017,mercedes,e-class-amg,1,245/40R18 255/35R19 265/35R19 275/30R20,E53 AMG | E63 AMG S | E63 AMG,true
2024,mercedes,e-class-amg,1,245/40R18 255/35R19 265/35R19 275/30R20,E53 AMG | E63 AMG | E63 AMG S,true
2021,mercedes,eqa,1,215/60R18 235/55R18 235/50R19,EQA,false
2022,mercedes,eqa,1,215/60R18 235/55R18 235/50R19,EQA,false
2023,mercedes,eqa,1,215/60R18 235/55R18 235/50R19,EQA,false
2024,mercedes,eqa,1,215/60R18 235/55R18 235/50R19,EQA,false
2025,mercedes,eqa,1,215/60R18 235/55R18 235/50R19,EQA,false
2026,mercedes,eqa,1,215/60R18 235/55R18 235/50R19,EQA,false
2021,mercedes,eqb,1,235/55R18 235/50R19 255/45R19,EQB,false
2022,mercedes,eqb,1,235/55R18 235/50R19 255/45R19,EQB,false
2023,mercedes,eqb,1,235/55R18 235/50R19 255/45R19,EQB,false
2024,mercedes,eqb,1,235/55R18 235/50R19 255/45R19,EQB,false
2025,mercedes,eqb,1,235/55R18 235/50R19 255/45R19,EQB,false
2026,mercedes,eqb,1,235/55R18 235/50R19 255/45R19,EQB,false
2022,mercedes,eqe,1,255/45R19 275/40R20 285/35R21,EQE 350+ | EQE 350 | EQE 500 | EQE 350+ SUV | EQE 500 SUV | Eqesuv | Eqesedan,true
2026,mercedes,eqe,1,255/45R19 275/40R20 285/35R21,EQE 350+ | EQE 350 | EQE 500 | EQE 350+ SUV | EQE 500 SUV | Eqesuv | Eqesedan,true
2021,mercedes,eqs,1,265/40R21 285/35R22,EQS 450+ | EQS 580 | EQS 450 | EQS 450+ SUV | EQS 580 SUV | EQS450+ | Eqssuv | Eqssedan,true
2000,mercedes,g-class,1,265/60R18 275/55R19,G550 | G63 AMG | G55 AMG | G500 | G65 AMG,true
2001,mercedes,g-class,1,265/60R18 275/55R19,G550 | G63 AMG | G55 AMG | G500 | G65 AMG,true
2000,mercedes,g-class-amg,1,275/50R20,G63 AMG | G55 AMG | G65 AMG,true
2001,mercedes,g-class-amg,1,275/50R20,G63 AMG | G55 AMG | G65 AMG,true
2002,mercedes,g-class-amg,1,275/50R20,G63 AMG | G55 AMG | G65 AMG,true
2012,mercedes,g-class-amg,1,275/50R20 295/40R21 295/40R22,G63 AMG | G65 AMG,true
2013,mercedes,gla-class,1,215/60R17 235/50R18 235/45R19,GLA250 | GLA45 AMG | GLA35 AMG,true
2014,mercedes,gla-class,1,215/60R17 235/50R18 235/45R19,GLA250 | GLA45 AMG | GLA35 AMG,true
2014,mercedes,gla-class-amg,1,235/50R18 255/40R20,GLA45 AMG | GLA35 AMG,true
2020,mercedes,gla-class-amg,1,235/50R18 255/40R20,GLA35 AMG | GLA45 AMG,true
2019,mercedes,glb-class,1,235/55R18 235/50R19,GLB250 | GLB35 AMG,true
2008,mercedes,glk-class,1,235/60R17 235/50R19,GLK350 | GLK250,true
2009,mercedes,glk-class,1,235/60R17 235/50R19,GLK350 | GLK250,true
2004,mercedes,m-class-amg,1,265/45R20,ML63 AMG,true
2005,mercedes,m-class-amg,1,265/45R20,ML63 AMG,true
2006,mercedes,m-class-amg,1,265/45R20,ML63 AMG,true
1992,mercedes,s-class,3,225/55R16 225/60R16 235/60R16 235/55R17,S600 | S500 | S63 AMG | S65 AMG | S550 | S430 | Maybach S580 | S580 | S320 | S420 | S55 AMG | S63 AMG E Performance | S350 | S400 | Maybach S560 | Maybach S650 | Maybach S600 | S 320 | S 420,true
1993,mercedes,s-class,3,225/60R16 235/60R16 235/55R17 225/55R16,S600 | S500 | S63 AMG | S65 AMG | S550 | S430 | Maybach S580 | S580 | S320 | S420 | S55 AMG | S63 AMG E Performance | S350 | S400 | Maybach S560 | Maybach S650 | Maybach S600 | S 320 | S 420,true
2000,mercedes,s-class-amg,1,255/45R18,S63 AMG | S65 AMG | S55 AMG,true
2023,mercedes,s-class-amg,1,255/45R18 275/35R20 255/35R21 275/30R21,S63 AMG,true
2024,mercedes,s-class-amg,1,255/45R18 275/35R20 255/35R21 275/30R21,S63 AMG,true
2025,mercedes,s-class-amg,1,255/45R18 275/35R20 255/35R21 275/30R21,S63 AMG,true
2010,mercedes,sl-class,1,255/40R18 275/35R19 285/30R20,SL550 | SL63 AMG | SL65 AMG | SL450 | SL400 | SL600,true
2001,mercedes,sl-class-amg,1,255/40R18 275/35R19 285/30R20 295/30R20,SL63 AMG | SL65 AMG | SL55 AMG | SL43 AMG,true
2002,mercedes,sl-class-amg,1,255/40R18 275/35R19 285/30R20 295/30R20,SL63 AMG | SL65 AMG | SL55 AMG | SL43 AMG,true
2010,mercedes,sl-class-amg,1,255/40R18 275/35R19 285/30R20 295/30R20,SL63 AMG | SL65 AMG | SL55 AMG | SL43 AMG,true
2016,mercedes,slc-class,1,225/45R17 245/40R18 255/35R18,SLC300 | SLC43 AMG,true
2000,mercedes,slk-class-amg,1,225/40R18 245/35R18 255/30R19,SLK55 AMG | SLK32 AMG,true
2001,mercedes,slk-class-amg,1,225/40R18 245/35R18 255/30R19,SLK55 AMG | SLK32 AMG,true
2011,mercedes,slk-class-amg,1,225/40R18 245/35R18 255/30R19,SLK55 AMG,true
2022,mercedes-benz,cls-class-amg,1,255/35R19 285/30R19,CLS53 AMG,true
2023,mercedes-benz,cls-class-amg,1,255/35R19 285/30R19,CLS53 AMG,true
1990,mercedes-benz,e-class,1,195/65R15 205/60R15 205/55R16,E350 | E320 | E550 | E63 AMG | E450 | E53 AMG | E63 AMG S | E55 AMG | E500 | E400 | E300 | E250 | E430 | E420,true
1991,mercedes-benz,e-class,1,195/65R15 205/60R15 205/55R16,E350 | E320 | E550 | E63 AMG | E450 | E53 AMG | E63 AMG S | E55 AMG | E500 | E400 | E300 | E250 | E430 | E420,true
1992,mercedes-benz,e-class,1,195/65R15 205/60R15 205/55R16,E350 | E320 | E550 | E63 AMG | E450 | E53 AMG | E63 AMG S | E55 AMG | E500 | E400 | E300 | E250 | E430 | E420,true
1993,mercedes-benz,e-class,1,195/65R15 205/60R15 205/55R16,E350 | E320 | E550 | E63 AMG | E450 | E53 AMG | E63 AMG S | E55 AMG | E500 | E400 | E300 | E250 | E430 | E420,true
2017,mercedes-benz,e-class-amg,1,265/35R19 295/30R19,E53 AMG | E63 AMG S | E63 AMG,true
2024,mercedes-benz,e-class-amg,1,265/35R19 295/30R19,E53 AMG | E63 AMG | E63 AMG S,true
2022,mercedes-benz,eqb,1,235/55R18,EQB,false
2023,mercedes-benz,eqb,1,235/55R18,EQB,false
2024,mercedes-benz,eqb,1,235/55R18,EQB,false
2025,mercedes-benz,eqb,1,235/55R18,EQB,false
2026,mercedes-benz,eqb,1,235/55R18,EQB,false
1990,mercedes-benz,g-class,1,265/70R16,G550 | G63 AMG | G65 AMG | G55 AMG | G500,true
1991,mercedes-benz,g-class,1,265/70R16,G550 | G63 AMG | G65 AMG | G55 AMG | G500,true
1992,mercedes-benz,g-class,1,265/70R16,G550 | G63 AMG | G65 AMG | G55 AMG | G500,true
1993,mercedes-benz,g-class,1,265/70R16,G550 | G63 AMG | G65 AMG | G55 AMG | G500,true
1994,mercedes-benz,g-class,1,265/70R16,G550 | G63 AMG | G65 AMG | G55 AMG | G500,true
1995,mercedes-benz,g-class,1,265/70R16 275/55R18,G550 | G63 AMG | G65 AMG | G55 AMG | G500,true
1996,mercedes-benz,g-class,1,265/70R16 275/55R18,G550 | G63 AMG | G65 AMG | G55 AMG | G500,true
1997,mercedes-benz,g-class,1,265/70R16 275/55R18,G550 | G63 AMG | G65 AMG | G55 AMG | G500,true
1998,mercedes-benz,g-class,1,265/70R16 275/55R18,G550 | G63 AMG | G65 AMG | G55 AMG | G500,true
1999,mercedes-benz,g-class,1,265/70R16 275/55R18,G550 | G63 AMG | G65 AMG | G55 AMG | G500,true
2002,mercedes-benz,g-class-amg,1,275/50R20,G63 AMG | G55 AMG | G65 AMG,true
2012,mercedes-benz,g-class-amg,1,275/50R20,G63 AMG | G65 AMG,true
2015,mercedes-benz,gle,5,275/55R19,GLE400 | GLE | Gleclass | Glecoupe | GLE350 | GLE63 AMG S | GLE580 | GLE53 AMG | GLE450 | GLE63 AMG | GLE43 AMG | GLE GLE 350 | GLE GLE | GLE GLE 450 | GLE GLE 53 AMG | GLE GLE 63 AMG | GLE 350 | GLE 450 | AMG GLE53 | AMG GLE63,true
2004,mercedes-benz,m-class-amg,1,295/35R21,ML63 AMG,true
2005,mercedes-benz,m-class-amg,1,295/35R21,ML63 AMG,true
2006,mercedes-benz,m-class-amg,1,295/35R21,ML63 AMG,true
1992,mercedes-benz,s-class,1,225/60R16 235/60R16 235/55R17,S600 | S500 | S63 AMG | S65 AMG | S550 | S580 | S450 | S560 | S430 | S55 AMG | S320 | S420 | Maybach S580 | S350 | S400 | Maybach S560 | Maybach S650 | Maybach S600,true
1993,mercedes-benz,s-class,1,225/60R16 235/60R16 235/55R17,S600 | S500 | S63 AMG | S65 AMG | S550 | S580 | S450 | S560 | S430 | S55 AMG | S320 | S420 | Maybach S580 | S350 | S400 | Maybach S560 | Maybach S650 | Maybach S600,true
2000,mercedes-benz,s-class-amg,1,255/40R20 285/35R20,S63 AMG | S65 AMG | S55 AMG,true
2023,mercedes-benz,s-class-amg,1,255/40R20 285/35R20,S63 AMG,true
2024,mercedes-benz,s-class-amg,1,255/40R20 285/35R20,S63 AMG,true
2025,mercedes-benz,s-class-amg,1,255/40R20 285/35R20,S63 AMG,true
2010,mercedes-benz,sl-class,1,255/35R19 285/30R19,SL63 AMG | SL550 | SL65 AMG | SL55 AMG | SL43 AMG | SL450 | SL400 | SL600,true
2010,mercedes-benz,sl-class-amg,1,255/35R19 285/30R19,SL63 AMG | SL65 AMG | SL55 AMG | SL43 AMG,true
2016,mercedes-benz,slc-class,1,225/45R17 245/40R17,SLC300 | SLC43 AMG,true
2011,mercedes-benz,slk-class-amg,1,235/40R18 255/35R18,SLK55 AMG,true
2008,mini,clubman,6,195/55R16 205/45R17 205/40R18,Cooper Clubman | Clubman | Cooperclubman | Cooper Clubman Classic | Cooper Clubman Iconic | Cooper Clubman John Cooper Works | Cooper Clubman John | Cooper Clubman S | Cooper Clubman Signature,true
2009,mini,clubman,6,195/55R16 205/45R17 205/40R18,Cooper Clubman | Clubman | Cooperclubman | Cooper Clubman Classic | Cooper Clubman Iconic | Cooper Clubman John Cooper Works | Cooper Clubman John | Cooper Clubman S | Cooper Clubman Signature,true
2010,mini,clubman,6,195/55R16 205/45R17 205/40R18,Cooper Clubman | Clubman | Cooperclubman | Cooper Clubman Classic | Cooper Clubman Iconic | Cooper Clubman John Cooper Works | Cooper Clubman John | Cooper Clubman S | Cooper Clubman Signature,true
2011,mini,clubman,6,195/55R16 205/45R17 205/40R18,Cooper Clubman | Clubman | Cooperclubman | Cooper Clubman Classic | Cooper Clubman Iconic | Cooper Clubman John Cooper Works | Cooper Clubman John | Cooper Clubman S | Cooper Clubman Signature,true
2012,mini,clubman,6,195/55R16 205/45R17 205/40R18 175/60R16,Cooper Clubman | Clubman | Cooperclubman | Cooper Clubman Classic | Cooper Clubman Iconic | Cooper Clubman John Cooper Works | Cooper Clubman John | Cooper Clubman S | Cooper Clubman Signature,true
2013,mini,clubman,6,195/55R16 205/45R17 205/40R18,Cooper Clubman | Clubman | Cooperclubman | Cooper Clubman Classic | Cooper Clubman Iconic | Cooper Clubman John Cooper Works | Cooper Clubman John | Cooper Clubman S | Cooper Clubman Signature,true
2014,mini,clubman,6,195/55R16 205/45R17 205/40R18,Cooper Clubman | Clubman | Cooperclubman | Cooper Clubman Classic | Cooper Clubman Iconic | Cooper Clubman John Cooper Works | Cooper Clubman John | Cooper Clubman S | Cooper Clubman Signature,true
2015,mini,clubman,4,195/55R16 205/50R17 225/40R18,Cooper Clubman | Clubman | Cooperclubman | Cooper Clubman Cooper | Cooper Clubman Cooper S | Cooper Clubman JCW,true
2025,mini,clubman,6,205/60R16 225/50R17 225/45R18 225/40R19,Cooper Clubman | Clubman | Cooperclubman | Cooper Clubman Classic | Cooper Clubman Iconic | Cooper Clubman John Cooper Works | Cooper Clubman John | Cooper Clubman S | Cooper Clubman Signature,true
2026,mini,clubman,6,205/60R16 225/50R17 225/45R18 225/40R19,Cooper Clubman | Clubman | Cooperclubman | Cooper Clubman Classic | Cooper Clubman Iconic | Cooper Clubman John Cooper Works | Cooper Clubman John | Cooper Clubman S | Cooper Clubman Signature,true
2025,mini,countryman,6,225/55R17 225/50R18 225/45R19,Cooper Countryman | Countryman | Coopercountryman | Cooper Countryman Classic | Cooper Countryman Iconic | Cooper Countryman John Cooper Works | Cooper Countryman John | Cooper Countryman S | Cooper Countryman Signature,true
2026,mini,countryman,6,225/55R17 225/50R18 225/45R19,Cooper Countryman | Countryman | Coopercountryman | Cooper Countryman Classic | Cooper Countryman Iconic | Cooper Countryman John Cooper Works | Cooper Countryman John | Cooper Countryman S | Cooper Countryman Signature,true
2012,mini,roadster,1,195/55R16 205/50R17 205/45R17,Cooper Roadster | Roadster | Cooperroadster,false
2013,mini,roadster,1,195/55R16 205/50R17 205/45R17,Cooper Roadster | Roadster | Cooperroadster,false
2014,mini,roadster,1,195/55R16 205/50R17 205/45R17,Cooper Roadster | Roadster | Cooperroadster,false
2015,mini,roadster,1,195/55R16 205/50R17 205/45R17,Cooper Roadster | Roadster | Cooperroadster,false
2000,mitsubishi,3000-gt,1,205/55R16,3000 GT,false
2001,mitsubishi,3000-gt,1,205/55R16,3000 GT,false
2000,mitsubishi,chariot-grandis,1,195/65R15,Chariot Grandis,false
2001,mitsubishi,chariot-grandis,1,195/65R15,Chariot Grandis,false
2002,mitsubishi,chariot-grandis,1,195/65R15,Chariot Grandis,false
2003,mitsubishi,chariot-grandis,1,195/65R15,Chariot Grandis,false
2025,mitsubishi,destinator,1,225/45R18,Destinator,false
2026,mitsubishi,destinator,1,225/45R18,Destinator,false
2017,mitsubishi,eclipse-cross,1,225/55R18 235/45R20,Eclipse Cross,true
2021,mitsubishi,eclipse-cross,1,225/55R18 235/45R20,Eclipse Cross,true
2005,mitsubishi,i,1,195/65R15,I | Imiev,false
2006,mitsubishi,i,1,195/65R15,I | Imiev,false
2007,mitsubishi,i,1,195/65R15,I | Imiev,false
2008,mitsubishi,i,1,195/65R15,I | Imiev,false
2009,mitsubishi,i,1,195/65R15,I | Imiev,false
2010,mitsubishi,i,1,195/65R15,I | Imiev,false
2011,mitsubishi,i,1,195/65R15,I | Imiev,false
2012,mitsubishi,i,1,195/65R15,I | Imiev,false
2013,mitsubishi,i,1,195/65R15,I | Imiev,false
2000,mitsubishi,l400,1,185/65R14,L400,false
2001,mitsubishi,l400,1,185/65R14,L400,false
2005,mitsubishi,maven,1,185/65R14,Maven,false
2006,mitsubishi,maven,1,185/65R14,Maven,false
2007,mitsubishi,maven,1,185/65R14,Maven,false
2008,mitsubishi,maven,1,185/65R14,Maven,false
2009,mitsubishi,maven,1,185/65R14,Maven,false
2012,mitsubishi,mirage,1,165/65R14 175/55R15,Mirage,true
2013,mitsubishi,mirage,1,165/65R14 175/55R15,Mirage,true
2016,mitsubishi,mirage,1,165/65R14 175/55R15,Mirage | Mirage ES/SE/GT,true
2025,mitsubishi,mirage,1,165/65R14 175/55R15,Mirage | Mirage ES/SE/GT,true
2026,mitsubishi,mirage,1,165/65R14 175/55R15,Mirage | Mirage ES/SE/GT,true
2007,mitsubishi,montero,1,265/70R16 275/55R20,Montero,true
2008,mitsubishi,montero,1,265/70R16 275/55R20,Montero,true
2009,mitsubishi,montero,1,265/70R16 275/55R20,Montero,true
2010,mitsubishi,montero,1,265/70R16 275/55R20,Montero,true
2011,mitsubishi,montero,1,265/70R16 275/55R20,Montero,true
2012,mitsubishi,montero,1,265/70R16 275/55R20,Montero,true
2013,mitsubishi,montero,1,265/70R16 275/55R20,Montero,true
2014,mitsubishi,montero,1,265/70R16 275/55R20,Montero,true
2015,mitsubishi,montero,1,265/70R16 275/55R20,Montero,true
2016,mitsubishi,montero,1,265/70R16 275/55R20,Montero,true
2017,mitsubishi,montero,1,265/70R16 275/55R20,Montero,true
2019,mitsubishi,montero,1,265/70R16 275/55R20,Montero,true
2020,mitsubishi,montero,1,265/70R16 275/55R20,Montero,true
2021,mitsubishi,montero,1,265/70R16 275/55R20,Montero,true
2021,mitsubishi,outlander,5,215/70R16 225/55R18 225/50R19 235/50R19,Outlander | Outlander ES | Outlander GT | Outlander SE | Outlander SEL,true
2004,nissan,armada,5,265/70R18 275/65R18 275/60R20,Armada | Armada Platinum | Armada S | Armada SL | Armada SV,true
2022,nissan,gt-r,6,255/40R20 285/35R20,GT-R | GT R | GTR | GT-R Black Edition | GT-R Black | GT-R NISMO | GT-R Premium | GT-R T-Spec | GT-R Track Edition | GT-R Track,true
2025,nissan,gt-r,6,255/40R20 285/35R20,GT-R | GT R | GTR | GT-R Black Edition | GT-R Black | GT-R NISMO | GT-R Premium | GT-R T-Spec | GT-R Track Edition | GT-R Track,true
2026,nissan,gt-r,6,255/40R20 285/35R20,GT-R | GT R | GTR | GT-R Black Edition | GT-R Black | GT-R NISMO | GT-R Premium | GT-R T-Spec | GT-R Track Edition | GT-R Track,true
2026,nissan,leaf,4,205/55R16 215/50R17,Leaf | Leaf S | Leaf SL Plus | Leaf SL | Leaf SV,true
2015,nissan,maxima,1,245/45R18,Maxima | Maxima S/SV/SL/Platinum,true
2024,nissan,maxima,6,245/45R18 245/40R19,Maxima | Maxima Platinum | Maxima S | Maxima SL | Maxima SR | Maxima SV,true
2025,nissan,maxima,6,245/45R18 245/40R19,Maxima | Maxima Platinum | Maxima S | Maxima SL | Maxima SR | Maxima SV,true
2026,nissan,maxima,6,245/45R18 245/40R19,Maxima | Maxima Platinum | Maxima S | Maxima SL | Maxima SR | Maxima SV,true
2008,nissan,murano,1,235/65R18 235/55R20,Murano | Murano S/SL/SE,true
2021,nissan,pathfinder,5,235/65R18 235/55R20 235/60R19,Pathfinder | Pathfinder Platinum | Pathfinder S | Pathfinder SL | Pathfinder SV | Pathfinder 3.5i,true
2003,nissan,quest,1,215/70R15 225/60R16 235/55R18 235/55R19,Quest,true
2025,nissan,titan,12,265/70R18 275/65R18 275/55R20 275/60R20 285/45R22 265/70R17 275/70R17,Titan | Titanxd | Titan XD | Titan PRO-4X | Titan Platinum Reserve | Titan Platinum | Titan S | Titan SL | Titan SV,true
2026,nissan,titan,12,265/70R18 275/65R18 275/60R20 275/55R20 285/45R22 265/70R17 275/70R17,Titan | Titanxd | Titan XD | Titan PRO-4X | Titan Platinum Reserve | Titan Platinum | Titan S | Titan SL | Titan SV,true
2026,nissan,versa,4,185/65R15 195/55R16 205/45R17,Versa | Versa S | Versa SR | Versa SV,true
1995,oldsmobile,bravada,1,235/75R15,Bravada,true
1990,oldsmobile,cutlass,1,205/70R15 215/60R16 225/60R16,Cutlass | Cutlassciera | Cutlasssupreme,true
1991,oldsmobile,cutlass,1,205/70R15 215/60R16 225/60R16,Cutlass | Cutlassciera | Cutlasssupreme,true
1992,oldsmobile,cutlass,1,205/70R15 215/60R16 225/60R16,Cutlass | Cutlassciera | Cutlasssupreme,true
1993,oldsmobile,cutlass,1,205/70R15 215/60R16 225/60R16,Cutlass | Cutlassciera | Cutlasssupreme,true
1994,oldsmobile,cutlass,1,205/70R15 215/60R16 225/60R16,Cutlass | Cutlassciera | Cutlasssupreme,true
1995,oldsmobile,cutlass,1,205/70R15 215/60R16 225/60R16,Cutlass | Cutlassciera | Cutlasssupreme,true
1996,oldsmobile,cutlass,1,205/70R15 215/60R16 225/60R16,Cutlass | Cutlassciera | Cutlasssupreme,true
1998,plymouth,prowler,1,225/45R17,Prowler,true
2002,plymouth,prowler,1,225/45R17 295/40R20,Prowler,true
2020,polestar,polestar-1,1,275/30R21 295/30R21,Polestar 1 | PS 1,false
2021,polestar,polestar-1,1,275/30R21 295/30R21,Polestar 1 | PS 1,false
2020,polestar,polestar-2,1,245/45R19 245/40R20,2 | Polestar 2 | PS 2 | 2 Long range Dual motor | 2 Long,true
2025,polestar,polestar-2,1,245/45R19 245/40R20,2 | Polestar 2 | PS 2,true
2026,polestar,polestar-2,1,245/45R19 245/40R20,2 | Polestar 2 | PS 2,true
2010,pontiac,solstice,1,245/45R18,Solstice,true
2014,porsche,918,1,265/35R20 325/30R21,918 Spyder | 918,true
1992,porsche,928,1,225/45R17 255/40R17,928 | 928 GTS,true
2026,porsche,boxster,5,235/45R17 255/40R17 235/40R18 265/40R18 235/35R19 265/35R19,Boxster | 718 Boxster | 718 | 718 Boxster GTS | 718 Boxster S | 718 Boxster Spyder,true
2002,porsche,cayenne,1,255/55R18,Cayenne,true
2007,porsche,cayenne,7,235/65R17 295/35R21,Cayenne | Cayenne E-Hybrid | Cayenne GTS | Cayenne S | Cayenne Turbo | Cayenne Turbo S,true
2005,porsche,cayman,1,235/40R18 265/40R18 235/35R19 275/35R19 245/35R20 295/30R20,Cayman | 718 Cayman | 718,true
2013,porsche,cayman,1,235/40R19 265/40R19,Cayman | 718 Cayman | 718,true
2014,porsche,macan,1,235/60R18 255/55R18 235/55R19 255/50R19 265/45R20 295/40R20 265/40R21 295/35R21,Macan | Macan 2.0 Macan | Macan 2.0,true
2016,ram,c/v,1,205/55R16,C/V | Cvtradesman | Cargovan,true
2017,ram,c/v,1,205/55R16,C/V | Cvtradesman | Cargovan,true
2013,ram,promaster-1500,1,225/75R16 215/75R16,ProMaster 1500 | Promaster | ProMaster 1500 3.0 EcoDiesel | ProMaster 1500 3.0,true
2021,rivian,r1t,1,275/65R20 275/55R21 275/50R22 275/60R20,R1T | R1T Quad,true
1998,saab,9-3,1,205/55R16 215/45R17 225/45R17 225/40R18,9-3 | 9 3 | 93,true
2012,saab,9-3,1,205/55R16 215/45R17 225/45R17 225/40R18,9-3 | 9 3 | 93,true
1998,saab,9-5,1,215/55R16 225/50R17 235/45R18,9-5 | 9 5 | 95,true
2012,saab,9-5,1,215/55R16 225/50R17 235/45R18,9-5 | 9 5 | 95,true
2000,saturn,l-series,1,195/65R15 205/55R16,L300 | L200 | LW300 | LW200 | L100 | L-Series,true
1993,saturn,sc,1,185/65R15 195/60R15,SC | SC 1 | SC 2,false
1994,saturn,sc,1,185/65R15 195/60R15,SC | SC 1 | SC 2,false
1995,saturn,sc,1,185/65R15 195/60R15,SC | SC 1 | SC 2,false
1996,saturn,sc,1,185/65R15 195/60R15,SC | SC 1 | SC 2,false
1997,saturn,sc,1,185/65R15 195/60R15,SC | SC 1 | SC 2,false
1998,saturn,sc,1,185/65R15 195/60R15,SC | SC 1 | SC 2,false
1999,saturn,sc,1,185/65R15 195/60R15,SC | SC 1 | SC 2,false
1993,saturn,sw,1,175/70R14 185/65R15,SW | SW 1 | SW 2,false
1994,saturn,sw,1,175/70R14 185/65R15,SW | SW 1 | SW 2,false
1995,saturn,sw,1,175/70R14 185/65R15,SW | SW 1 | SW 2,false
1996,saturn,sw,1,175/70R14 185/65R15,SW | SW 1 | SW 2,false
1997,saturn,sw,1,175/70R14 185/65R15,SW | SW 1 | SW 2,false
1998,saturn,sw,1,175/70R14 185/65R15,SW | SW 1 | SW 2,false
1999,saturn,sw,1,175/70R14 185/65R15,SW | SW 1 | SW 2,false
2002,subaru,baja,1,215/60R16 225/55R17,Baja,true
2007,subaru,baja,1,215/60R16 225/55R17,Baja,true
2012,subaru,brz,4,215/40R18 215/45R17 225/40R18 215/35R19 235/30R19,BRZ | BRZ Limited | BRZ Premium | BRZ tS | BRZ 2.0i,true
2021,subaru,brz,1,215/45R17 215/40R18,BRZ,true
2013,subaru,crosstrek,6,225/55R17 225/50R18 245/45R18,Crosstrek | Xvcrosstrek | Crosstrek Limited | Crosstrek Premium | Crosstrek Sport | Crosstrek Wilderness,true
2014,subaru,crosstrek,6,225/55R17,Crosstrek | Xvcrosstrek | Crosstrek Limited | Crosstrek Premium | Crosstrek Sport | Crosstrek Wilderness,true
2015,subaru,crosstrek,6,225/55R17 225/50R18 245/45R18,Crosstrek | Xvcrosstrek | Crosstrek Limited | Crosstrek Premium | Crosstrek Sport | Crosstrek Wilderness,true
1995,subaru,outback,7,205/70R15 215/60R16,Outback | Legacyoutback | Outback Limited | Outback Onyx Edition XT | Outback Onyx | Outback Premium | Outback Touring | Outback Wilderness,true
1996,subaru,outback,7,205/70R15 215/60R16,Outback | Legacyoutback | Outback Limited | Outback Onyx Edition XT | Outback Onyx | Outback Premium | Outback Touring | Outback Wilderness,true
1997,subaru,outback,7,205/70R15 215/60R16,Outback | Legacyoutback | Outback Limited | Outback Onyx Edition XT | Outback Onyx | Outback Premium | Outback Touring | Outback Wilderness,true
1998,subaru,outback,7,205/70R15 215/60R16,Outback | Legacyoutback | Outback Limited | Outback Onyx Edition XT | Outback Onyx | Outback Premium | Outback Touring | Outback Wilderness,true
1999,subaru,outback,7,205/70R15 215/60R16,Outback | Legacyoutback | Outback Limited | Outback Onyx Edition XT | Outback Onyx | Outback Premium | Outback Touring | Outback Wilderness,true
2022,subaru,solterra,1,235/60R18 235/50R20,Solterra,true
2014,subaru,wrx-sti,2,245/40R18 245/35R19,WRX STI | WRXSTI | Wrx | Imprezawrxsti,true
2015,tesla,model-x,2,265/45R20 265/35R22 285/35R22,Model X | Model X 1st Gen | Model X 1st,true
2012,toyota,86,1,215/45R17,86 | GR86 | GT 86,true
2013,toyota,86,1,215/45R17,86 | GR86 | GT 86,true
2014,toyota,86,1,215/45R17,86 | GR86 | GT 86,true
2015,toyota,86,1,215/45R17,86 | GR86 | GT 86,true
2016,toyota,86,1,215/45R17,86 | GR86 | GT 86,true
2021,toyota,86,1,215/45R17,86 | GR86 | GT 86,true
2023,toyota,avalon,1,215/55R17 235/45R18 235/40R19,Avalon | Avalonhybrid,true
2024,toyota,avalon,1,215/55R17 235/45R18 235/40R19,Avalon | Avalonhybrid,true
2025,toyota,avalon,1,215/55R17 235/45R18 235/40R19,Avalon | Avalonhybrid,true
2022,toyota,bz4x,1,225/45R18,Bz4x,true
2026,toyota,bz4x,1,225/45R18,Bz4x,true
2016,toyota,c-hr,1,215/60R17 225/50R18,C-HR | C HR | CHR,true
2017,toyota,c-hr,1,215/60R17 225/50R18,C-HR | C HR | CHR,true
2023,toyota,c-hr,1,215/60R17 225/50R18,C-HR | C HR | CHR,true
2024,toyota,c-hr,1,215/60R17 225/50R18,C-HR | C HR | CHR,true
2025,toyota,c-hr,1,215/60R17 225/50R18,C-HR | C HR | CHR,true
2020,toyota,corolla-cross,1,195/65R15,Corolla Cross,true
2021,toyota,corolla-cross,1,195/65R15,Corolla Cross,true
2011,toyota,e-z,1,205/55R16,E-Z | E Z | EZ,false
2012,toyota,e-z,1,205/55R16,E-Z | E Z | EZ,false
2013,toyota,e-z,1,205/55R16,E-Z | E Z | EZ,false
2014,toyota,e-z,1,205/55R16,E-Z | E Z | EZ,false
2015,toyota,e-z,1,205/55R16,E-Z | E Z | EZ,false
2016,toyota,e-z,1,205/55R16,E-Z | E Z | EZ,false
2017,toyota,e-z,1,205/55R16,E-Z | E Z | EZ,false
2011,toyota,etios-valco,1,185/65R14,Etios Valco,false
2012,toyota,etios-valco,1,185/65R14,Etios Valco,false
2013,toyota,etios-valco,1,185/65R14,Etios Valco,false
2014,toyota,etios-valco,1,185/65R14,Etios Valco,false
2015,toyota,etios-valco,1,185/65R14,Etios Valco,false
2016,toyota,etios-valco,1,185/65R14,Etios Valco,false
2017,toyota,etios-valco,1,185/65R14,Etios Valco,false
2015,toyota,fj-cruiser,1,265/70R17 285/70R17,FJ Cruiser | FJCRUISER,true
2016,toyota,fj-cruiser,1,265/70R17 285/70R17,FJ Cruiser | FJCRUISER,true
2017,toyota,fj-cruiser,1,265/70R17 285/70R17,FJ Cruiser | FJCRUISER,true
2019,toyota,fj-cruiser,1,265/70R17 285/70R17,FJ Cruiser | FJCRUISER,true
2020,toyota,fj-cruiser,1,265/70R17 285/70R17,FJ Cruiser | FJCRUISER,true
2021,toyota,fj-cruiser,1,265/70R17 285/70R17,FJ Cruiser | FJCRUISER,true
2022,toyota,fj-cruiser,1,265/70R17 285/70R17,FJ Cruiser | FJCRUISER,true
2023,toyota,fj-cruiser,1,265/70R17 285/70R17,FJ Cruiser | FJCRUISER,true
2000,toyota,grand-hiace,1,195/65R15,Grand Hiace,false
2001,toyota,grand-hiace,1,195/65R15,Grand Hiace,false
2002,toyota,grand-hiace,1,195/65R15,Grand Hiace,false
2012,toyota,gt-86,1,205/55R16 215/45R17,GT-86 | GT 86 | GT86 | GR 86,false
2013,toyota,gt-86,1,205/55R16 215/45R17,GT-86 | GT 86 | GT86 | GR 86,false
2014,toyota,gt-86,1,205/55R16 215/45R17,GT-86 | GT 86 | GT86 | GR 86,false
2015,toyota,gt-86,1,205/55R16 215/45R17,GT-86 | GT 86 | GT86 | GR 86,false
2016,toyota,gt-86,1,205/55R16 215/45R17 215/40R18,GT-86 | GT 86 | GT86 | GR 86,false
2017,toyota,gt-86,1,205/55R16 215/45R17 215/40R18,GT-86 | GT 86 | GT86 | GR 86,false
2019,toyota,gt-86,1,205/55R16 215/45R17 215/40R18,GT-86 | GT 86 | GT86 | GR 86,false
2020,toyota,gt-86,1,205/55R16 215/45R17 215/40R18,GT-86 | GT 86 | GT86 | GR 86,false
2012,toyota,land-cruiser,3,275/65R17 285/60R18 265/70R18,Land Cruiser | Landcruiserwagon | Land Cruiser Heritage Edition | Land Cruiser Heritage,true
2022,toyota,land-cruiser,1,285/60R18,Land Cruiser | Landcruiserwagon,true
2023,toyota,land-cruiser,1,265/70R18 245/70R18 265/60R20 265/65R18,Land Cruiser | Landcruiserwagon | Land Cruiser 2.4 T | Land Cruiser 2.4,true
2000,toyota,mr2-roadster,1,195/65R15,MR2 Roadster | MR2ROADSTER | MR 2 | MR 2 Spyder,false
2001,toyota,mr2-roadster,1,195/65R15,MR2 Roadster | MR2ROADSTER | MR 2 | MR 2 Spyder,false
2002,toyota,mr2-roadster,1,195/65R15,MR2 Roadster | MR2ROADSTER | MR 2 | MR 2 Spyder,false
2003,toyota,mr2-roadster,1,195/65R15,MR2 Roadster | MR2ROADSTER | MR 2 | MR 2 Spyder,false
2004,toyota,mr2-roadster,1,195/65R15,MR2 Roadster | MR2ROADSTER | MR 2 | MR 2 Spyder,false
2005,toyota,mr2-roadster,1,195/65R15,MR2 Roadster | MR2ROADSTER | MR 2 | MR 2 Spyder,false
2006,toyota,mr2-roadster,1,195/65R15,MR2 Roadster | MR2ROADSTER | MR 2 | MR 2 Spyder,false
2007,toyota,mr2-roadster,1,195/65R15,MR2 Roadster | MR2ROADSTER | MR 2 | MR 2 Spyder,false
2006,toyota,mr2-spyder,1,195/65R15,MR2 Spyder | MR2SPYDER | MR 2,true
2000,toyota,prius,5,175/65R14,Prius | Prius L Eco | Prius LE | Prius Limited | Prius XLE,true
2000,toyota,soluna,1,185/65R14,Soluna,false
2001,toyota,soluna,1,185/65R14,Soluna,false
2002,toyota,soluna,1,185/65R14,Soluna,false
2003,toyota,soluna,1,185/65R14,Soluna,false
2019,toyota,supra,1,255/35R19 275/35R19,Supra | GR Supra | Grsupra,true
1999,toyota,tercel,1,155/80R13 175/70R13 185/60R14,Tercel,true
2025,toyota,venza,1,225/55R19,Venza,true
2000,toyota,vienta,1,195/65R15,Vienta,false
2017,toyota,vios-fs,1,185/65R14,Vios FS,false
2019,toyota,vios-fs,1,185/65R14,Vios FS,false
2020,toyota,vios-fs,1,185/65R14,Vios FS,false
2021,toyota,vios-fs,1,185/65R14,Vios FS,false
2022,toyota,vios-fs,1,185/65R14,Vios FS,false
2004,toyota,xa,1,195/65R15,XA | Scionxa,false
2005,toyota,xa,1,195/65R15,XA | Scionxa,false
2006,toyota,xa,1,195/65R15,XA | Scionxa,false
2007,toyota,xa,1,195/65R15,XA | Scionxa,false
2000,toyota,yaris,1,175/65R14,Yaris | Yaris Base/LE/XLE | Yaris /LE/XLE,true
2001,toyota,yaris,1,175/65R14 175/65R15,Yaris | Yaris Base/LE/XLE | Yaris /LE/XLE,true
2002,toyota,yaris,1,175/65R14 175/65R15,Yaris | Yaris Base/LE/XLE | Yaris /LE/XLE,true
2003,toyota,yaris,1,175/65R14 175/65R15,Yaris | Yaris Base/LE/XLE | Yaris /LE/XLE,true
2004,toyota,yaris,1,175/65R14 175/65R15,Yaris | Yaris Base/LE/XLE | Yaris /LE/XLE,true
2005,toyota,yaris,1,175/65R14 175/65R15,Yaris | Yaris Base/LE/XLE | Yaris /LE/XLE,true
2006,toyota,yaris,1,175/65R14 175/65R15,Yaris | Yaris Base/LE/XLE | Yaris /LE/XLE,true
2017,volkswagen,arteon,1,245/45R18 255/40R19 255/35R20,Arteon,true
2024,volkswagen,arteon,1,245/45R18 245/40R19 245/35R20,Arteon,true
2025,volkswagen,arteon,1,245/45R18 245/40R19 245/35R20,Arteon,true
2024,volkswagen,arteon-sr,1,225/45R18,Arteon | Arteon SR,true
2025,volkswagen,arteon-sr,1,225/45R18,Arteon | Arteon SR,true
2011,volkswagen,beetle,1,205/55R16 215/55R17 235/45R18,Beetle | Newbeetle,true
2004,volkswagen,eurovan,1,185/65R14,Eurovan,true
2007,volkswagen,golf,4,195/65R15 205/55R16 225/45R17,Golf | Golf S | Golf SE | Golf SEL,true
2008,volkswagen,golf,4,195/65R15 205/55R16 225/45R17,Golf | Golf S | Golf SE | Golf SEL,true
2009,volkswagen,golf,4,195/65R15 205/55R16 225/45R17,Golf | Golf S | Golf SE | Golf SEL,true
2022,volkswagen,golf,4,205/55R16 225/45R17 225/40R18,Golf | Golf S | Golf SE | Golf SEL,true
2023,volkswagen,golf,4,205/55R16 225/45R17 225/40R18,Golf | Golf S | Golf SE | Golf SEL,true
2024,volkswagen,golf,4,205/55R16 225/45R17 225/40R18,Golf | Golf S | Golf SE | Golf SEL,true
2025,volkswagen,golf,4,205/55R16 225/45R17 225/40R18,Golf | Golf S | Golf SE | Golf SEL,true
2026,volkswagen,golf,4,205/55R16 225/45R17 225/40R18,Golf | Golf S | Golf SE | Golf SEL,true
1990,volkswagen,gti,1,185/60R14,GTI | Golfgti,true
1991,volkswagen,gti,1,185/60R14,GTI | Golfgti,true
1992,volkswagen,gti,1,185/60R14 195/60R15,GTI | Golfgti,true
1993,volkswagen,gti,1,195/65R15,GTI | Golfgti,true
1994,volkswagen,gti,1,195/65R15,GTI | Golfgti,true
1995,volkswagen,gti,1,195/65R15,GTI | Golfgti,true
1996,volkswagen,gti,1,195/65R15,GTI | Golfgti,true
1997,volkswagen,gti,1,195/65R15,GTI | Golfgti,true
1998,volkswagen,gti,1,195/65R15,GTI | Golfgti,true
2000,volkswagen,gti,4,205/55R16 225/45R17 225/40R18,GTI | Golfgti | GTI Autobahn | GTI S | GTI SE,true
2001,volkswagen,gti,4,205/55R16 225/45R17 225/40R18,GTI | Golfgti | GTI Autobahn | GTI S | GTI SE,true
2002,volkswagen,gti,4,205/55R16 225/45R17 225/40R18,GTI | Golfgti | GTI Autobahn | GTI S | GTI SE,true
2003,volkswagen,gti,4,205/55R16 225/45R17 225/40R18,GTI | Golfgti | GTI Autobahn | GTI S | GTI SE,true
2004,volkswagen,gti,4,205/55R16 225/45R17 225/40R18,GTI | Golfgti | GTI Autobahn | GTI S | GTI SE,true
2005,volkswagen,gti,4,205/55R16 225/45R17 225/40R18,GTI | Golfgti | GTI Autobahn | GTI S | GTI SE,true
2020,volkswagen,id-4,1,235/55R19 255/45R20 255/40R21,ID.4 | ID-4 | ID 4 | ID4,false
2011,volkswagen,passat,1,215/55R16 235/45R17 235/40R18,Passat | Passat S/SE/SEL,true
2008,volkswagen,routan,1,225/65R16 225/65R17,Routan,true
2021,volvo,c40,1,235/50R19,C40 Recharge | C40,true
2025,volvo,c40,1,235/50R19,C40 Recharge | C40,true
2024,volvo,ec40,1,235/40R19,Ec40 | C 40,true
2026,volvo,ec40,1,235/40R19,Ec40 | C 40,true
2023,volvo,ex30,1,225/45R18,Ex30,true
2024,volvo,ex30,1,225/45R18,Ex30,true
2024,volvo,ex40,1,235/40R19,Ex40 | XC 40,true
2023,volvo,ex90,1,265/40R21,Ex90,true
2024,volvo,ex90,1,265/40R21,Ex90,true
2012,volvo,s40,1,205/55R16 205/50R17 215/45R18,S40,true
2016,volvo,s90,1,245/45R18 245/40R19 255/35R20,S90,true
2004,volvo,v50,1,215/50R17,V50,true
2012,volvo,v50,1,205/55R16 205/50R17 215/45R18,V50,true
2026,volvo,v60,1,235/45R17 235/40R18 235/40R19,V60,true
2016,volvo,v90,1,225/55R17 245/45R18 255/40R19 255/35R20 245/35R21,V90 | V90 D3,true
2017,volvo,v90,1,225/55R17 245/45R18 255/40R19 255/35R20 245/35R21,V90 | V90 D3,true
2022,volvo,v90,1,245/45R18 255/40R19 255/35R20 245/35R21 245/40R20,V90 | V90 B4 MHEV | V90 B4,true
2023,volvo,v90,1,245/45R18 255/40R19 255/35R20 245/35R21 245/40R20,V90 | V90 B4 MHEV | V90 B4,true
2024,volvo,v90,1,245/45R18 255/40R19 255/35R20 245/35R21 245/40R20,V90,true
2025,volvo,v90,1,245/45R18 255/40R19 255/35R20 245/35R21 245/40R20,V90,true
